7,U8355,2019-11-11 12:22:09,"{N8419,N15771,N1431,N5888,N18663,N24123,N22130,N20286,N32095,N46868,N55310,N31931,N34399,N42526,N64562,N12194,N23887,N56541,N59704,N30531,N60388,N8569,N38562,N47791,N157,N306,N30160,N41797,N47482,N2606,N20886,N47054,N64631,N3933,N40509}","{"'N51346"': "0","'N33848"': "0","'N15132"': "0","'N10688"': "0","'N6342"': "0","'N61359"': "0","'N7809"': "0","'N64397"': "0","'N27079"': "0","'N47149"': "0","'N39844"': "0","'N52585"': "0","'N58572"': "0","'N15830"': "0","'N41774"': "0","'N3697"': "0","'N33964"': "0","'N54988"': "0","'N47229"': "0","'N9271"': "0","'N63550"': "0","'N40530"': "0","'N14652"': "0","'N51896"': "0","'N57385"': "0","'N49375"': "0","'N21882"': "0","'N14780"': "0","'N58030"': "0","'N30108"': "0","'N26286"': "0","'N9139"': "0","'N21707"': "0","'N45456"': "0","'N21119"': "0","'N45616"': "0","'N47747"': "0","'N36712"': "0","'N26331"': "0","'N46882"': "0","'N21428"': "0","'N41881"': "0","'N43432"': "0","'N57987"': "0","'N26130"': "0","'N3541"': "0","'N18708"': "0","'N12800"': "0","'N44818"': "0","'N6379"': "0","'N49777"': "0","'N2952"': "0","'N61549"': "0","'N63273"': "0","'N42144"': "0","'N3474"': "0","'N35671"': "0","'N58710"': "0","'N24180"': "0","'N6099"': "0","'N35738"': "0","'N55204"': "1","'N46845"': "0","'N41172"': "0","'N5370"': "0","'N63319"': "0","'N39587"': "0","'N13816"': "0","'N13259"': "0","'N8061"': "0","'N51241"': "0","'N20811"': "0","'N51587"': "0","'N35737"': "0","'N22664"': "0","'N12028"': "0","'N64482"': "0","'N20018"': "0","'N4936"': "0","'N22442"': "0","'N53237"': "0","'N15260"': "0","'N53054"': "0","'N41578"': "0","'N58499"': "0","'N29715"': "0","'N40431"': "0","'N23254"': "0","'N23174"': "0","'N1914"': "0","'N10464"': "0","'N154"': "0","'N5075"': "0","'N36621"': "0","'N28983"': "0","'N56598"': "0","'N60826"': "0","'N40065"': "0","'N36933"': "0","'N40725"': "0","'N29128"': "0","'N38155"': "0","'N15855"': "0","'N21519"': "0","'N18698"': "0","'N24176"': "0","'N42961"': "0","'N53044"': "0","'N60272"': "0","'N61623"': "0","'N57713"': "0","'N14713"': "0","'N47067"': "0","'N29001"': "0","'N46751"': "0","'N32087"': "0","'N2"': "0","'N56517"': "0","'N32387"': "0","'N9240"': "0","'N7754"': "0","'N54482"': "0","'N26376"': "0","'N8957"': "0","'N53214"': "0","'N60858"': "0","'N3894"': "0","'N35272"': "0","'N48890"': "0","'N43299"': "0","'N59436"': "0","'N62688"': "0","'N63538"': "0","'N57368"': "0","'N555"': "0","'N47981"': "0","'N58410"': "0","'N25587"': "0","'N20954"': "0","'N59343"': "0","'N45723"': "0","'N43789"': "0","'N52622"': "0","'N46878"': "0","'N39461"': "0","'N12280"': "0","'N15761"': "0","'N30172"': "0","'N43502"': "0","'N6926"': "0","'N23081"': "0","'N24686"': "0","'N24550"': "0","'N45660"': "0","'N25437"': "0","'N22457"': "0","'N45270"': "0","'N43415"': "0","'N36545"': "0","'N7474"': "0","'N60872"': "0","'N36741"': "0","'N3506"': "0","'N46029"': "0","'N7128"': "0","'N59981"': "0","'N10754"': "0","'N23784"': "0","'N64542"': "0","'N55689"': "0","'N21840"': "0","'N43338"': "0","'N62212"': "0"}"
50,U38865,2019-11-14 12:37:34,"{N12733,N8316,N43295,N17953,N16317,N2994,N55108,N59237,N53526,N18012,N21383,N21623,N64777,N2665,N46987,N4020,N32089,N14724,N29940,N36808,N16451,N15034,N36699,N53074,N995,N40912,N55326,N36053,N30662,N37156,N30622,N37156,N20483,N7333,N60669,N25839,N43917,N55951,N5828,N22519,N22344,N61018,N46372,N20857,N37915,N25158,N34824,N35560,N30353,N1080,N47289,N42079,N58264,N35295,N28313,N10414,N9003,N15587,N54842,N23864,N55059,N56889,N28088,N59118,N13081,N17589,N15676,N23771}","{"'N3243"': "0","'N18529"': "0","'N496"': "0","'N18151"': "1","'N6837"': "0","'N19661"': "0","'N23767"': "0","'N1539"': "0","'N50872"': "0","'N57032"': "0","'N41387"': "0","'N18531"': "0","'N41432"': "0","'N29212"': "0","'N45523"': "0","'N38779"': "0","'N6477"': "0","'N42698"': "0","'N34185"': "0","'N53515"': "0","'N36226"': "0","'N55913"': "0","'N44698"': "0","'N4975"': "0","'N25165"': "0","'N62318"': "0","'N23446"': "0"}"
62,U53276,2019-11-14 06:47:50,"{N55189,N16233,N51706,N15034,N10865,N60000,N501,N27408,N30434,N40716,N16715,N16715,N13374,N42620,N22997,N8148,N29857,N39979}","{"'N17231"': "0","'N64174"': "0","'N5652"': "0","'N4021"': "0","'N17115"': "0","'N45509"': "0","'N42457"': "0","'N23446"': "0","'N64305"': "0","'N33576"': "0","'N13981"': "0","'N36016"': "0","'N38215"': "0","'N47098"': "0","'N39683"': "0","'N50014"': "0","'N11551"': "0","'N59407"': "0","'N60272"': "0","'N54752"': "0","'N36226"': "0","'N16419"': "0","'N57081"': "0","'N59138"': "0","'N16844"': "0","'N50592"': "0","'N61483"': "0","'N48077"': "0","'N11817"': "0","'N51570"': "0","'N41165"': "1","'N48017"': "0","'N23877"': "0","'N60895"': "0","'N4404"': "0","'N38404"': "0","'N49712"': "0","'N46821"': "0","'N58569"': "0","'N3745"': "0","'N59495"': "0","'N14436"': "0","'N60550"': "0","'N16777"': "0","'N48416"': "0","'N54491"': "0","'N10552"': "0","'N39446"': "0","'N64412"': "0","'N16439"': "0","'N50872"': "0","'N4156"': "0","'N7670"': "0","'N8015"': "0","'N38779"': "0","'N58660"': "0","'N51195"': "0","'N40109"': "0","'N29739"': "0","'N61404"': "0","'N62894"': "0","'N10960"': "0"}"
63,U54128,2019-11-09 11:15:46,"{N36517,N19644,N58067,N28952,N37844,N17211,N23979,N1954,N23912,N19644,N30738,N36722,N25003,N59090,N51057,N39816,N1150,N35009,N13505,N10099,N59090,N13233,N53125,N54253,N31737,N59506,N22990,N43265,N38176,N21510,N22990,N6233,N63260,N60949,N33617,N33458,N6233,N51706,N40874,N57537,N15218,N23620,N23986,N63405,N51167,N50538,N20121,N18242,N32098,N44547,N53538,N6835,N8619,N24691,N23136,N50455,N54267,N4804,N15444,N51136,N4355,N49531,N50455,N5861,N49223,N19638,N15848,N35395,N33200,N63314,N26398,N24294,N22052,N50578,N21559,N58891,N28236,N9899,N35519,N12575,N59026,N8275,N61534,N7738,N13508,N56566,N9641,N32867,N11042,N38298,N1267,N28538,N15337,N48553,N30114,N46280,N17102,N2258,N56514,N43761,N39235,N61005,N49731,N23163,N51712,N12859,N12096,N59763,N64775,N14548,N23887,N14514,N61114,N16225,N43524,N45794,N55051,N55727,N56922,N23653,N36230,N1208,N53973,N58783,N11477,N32971,N12755,N64819,N14580,N40493,N2576,N20259,N13362,N34904,N41439,N45093,N10749,N48325,N13569,N29453,N7780,N48888,N47020,N40692,N27491,N33764,N35409,N22787,N38546,N3149,N41156,N35624,N29955,N62875,N57278,N17811,N43673,N42291,N56753,N26683,N13374,N60184,N52506,N38155,N63167,N9441,N63469,N39101,N46011,N9441,N41589,N23614,N34152,N45330,N40944,N37131,N20547,N19386,N63582,N62231,N2679,N11231,N47655,N64163,N9114,N10156,N34113,N53049,N28812,N48742,N42986,N11345,N8148,N20607,N5418,N24830,N16308,N44357,N58731,N35305,N35671,N28320,N9537,N62268,N14512,N3900,N57238,N60670,N20020,N8170,N28858,N11831,N37764,N14296,N39289,N3491}","{"'N27708"': "0","'N65088"': "0","'N33981"': "0","'N36865"': "0","'N33347"': "0","'N349"': "0","'N36086"': "0","'N43083"': "0","'N3590"': "0","'N13580"': "0","'N11513"': "0","'N42028"': "0","'N25764"': "0","'N63697"': "0","'N61074"': "0","'N59852"': "0","'N50314"': "0","'N37377"': "0","'N56396"': "0","'N48015"': "0","'N37009"': "0","'N35305"': "0","'N50329"': "0","'N7128"': "0","'N50389"': "0","'N52000"': "0","'N53431"': "0","'N41881"': "0","'N12831"': "0","'N47851"': "0","'N55645"': "0","'N20926"': "0","'N26702"': "0","'N53017"': "0","'N36683"': "0","'N25467"': "1","'N12168"': "0","'N40342"': "0"}"
117,U73145,2019-11-11 12:24:31,"{N21577,N32808,N25908,N45395,N63875,N25008,N38963,N60559,N46759,N58936,N47069,N44251,N56586,N49469,N19620,N26642,N33454,N17243,N13180,N356,N18077,N4020,N16868,N3926,N44361,N33969,N54581,N57886,N1333,N64777,N60098,N29769,N20769,N46990,N4705,N22649,N1066,N60587,N37942,N17990,N20483,N59156,N57551,N5663,N26718,N5828,N36312,N1825,N16658,N370,N63864,N6632,N14801,N46125,N38488,N55051,N62479,N19823,N51232,N19594,N63411,N20857,N34824,N36780,N13693,N45954,N31709,N10417,N10414,N25677,N55743,N56399,N40526,N39520,N33921,N30110,N48076,N9120,N26544,N54842,N63302,N54226,N306,N52382,N44551,N64512,N63779,N58232,N58232,N13081,N21118,N23106,N12254,N174,N32591,N23518,N53948,N43955,N19660,N3122,N14742,N25582,N58102,N33013,N47686,N12732,N23431,N53043,N31381,N53436,N31381,N24075,N54077,N24261,N55449,N16043,N53017,N17340,N26319}","{"'N36712"': "0","'N40725"': "0","'N2823"': "0","'N26331"': "0","'N35172"': "0","'N53054"': "0","'N34534"': "0","'N42694"': "0","'N63319"': "0","'N6056"': "0","'N55689"': "0","'N47981"': "0","'N41578"': "0","'N45616"': "0","'N36621"': "0","'N10688"': "0","'N8957"': "1","'N59981"': "0","'N52622"': "0","'N63538"': "0","'N22457"': "1","'N52294"': "0","'N46845"': "0","'N59761"': "0","'N64397"': "0","'N26262"': "0","'N48890"': "0","'N6099"': "0","'N54988"': "0","'N15855"': "0","'N21707"': "0","'N55204"': "0","'N64811"': "0","'N45270"': "0","'N154"': "0","'N43502"': "0","'N56137"': "0","'N42961"': "0","'N60186"': "0","'N23008"': "0","'N10464"': "0","'N57713"': "0"}"
145,U74754,2019-11-14 05:56:04,"{N10815,N4614,N64408,N13679,N13679,N39647,N48582,N7563,N56447,N26727,N36699,N26837,N19741,N941,N10989,N30867,N21019,N21202,N9803,N62545,N9891,N22161,N45994,N47404,N16030,N56472,N47173,N13157,N60253,N14452,N7172,N56913,N39670,N21881,N63161,N35492,N33013,N64515,N17109,N7328,N31602,N11020,N32555,N37889}","{"'N51570"': "0","'N7670"': "0","'N38404"': "1","'N51195"': "0","'N48875"': "0","'N47346"': "0","'N60550"': "0","'N38215"': "0","'N49712"': "0","'N50592"': "0","'N36226"': "0","'N55325"': "0","'N60272"': "0","'N37348"': "0","'N19915"': "0","'N30071"': "0","'N16439"': "0","'N33576"': "0","'N1410"': "0","'N60858"': "0","'N36016"': "0","'N3894"': "0","'N31448"': "0","'N23877"': "0","'N55555"': "0","'N7618"': "0","'N50872"': "0","'N35387"': "0","'N63174"': "0","'N53875"': "0","'N56711"': "0","'N48017"': "0","'N32854"': "0","'N40109"': "0","'N38779"': "0","'N3167"': "0","'N57368"': "0","'N23814"': "0","'N23446"': "0","'N59407"': "0","'N3745"': "0"}"
151,U338,2019-11-12 12:24:02,"{N10059,N4020,N39117,N12907,N12367,N64730,N1505,N47020,N41899,N31801,N11005,N42330,N32705,N8148}","{"'N60105"': "0","'N40539"': "0","'N55606"': "0","'N962"': "0","'N36850"': "0","'N25624"': "0","'N17195"': "0","'N397"': "0","'N54125"': "1","'N834"': "0","'N36436"': "0","'N2823"': "0","'N8399"': "0","'N1644"': "0","'N23060"': "0","'N62360"': "0","'N47412"': "0","'N7470"': "0","'N39537"': "0","'N57754"': "0","'N23593"': "0","'N34977"': "0","'N34110"': "0","'N926"': "0","'N32789"': "0","'N57426"': "0","'N22407"': "0","'N58155"': "0","'N51285"': "0","'N62386"': "0","'N31978"': "0","'N33883"': "0","'N21402"': "0","'N4635"': "0","'N61397"': "0","'N61408"': "0","'N16314"': "0","'N29468"': "0","'N32544"': "0","'N23547"': "0","'N50688"': "0","'N30920"': "0","'N11817"': "0","'N48324"': "0","'N22825"': "0","'N33425"': "0","'N61822"': "0","'N19092"': "0","'N7462"': "0","'N45551"': "0","'N15654"': "0","'N9719"': "0","'N28495"': "0","'N41020"': "0","'N34998"': "0","'N22339"': "0","'N42634"': "0","'N61497"': "0","'N57327"': "0","'N3123"': "0","'N32589"': "0","'N31029"': "0","'N11793"': "0","'N6929"': "0","'N55950"': "0","'N3748"': "0","'N27289"': "0","'N30088"': "0","'N53084"': "0","'N27932"': "0","'N7821"': "0","'N50508"': "0","'N40839"': "0","'N3344"': "0","'N21753"': "0","'N17069"': "0","'N24607"': "0","'N32010"': "0","'N36050"': "0","'N18406"': "0","'N44422"': "0","'N27560"': "0","'N6458"': "0","'N34657"': "0","'N49487"': "0","'N33755"': "0","'N41354"': "0","'N26376"': "0","'N15315"': "0","'N1767"': "0","'N63970"': "0","'N49180"': "0","'N13974"': "0","'N61623"': "0","'N61760"': "0","'N17031"': "0","'N32182"': "0","'N58363"': "0","'N16096"': "0","'N18708"': "0","'N6056"': "0","'N30475"': "0","'N58171"': "0","'N60272"': "0","'N5370"': "0","'N357"': "0","'N1940"': "0","'N9139"': "0","'N57319"': "0","'N10061"': "0"}"
195,U19208,2019-11-11 15:57:34,"{}","{"'N23414"': "1","'N52474"': "0","'N6099"': "0","'N5980"': "0","'N1914"': "0"}"
196,U20995,2019-11-11 13:50:07,"{N64727,N44018,N61864,N19760,N5163,N44251,N55189,N14340,N986,N12907,N28296,N57737,N19861,N56742,N33969,N34694,N62055,N8502,N27235,N63741,N60933,N32447,N55701,N20840,N20769,N25577,N48517,N55337,N15253,N7004,N17854,N49061,N13137,N14414,N63429,N17748,N46392,N45794,N45072,N59704,N35022,N48263,N35022,N40716,N34536,N56922,N56148,N47020,N16715,N57967,N16715,N26265,N54449,N6655,N6655,N18445,N58580,N8448,N56148,N29594,N13374,N30163,N24591,N42025,N52536,N45829,N17046,N13912,N28088,N2231,N56922,N38961,N30163,N2937,N26122,N4472,N64819,N55556,N51464,N60895,N28981,N48477,N24591,N48356,N62009,N23401,N19473,N47020,N57768,N18708}","{"'N46029"': "0","'N50389"': "0","'N18708"': "0","'N43502"': "1","'N15855"': "0","'N54988"': "0","'N55204"': "0","'N53585"': "0","'N42961"': "0","'N8957"': "0","'N61648"': "0","'N48578"': "0","'N61623"': "0","'N55689"': "0","'N10688"': "0","'N2350"': "0","'N40725"': "0","'N22221"': "0","'N48015"': "0","'N16342"': "0","'N52622"': "0","'N39765"': "0","'N38662"': "0","'N34724"': "0","'N64009"': "0","'N7128"': "0","'N20954"': "0","'N33964"': "0","'N2823"': "0","'N63538"': "0","'N154"': "0","'N57957"': "1","'N54482"': "0","'N6099"': "0","'N19542"': "0","'N23414"': "0","'N30998"': "0"}"
200,U24856,2019-11-10 17:46:08,"{N15029,N12613,N17684,N59359,N26713,N36478}","{"'N17104"': "0","'N32240"': "0","'N45159"': "1","'N26952"': "0","'N49879"': "0","'N20816"': "0","'N26130"': "0","'N12767"': "0","'N35729"': "1","'N2869"': "0","'N42614"': "0","'N32030"': "0","'N15931"': "0","'N49354"': "0","'N63478"': "0","'N1951"': "0","'N24171"': "0","'N28773"': "0","'N47889"': "0"}"
215,U39701,2019-11-11 13:20:57,"{N24827,N62931,N62233,N14734,N39556,N22279,N51591,N42612,N39481,N44018,N61490,N20288,N62325,N33513,N5153,N31268,N56253,N55846,N5962,N2665,N44251,N4304,N58226,N26242,N55846,N60698,N64952,N14212,N64908,N15771,N31983,N13008,N11917,N55189,N21383,N64777,N55189,N30665,N6511,N21117,N38118,N21771,N28818,N2083,N14644,N2203,N42458,N60413,N51226,N10078,N871,N25889,N58957,N19591,N871,N8082,N5056,N25113,N54103,N65123,N16233,N2745,N9165,N34721,N27464,N65169,N48582,N59762,N4020,N51706,N20121,N34694,N46527,N64634,N43635,N51317,N35218,N24691,N51569,N20840,N37859,N63554,N15848,N51248,N34694,N42833,N57582,N59026,N57728,N6156,N61319,N16636,N46826,N38298,N21012,N23689,N30867,N39235,N15253,N38298,N12098,N29523,N9955,N45794,N9412,N33976,N46392,N38046,N26984,N60730,N29207,N51396,N8834,N46392,N12327,N59704,N477,N49758,N21576,N3309,N15922,N22614,N23653,N16617,N51162,N58841,N50748,N8667,N24689,N42470,N30247,N39677,N42025,N54449,N6655,N46259,N59359,N41197,N62875,N43945,N6655,N4255,N23554,N55922,N57812,N51184,N11745,N42394,N60184,N61342,N13374,N5938,N26176,N38701,N29522,N10414,N63642,N49134,N11005,N38701,N54225,N40640,N43142,N18587,N31248,N35710,N28088,N1200,N55556,N19748,N22270,N29802,N23105,N27526,N14761,N38105,N9674,N48699,N6102,N35554,N26364,N8277,N11804,N14908,N3933,N60985,N18870,N8258,N22976,N60212,N32004,N4607,N20392,N52136,N38488,N45088,N35074,N28803,N10867,N13636,N47556,N49040,N31172,N40171,N6218,N10867,N64273,N46811,N8855,N1702,N26091}","{"'N38662"': "0","'N55689"': "0","'N55204"': "0","'N13930"': "1"}"
217,U58864,2019-11-12 10:48:53,"{N15745,N28834,N27448,N23582,N44237,N6023,N17102,N28130,N32069,N21356,N51891,N36883,N56469,N20824}","{"'N11817"': "0","'N56243"': "0","'N21741"': "0","'N14674"': "0","'N15315"': "0","'N52180"': "0","'N25124"': "0","'N27932"': "0","'N55309"': "0","'N3663"': "0","'N16166"': "0","'N62386"': "0","'N3344"': "0","'N63970"': "0","'N54125"': "0","'N61822"': "0","'N17069"': "0","'N16096"': "0","'N52122"': "0","'N926"': "0","'N43102"': "0","'N32544"': "0","'N31947"': "0","'N61408"': "0","'N32589"': "0","'N61497"': "0","'N31978"': "0","'N16291"': "0","'N64152"': "0","'N962"': "0","'N45551"': "0","'N62360"': "0","'N11138"': "0","'N55281"': "0","'N60272"': "0","'N33619"': "0","'N17168"': "0","'N23547"': "0","'N19075"': "0","'N17195"': "1","'N64734"': "0","'N38309"': "0","'N10333"': "0","'N34998"': "0","'N22457"': "0","'N357"': "0","'N49487"': "0","'N41354"': "0","'N19318"': "0","'N33677"': "0","'N3123"': "0"}"
234,U35110,2019-11-12 08:49:35,"{N31224,N30708,N56037,N3500,N9328,N41420,N33358,N55189,N32585,N3345,N36759,N19741,N20039,N54793,N33617,N33998,N44586,N56742,N23136,N52589,N53052,N29523,N43955,N57784,N32402,N54711,N50829,N3057,N23157,N697,N653,N27644,N28550,N42958,N35560,N14697,N41687,N12128,N62659,N64554,N34140,N12712,N29358,N60895,N54225,N52257,N45713,N1167,N2283,N60607,N306,N64467,N5325,N62009,N50664,N23401,N54522,N32573,N7943,N60985,N42846,N2078,N19660,N55620,N19204,N29026,N59923,N254,N296,N62211,N3566,N34167,N18870,N36053,N59839}","{"'N31370"': "0","'N50688"': "0","'N2869"': "0","'N20043"': "0","'N24176"': "0","'N47412"': "0","'N357"': "0","'N42853"': "0","'N21036"': "1","'N7319"': "0","'N11768"': "0","'N33677"': "0","'N22825"': "0","'N30088"': "0","'N64152"': "0","'N34657"': "0","'N31978"': "0","'N30475"': "0","'N52122"': "0","'N3123"': "0","'N41220"': "0","'N61408"': "0","'N24111"': "0","'N22457"': "0","'N6056"': "0","'N32589"': "1","'N36049"': "0","'N56243"': "0","'N52752"': "0","'N43368"': "0","'N11856"': "0","'N58363"': "0","'N50675"': "0","'N63970"': "0","'N17571"': "0","'N21753"': "0","'N61397"': "0","'N55281"': "0","'N19318"': "0","'N63154"': "0","'N38263"': "0","'N9719"': "0","'N32010"': "0","'N57844"': "0","'N14184"': "0","'N12523"': "0","'N61404"': "0","'N62360"': "0"}"
274,U50993,2019-11-11 00:09:48,"{N54359,N55846,N55189,N47485,N6233,N119,N37331,N54581,N45824,N11101,N56514,N35488,N57031,N53531,N18004,N50126,N53033,N58641,N7098,N31687,N5978,N250,N31402,N49699,N36811,N6466,N1258,N9803,N58841,N46994,N4255,N56753,N55743,N11005,N61605,N36386,N47719,N41375,N1218,N56199,N1218,N9192,N44732,N20013,N28182,N49886,N11231,N47020,N46818,N48540,N46473,N10231,N20136,N22816,N16016,N57768}","{"'N43309"': "0","'N29128"': "0","'N1920"': "0","'N18613"': "0","'N43073"': "0","'N37332"': "1","'N24686"': "0","'N54161"': "0","'N19438"': "0","'N4912"': "0","'N16809"': "0","'N18870"': "0","'N5497"': "0","'N53017"': "0","'N18340"': "0","'N48759"': "0","'N28047"': "0","'N13341"': "0","'N17104"': "0","'N26130"': "0","'N40495"': "0","'N61623"': "0","'N50060"': "0","'N31273"': "0","'N35738"': "0","'N27581"': "0","'N63646"': "0","'N3506"': "0","'N35729"': "0","'N15435"': "0","'N9475"': "0","'N45375"': "0","'N11830"': "0","'N44176"': "0","'N27486"': "0","'N56227"': "0","'N51764"': "0","'N16280"': "0","'N37533"': "0","'N13051"': "0","'N5370"': "0","'N45561"': "0","'N33985"': "0","'N6926"': "0","'N64542"': "0","'N55492"': "0","'N53318"': "0","'N7104"': "0","'N41842"': "0","'N49685"': "0","'N22664"': "0","'N33981"': "0","'N56193"': "0","'N58166"': "0","'N14329"': "0","'N5288"': "0"}"
298,U84681,2019-11-12 10:51:39,"{N47441,N47358,N60559,N45877,N980,N7563,N63499,N48544,N28688,N26664,N29760,N19594,N8572,N23130,N44889,N49568,N18526,N39577,N9142,N16017,N47742,N61678,N63916,N8448,N6734,N6445,N14761,N55190,N30209}","{"'N31370"': "0","'N30218"': "0","'N46838"': "0","'N43502"': "1","'N7470"': "0","'N61074"': "0"}"
342,U80599,2019-11-11 01:02:06,"{N17933,N19736,N12900,N54359,N61864,N40811,N29597,N43959,N12291,N60206,N41089,N56152,N38929,N16695,N43295,N33617,N61103,N57737,N51852,N62705,N20039,N56742,N9653,N49481,N22344,N58715,N46920,N26392,N58615,N28691,N46082,N58641,N139,N55148,N62904,N46091,N39235,N12096,N54936,N35920,N46392,N27109,N46392,N33976,N35022,N9120,N8572,N5499,N18939,N36019,N31075,N27529,N60699,N22614,N50671,N6466,N52497,N2663,N57801,N25905,N59445,N16617,N16617,N55043,N32747,N35922,N20613,N2192,N52361,N20857,N45042,N18526,N14697,N47020,N51015,N64554,N34824,N12349,N50370,N20214,N57812,N46750,N20214,N26176,N29522,N56514,N52257,N25761,N23614,N45828,N31735,N63779,N14827,N47719,N22705,N47127,N28088,N13935,N60094,N53130,N42620,N14761,N5896,N1843,N27631,N13429,N52117,N57399,N3091,N38105,N47020,N2511,N49475,N19660,N4717,N35813,N18870,N13153,N47020,N56527,N19678,N3566,N47020,N49040,N8148,N38597,N21970,N16016,N56469,N3491,N3894}","{"'N35729"': "0","'N56193"': "1"}"
430,U92339,2019-11-12 06:20:16,"{N38118,N34004,N19591,N2794,N39117,N57737,N12801,N23907,N12096,N17740,N38991,N46392,N59704,N9798,N54827,N57128,N53930,N18588,N45954,N8952,N306,N58823,N15765,N11246,N8258,N60702,N39187,N33981}","{"'N59761"': "0","'N20041"': "0","'N53012"': "0","'N62395"': "0","'N28188"': "0","'N61962"': "0","'N31504"': "0","'N11929"': "0","'N31947"': "0","'N23008"': "0","'N7927"': "0","'N14780"': "1","'N14184"': "0","'N22442"': "0","'N24207"': "0","'N4985"': "0","'N7319"': "0","'N59713"': "0","'N51187"': "0","'N52294"': "0","'N30475"': "0","'N44299"': "0","'N64152"': "0","'N31978"': "0","'N63154"': "1","'N57459"': "0","'N17106"': "0","'N20527"': "0","'N28327"': "0","'N32544"': "0","'N6056"': "0","'N60186"': "0","'N30088"': "0","'N45016"': "0","'N36789"': "0","'N50675"': "0","'N23547"': "0","'N21"': "0","'N57535"': "0","'N16533"': "0","'N41387"': "0","'N26376"': "0","'N60105"': "0","'N43519"': "0","'N47578"': "0","'N39949"': "0","'N63390"': "0","'N49180"': "0","'N25722"': "0","'N52944"': "0","'N52773"': "0","'N33619"': "0","'N61760"': "0","'N37908"': "0"}"
431,U59869,2019-11-09 16:02:28,"{N55829,N12900,N28834,N30708,N3500,N33621,N63121,N13505,N51323,N31952,N3682,N51574,N16834,N16874,N33247,N6233,N44361,N43725,N24187,N12676,N9803,N5183,N32836,N37485,N41375,N43142,N42267,N21817,N33898,N12349,N22562,N37038,N21778,N4486,N49400,N27526,N27454,N52551,N8258,N21317,N14417,N3045,N45185,N90,N47904,N12427,N50710,N2003,N51983,N54536,N13636,N46811,N28257,N51379,N28257,N47196,N34640,N42336,N48925,N48925,N25785,N16710}","{"'N20549"': "0","'N37394"': "0","'N43595"': "0","'N55380"': "0","'N19911"': "0","'N18870"': "0","'N51398"': "0","'N5442"': "0","'N50376"': "0","'N53017"': "0","'N26721"': "0","'N26376"': "0","'N32846"': "0","'N8929"': "0","'N6658"': "0","'N43492"': "0","'N28413"': "0","'N36752"': "0","'N3930"': "0","'N59852"': "0","'N14780"': "1","'N60374"': "0","'N20281"': "0","'N47020"': "0","'N26286"': "0","'N732"': "0","'N23548"': "0","'N55743"': "0","'N41881"': "0","'N45211"': "0","'N48958"': "0","'N39115"': "0","'N65088"': "0","'N55052"': "0","'N50389"': "0","'N12579"': "0"}"
432,U15586,2019-11-12 14:42:22,"{N2814,N62002,N64074,N2899,N46868,N27644,N54589,N16143,N7171,N25699,N46195,N51396,N45794,N45610,N58264,N37047,N11116,N4255,N43924,N28926,N32836,N63302,N10919,N54655,N7132,N64467,N43142,N41375,N19716,N11246,N2912,N8277,N22929,N64405,N62209,N51376,N25870,N3933,N46655,N56665,N31213,N43043,N58837,N22471,N14522,N33981,N2735}","{"'N64851"': "0","'N46607"': "0","'N58363"': "0","'N39317"': "0","'N63970"': "0","'N12493"': "1","'N40839"': "0"}"
443,U79549,2019-11-12 16:16:16,"{N51591,N11461,N11056,N60833,N21242,N16566,N17211,N42937,N40736,N1150,N14115,N55468,N50074,N53387,N14343,N29021,N21746,N42517,N28467,N43134,N65201,N37563,N10646,N56499,N31177,N33247,N8269,N14340,N41089,N54420,N45189,N49702,N22007,N60485,N31193,N23890,N8845,N62055,N145,N41899,N22081,N50052,N7158,N60120,N21331,N59085,N59691,N27529,N9431,N10781,N13978,N41082,N2663,N39517,N28550,N7825,N21389,N14801,N56922,N38168,N32485,N9041,N33191,N36389,N53883,N18890,N35560,N26288,N30353,N47544,N54449,N42057,N24591,N64790,N4255,N30967,N17271,N4647,N30845,N12979,N57528,N52257,N8623,N27919,N44885,N10559,N10525,N42274,N24184,N64118,N48356,N64482,N64093,N1216,N54522,N46744,N31064,N10065,N20882,N61940,N3433,N10052,N61368,N61664,N60054,N35601,N28444,N90,N1345,N40817,N47889,N20607,N64249,N4338,N4157,N46026,N22381,N5579,N21145,N2137,N59788,N56469,N62268,N37889,N5374,N7364,N3449,N37377,N18708}","{"'N37058"': "0","'N20678"': "0","'N31978"': "0","'N27601"': "0","'N19973"': "0","'N19924"': "0","'N34081"': "0","'N48046"': "0","'N36184"': "0","'N5146"': "0","'N33885"': "1","'N45313"': "0"}"
508,U3394,2019-11-11 04:30:02,"{N459,N52473,N40811,N42989,N2415,N47558,N59231,N6233,N29808,N64408,N54959,N63332,N44495,N7650,N19411,N58641,N25113,N20039,N16965,N25113,N3680,N62396,N22772,N19638,N39498,N57680,N63210,N35519,N27644,N49809,N32939,N52995,N54889,N49528,N18693,N1902,N39374,N59691,N34904,N7818,N15634,N31663,N53216,N4285,N11116,N15630,N12894,N50030,N42526,N40467,N27759,N6932,N32313,N64541,N6484,N3045,N58722,N40070,N63656,N61249,N11323,N21895,N40070,N32742,N61708,N8331,N10671,N63779,N39670,N28992,N7898,N8143,N8448,N13138,N54522,N21778,N6419,N1848,N24616,N49400,N90,N19660,N2201,N4607,N4607,N55911,N55897,N59143,N14938,N49023,N6007,N44278,N59574,N34167,N15023,N31599,N41244,N38522,N26319,N26179,N40171,N15393,N62853,N8519,N46845,N50135,N30295,N52433,N23784,N13423}","{"'N48759"': "0","'N12042"': "0","'N56193"': "0","'N62570"': "0","'N4912"': "0","'N30188"': "0","'N28047"': "0","'N35729"': "0","'N9475"': "0","'N26179"': "1","'N64542"': "0","'N33848"': "0","'N50469"': "0","'N25414"': "0","'N31273"': "0","'N36712"': "0","'N53318"': "0","'N49685"': "0","'N27581"': "0","'N24686"': "0","'N45964"': "0"}"
516,U8896,2019-11-13 09:11:24,"{N8485,N41252,N27448,N6167,N9824,N45729,N29965,N21302,N49469,N39823,N56447,N36751,N31057,N36751,N30974,N46023,N56630,N33976,N46513,N62634,N54827,N58185,N26109,N63229,N2663,N30967,N56537,N61388,N58090,N25316,N19028,N55277,N54101,N11198,N24145,N59691,N53834,N55000,N55922,N48592,N11005,N18285,N25686,N24243,N43348,N53846,N4777,N306,N4526,N36443,N52840,N2008,N20886,N26682,N42620,N50596,N35877,N11160,N33446,N51464,N48356,N23401,N24593,N27030,N58724,N4559,N49492,N10602,N62052,N64536,N25785}","{"'N22417"': "0","'N14592"': "0","'N50415"': "0","'N63106"': "0","'N35958"': "0","'N9623"': "0","'N13981"': "0","'N48832"': "0","'N3745"': "0","'N4913"': "0","'N29254"': "0","'N37753"': "0","'N36660"': "0","'N33501"': "0","'N59407"': "0","'N38211"': "0","'N41511"': "0","'N34876"': "0","'N38808"': "0","'N15719"': "0","'N287"': "0","'N47061"': "0","'N59673"': "0","'N49491"': "1","'N36186"': "0","'N50601"': "0","'N51048"': "0","'N50381"': "0","'N4598"': "0","'N13907"': "0","'N38695"': "0","'N64094"': "0","'N7431"': "0","'N51195"': "0","'N63796"': "0","'N11408"': "0","'N61571"': "0","'N46279"': "0","'N45509"': "0","'N21420"': "0","'N45266"': "0","'N61032"': "0","'N50138"': "0","'N64305"': "0","'N23081"': "0"}"
547,U38799,2019-11-14 07:38:03,"{N59469,N30733,N61203,N22644,N2094,N57677,N16344}","{"'N22257"': "0","'N8595"': "0","'N60550"': "0","'N31679"': "0","'N16439"': "1","'N11940"': "0","'N23805"': "0","'N496"': "0","'N16419"': "0","'N40210"': "0","'N40109"': "0","'N36003"': "0","'N38215"': "0","'N10552"': "0"}"
568,U205,2019-11-11 07:33:14,"{N29177,N871,N49745,N20121,N59704,N35022,N19636,N32312,N23653,N10414,N34287,N306,N23718,N58232,N32498,N48742,N40442,N20575,N8148,N46884,N28257}","{"'N35729"': "0","'N42961"': "0","'N55689"': "1","'N27581"': "0"}"
589,U41642,2019-11-13 05:12:27,"{N16496,N548,N38963,N33209,N11264,N36920,N27448,N41573,N14644,N10078,N23669,N44559,N28296,N34997,N7127,N4020,N4020,N42308,N4214,N57168,N20121,N33276,N46990,N61534,N43807,N36551,N7242,N39235,N20483,N38298,N37942,N18681,N47090,N25488,N15317,N60000,N13137,N42526,N59289,N37915,N10347,N51814,N31225,N34574,N264,N51692,N564,N51053,N39374,N27320,N13925,N39930,N19636,N25551,N54827,N63258,N30967,N53883,N61388,N58090,N52385,N26900,N55043,N4696,N17050,N58538,N10836,N8448,N24591,N55743,N45954,N10417,N39520,N29522,N28074,N31165,N14966,N52257,N60360,N30612,N26026,N37225,N53872,N13716,N42620,N14191,N13138,N44110,N38256,N38105,N23239,N6616,N60895,N21460,N33013,N48610,N25582,N63823,N14349,N49023,N26319}","{"'N27314"': "0","'N45266"': "0","'N61023"': "0","'N47061"': "1"}"
629,U52729,2019-11-12 19:15:06,"{N60303,N26567,N19743,N26501,N49951,N55846,N25436,N51664,N49745,N57255,N23790,N35218,N59190,N47525,N24274,N28691,N54103,N59026,N51396,N8834,N58090,N52361,N7699,N22787,N64554,N8446,N55922,N17895,N20708,N42394,N38701,N4052,N306,N1841,N4526,N47482,N26012,N47719,N42620,N2363,N28290,N51020,N11415,N61664,N27526,N63855,N11653,N47020,N60543,N5960,N60212,N23118,N9317,N21970,N16016,N56154,N59931,N63697}","{"'N12029"': "0","'N33677"': "0","'N42977"': "0","'N33885"': "0","'N17059"': "0","'N7821"': "1","'N20678"': "0"}"
651,U62772,2019-11-14 07:21:03,"{N45941,N30344,N6817,N27448,N6974,N5547,N49223,N47525,N47170,N36759,N17732,N35022,N54827,N52497,N16715,N16715,N28058,N15933,N21336,N30160,N58078,N47719,N14452,N14689,N38256,N55556,N23901,N11231,N37897,N1864,N47686,N35793,N64273,N6767}","{"'N53470"': "0","'N38138"': "0","'N37673"': "0","'N31679"': "0","'N60550"': "0","'N16844"': "0","'N23877"': "0","'N50592"': "0","'N57081"': "0","'N48416"': "0","'N16439"': "0","'N14436"': "0","'N64305"': "0","'N47098"': "0","'N40109"': "0","'N39005"': "0","'N11817"': "0","'N49712"': "0","'N51570"': "0","'N44249"': "0","'N36226"': "1","'N13005"': "0","'N45509"': "0","'N47346"': "0","'N39683"': "0","'N10960"': "0","'N8015"': "0","'N38779"': "1","'N17115"': "0","'N59495"': "0","'N64174"': "0","'N10616"': "0","'N47576"': "0","'N60161"': "0","'N3167"': "0","'N23446"': "1","'N16777"': "0","'N46821"': "0","'N5364"': "0","'N4021"': "0","'N48017"': "0","'N29739"': "0","'N56711"': "0","'N58660"': "0","'N43275"': "0","'N50872"': "0"}"
668,U12127,2019-11-14 04:35:17,"{N10865,N5978,N44396,N9803,N35450,N1403,N29641,N41375,N51330,N40509}","{"'N8015"': "1","'N64174"': "0"}"
730,U89827,2019-11-14 09:26:34,"{N14058,N1569,N39041,N49745,N16874,N16695,N27167,N16233,N2745,N6233,N39117,N51706,N13480,N21628,N56742,N23119,N13137,N25351,N12327,N32312,N5978,N40716,N45954,N48643,N61342,N19347,N11005,N306,N4526,N37131,N60491,N52500,N41375,N43142,N8448,N42620,N9674,N19495,N48715,N3259,N46795,N51992,N61972,N41218,N10470,N51983,N41449}","{"'N29212"': "0","'N4404"': "0","'N47570"': "0","'N44698"': "0","'N6477"': "0","'N38779"': "0","'N33831"': "0","'N58301"': "0","'N47098"': "0","'N45509"': "0","'N48017"': "0","'N36226"': "0","'N1539"': "0","'N9135"': "0","'N4021"': "0","'N57604"': "0","'N46821"': "0","'N37673"': "0","'N23446"': "0","'N45523"': "0","'N62318"': "0","'N11817"': "0","'N23877"': "0","'N41387"': "0","'N50872"': "0","'N51570"': "0","'N44146"': "0","'N10960"': "0","'N55943"': "1"}"
735,U17576,2019-11-14 09:48:41,"{N15771,N58644,N5252,N29924,N4305,N19580,N59754,N48042,N22133,N20286,N32089,N8443,N60350,N25113,N25114,N47765,N6023,N58641,N41344,N24897,N8422,N19594,N39627,N20742,N60000,N29523,N8584,N9120,N56953,N38505,N22141,N15416,N57260,N5978,N41633,N56121,N8448,N26500,N26815,N157,N36557,N40389,N38776,N56596,N21984,N25885,N37528,N3259,N40207,N19204,N55064,N16344,N25739,N11821,N40442,N34167,N13797,N62738,N22816,N26526,N38330,N31025,N62853,N23771}","{"'N60272"': "1","'N64184"': "0","'N6390"': "0","'N53615"': "0","'N35094"': "0","'N3841"': "0","'N38779"': "0","'N30172"': "0","'N64543"': "0","'N47098"': "0","'N38869"': "0","'N6477"': "0","'N42457"': "0","'N18529"': "0","'N4156"': "0","'N28072"': "0","'N51553"': "0","'N47572"': "0","'N45509"': "0","'N9135"': "0","'N38404"': "0","'N10960"': "0","'N56573"': "0","'N51489"': "0","'N19318"': "0","'N37204"': "0","'N48017"': "0","'N25444"': "0","'N34869"': "0","'N51570"': "0","'N4162"': "0","'N65202"': "0","'N46283"': "0","'N12627"': "0","'N28203"': "0","'N57733"': "0","'N21428"': "0","'N32015"': "0","'N42803"': "0","'N16148"': "0","'N10552"': "0","'N31893"': "0","'N39683"': "0","'N32567"': "0","'N25966"': "0","'N6578"': "0","'N3726"': "0","'N42670"': "0","'N34668"': "0","'N38442"': "0","'N45523"': "0","'N23008"': "0","'N55275"': "0","'N48407"': "0","'N14436"': "0","'N19019"': "0","'N64228"': "0","'N17231"': "0","'N11817"': "0","'N55943"': "0","'N29212"': "0","'N496"': "0","'N1539"': "0","'N62894"': "0","'N50601"': "0","'N61483"': "0","'N35393"': "0","'N42698"': "0","'N56211"': "0","'N18862"': "0","'N54752"': "0","'N62563"': "0","'N21701"': "0","'N53515"': "0","'N50872"': "0","'N23446"': "0","'N33576"': "0","'N25165"': "0","'N50004"': "0","'N32641"': "0","'N61296"': "0","'N22257"': "0","'N62992"': "0","'N28962"': "0","'N33831"': "0","'N21297"': "0","'N60231"': "0","'N36226"': "0"}"
740,U43493,2019-11-11 09:18:06,"{N31759,N15771,N22745,N10059,N16695,N7563,N36346,N7875,N63906,N36759,N33998,N44306,N31795,N32203,N17165,N1895,N12194,N4593,N60038,N40716,N42726,N58090,N39627,N12349,N62058,N53948,N22836,N15528,N18870,N54966,N60702,N12254,N18766}","{"'N58553"': "0","'N53296"': "0","'N28132"': "0","'N54988"': "0","'N43415"': "0","'N59981"': "0","'N62416"': "0","'N61214"': "0","'N3541"': "0","'N52782"': "0","'N14531"': "0","'N47851"': "0","'N16804"': "0","'N25527"': "0","'N53901"': "0","'N11363"': "0","'N53054"': "0","'N47475"': "0","'N6379"': "0","'N17106"': "0","'N58941"': "0","'N26607"': "0","'N154"': "0","'N53237"': "0","'N40530"': "0","'N37814"': "0","'N42961"': "0","'N9158"': "0","'N16280"': "0","'N48476"': "0","'N62599"': "0","'N43789"': "0","'N39731"': "0","'N23254"': "0","'N30374"': "0","'N13486"': "0","'N35907"': "0","'N17140"': "0","'N19770"': "0","'N29854"': "0","'N25953"': "0","'N47099"': "0","'N6099"': "0","'N22456"': "0","'N12800"': "0","'N33201"': "0","'N10464"': "0","'N7128"': "0","'N37925"': "0","'N10754"': "0","'N30259"': "0","'N54868"': "0","'N3474"': "0","'N28382"': "0","'N5171"': "0","'N15462"': "0","'N63550"': "0","'N15830"': "0","'N5905"': "0","'N33981"': "0","'N36741"': "0","'N25428"': "0","'N7809"': "0","'N13341"': "0","'N18708"': "0","'N60858"': "0","'N53343"': "0","'N58549"': "0","'N21342"': "0","'N47229"': "0","'N61006"': "0","'N21707"': "0","'N32087"': "0","'N36933"': "1","'N5043"': "0","'N40300"': "0","'N54397"': "0","'N41698"': "0","'N61742"': "0","'N50469"': "0","'N13575"': "0","'N62485"': "0","'N29800"': "0","'N31727"': "0","'N61229"': "0","'N35737"': "0","'N43309"': "0","'N4815"': "0","'N46597"': "0","'N40431"': "0","'N5497"': "0","'N50406"': "0","'N40356"': "0","'N40318"': "0","'N49240"': "0","'N5075"': "0","'N63958"': "0","'N53008"': "0","'N43338"': "0","'N45616"': "0","'N59436"': "0","'N35738"': "0","'N8957"': "0","'N28405"': "0","'N7535"': "0","'N65036"': "0","'N5001"': "0","'N13259"': "0","'N35388"': "0","'N47401"': "0","'N64243"': "0","'N16342"': "0","'N29001"': "0","'N20413"': "0","'N55689"': "0","'N11929"': "0","'N7891"': "0","'N43073"': "0","'N26286"': "0","'N24599"': "0","'N3841"': "0","'N54283"': "0","'N40171"': "0","'N15855"': "0","'N28862"': "0","'N54274"': "0","'N63538"': "0","'N9763"': "0","'N4550"': "0","'N61320"': "0","'N46845"': "0","'N61549"': "0","'N18378"': "0","'N17340"': "0","'N6342"': "0","'N209"': "0","'N30108"': "0","'N19735"': "0","'N707"': "0","'N17482"': "0","'N59576"': "0","'N47981"': "0","'N46972"': "0","'N17586"': "0","'N62212"': "0","'N4741"': "0","'N5886"': "0","'N25623"': "0","'N11301"': "0","'N47747"': "0","'N23784"': "0","'N62667"': "0","'N18340"': "0","'N63341"': "0","'N12028"': "0","'N22318"': "0","'N20224"': "0","'N26376"': "0","'N53976"': "0","'N20729"': "0","'N60826"': "0","'N25437"': "0","'N35729"': "0","'N15435"': "0","'N39978"': "0","'N61623"': "0","'N40065"': "0","'N27521"': "0","'N31763"': "0","'N16504"': "0","'N51764"': "0","'N36703"': "0","'N13051"': "0","'N52622"': "0","'N25414"': "0","'N26130"': "0","'N57527"': "0","'N24686"': "0","'N21915"': "0","'N32074"': "0","'N45456"': "0","'N55204"': "0","'N11821"': "0","'N8061"': "0","'N13816"': "0","'N18870"': "0","'N36621"': "0","'N1914"': "0","'N1019"': "0","'N28324"': "0","'N13801"': "0","'N32144"': "0","'N57987"': "0","'N33848"': "0","'N63449"': "0","'N12430"': "0","'N22999"': "0","'N36455"': "0","'N36181"': "0","'N24821"': "0","'N33796"': "0","'N4663"': "0","'N46878"': "0","'N64734"': "0","'N14713"': "0","'N17694"': "0","'N26940"': "0","'N6819"': "0","'N32791"': "0","'N46724"': "0","'N45561"': "0","'N37870"': "0","'N15761"': "0","'N20240"': "0","'N10840"': "0","'N4247"': "0","'N57030"': "0","'N21309"': "0","'N3128"': "0","'N30253"': "0","'N41578"': "0","'N43432"': "0","'N31041"': "0"}"
754,U89079,2019-11-12 18:16:51,"{N459,N10732,N24002,N23979,N39755,N51998,N13008,N719,N47485,N59173,N30701,N29101,N36853,N46844,N49111,N3375,N42208,N20089,N27235,N56509,N30867,N56514,N11101,N32842,N49341,N53033,N33506,N58744,N23653,N54827,N61837,N19825,N59691,N41538,N26618,N48477,N58264,N47796,N13372,N13249,N50332,N31801,N245,N32742,N33096,N32310,N47127,N24593,N38256,N30472,N13153,N40442,N39892,N35458,N13797,N8148,N46811,N31281,N22816,N36424,N3491}","{"'N33885"': "1","'N33623"': "0","'N42143"': "0","'N26262"': "0"}"
828,U31250,2019-11-14 19:46:10,"{N51076,N16290,N59704,N44959,N26481,N41218}","{"'N61233"': "0","'N47652"': "0","'N14478"': "0","'N27737"': "0","'N16118"': "0","'N29735"': "0","'N33828"': "0","'N1031"': "0","'N52867"': "0","'N41934"': "1","'N56211"': "0","'N45523"': "0"}"
897,U72280,2019-11-11 13:08:16,"{N19594,N14734,N62931,N20044,N45354,N32661,N10200,N56426,N33649,N37878,N14343,N14570,N30269,N25956,N16182,N46770,N46114,N31430,N24724,N24724,N11291,N54932,N65201,N47558,N30709,N22990,N5672,N31177,N48184,N3345,N56663,N63221,N11650,N57524,N26349,N16233,N25280,N23000,N16606,N27907,N447,N57073,N46987,N28419,N32670,N996,N29975,N32850,N54751,N38876,N33224,N4440,N6185,N45160,N51136,N58597,N4355,N15634,N41351,N22772,N24025,N50513,N54822,N43347,N27096,N62565,N12613,N19638,N41970,N54367,N19594,N593,N35420,N37752,N7044,N28144,N33258,N2237,N1479,N15539,N23755,N43807,N29782,N23439,N52625,N23755,N22732,N64137,N8572,N9863,N41899,N46151,N3258,N7171,N35820,N48983,N25549,N45250,N754,N40704,N15296,N46827,N37127,N48600,N29368,N43475,N59763,N33506,N47143,N32424,N45291,N29086,N16292,N5626,N59704,N62703,N42726,N2464,N264,N9120,N7812,N29736,N33151,N52497,N2576,N61837,N44369,N39343,N53883,N20583,N54101,N19658,N35290,N64014,N6163,N14984,N45994,N63411,N11116,N35765,N50370,N36083,N8448,N28238,N8569,N42415,N58157,N61678,N41579,N28586,N56794,N42394,N9459,N43446,N39520,N3520,N10952,N63656,N19347,N18656,N29358,N16662,N28171,N11882,N3267,N27150,N4777,N37934,N23116,N48918,N42528,N47482,N26861,N47302,N10671,N54704,N38776,N65162,N8448,N48603,N2606,N14689,N51873,N16217,N4233,N11671,N64163,N53716,N60989,N21615,N52551,N16724,N3062,N24733,N10237,N13312,N16239,N36770,N38166,N25378,N2912,N47669,N6226,N63586,N65087,N38058,N41244,N40254,N1247,N25306,N12576,N57552,N60239,N63081,N4456,N41673,N35385,N6157,N45857,N12158,N38660,N11020,N33532,N63074,N14783,N11545,N11545,N15117,N62258,N47196,N31883,N40785,N40444,N54490,N5515,N33981,N60291,N37746,N25076,N509}","{"'N16342"': "0","'N3894"': "0","'N55204"': "0","'N15855"': "0","'N37115"': "0","'N26376"': "0","'N53214"': "0","'N26286"': "0","'N64482"': "0","'N4936"': "0","'N48578"': "0","'N40565"': "0","'N40431"': "0","'N46134"': "0","'N45456"': "0","'N56598"': "0","'N49879"': "0","'N23174"': "0","'N7466"': "0","'N33848"': "0","'N23414"': "0","'N54489"': "0","'N57132"': "0","'N58710"': "0","'N23081"': "0","'N15830"': "0","'N41101"': "0","'N555"': "0","'N24171"': "0","'N60872"': "1","'N20816"': "0","'N55207"': "0"}"
941,U63840,2019-11-14 04:58:47,"{N31457,N45020,N34718,N55189,N21623,N60206,N61471,N13679,N51706,N16290,N4866,N54416,N61319,N8834,N53531,N54974,N5978,N477,N61388,N24298,N28926,N27644,N1766,N24591,N26176,N51163,N38701,N11005,N18285,N54225,N21817,N11855,N5301,N49018,N11231,N5283,N40274,N27526,N13081,N53895,N32004,N4607,N60702,N26179,N28257,N52307}","{"'N8015"': "0","'N60550"': "0","'N36186"': "0","'N16844"': "0","'N29739"': "0","'N33831"': "0","'N10960"': "0","'N7670"': "0","'N48017"': "0","'N11940"': "0","'N28767"': "0","'N50872"': "0","'N40559"': "0","'N61787"': "0","'N23877"': "0","'N9623"': "0","'N47098"': "1","'N40109"': "0","'N50014"': "0","'N3167"': "0","'N51195"': "0","'N64174"': "0"}"
947,U50293,2019-11-12 11:13:34,"{}","{"'N16096"': "0","'N51285"': "0","'N32182"': "0","'N44746"': "0","'N9734"': "0","'N33755"': "0","'N36351"': "0","'N40381"': "0","'N56517"': "0","'N33630"': "0","'N32691"': "0","'N27560"': "0","'N3123"': "0","'N30518"': "0","'N15948"': "0","'N61822"': "0","'N5364"': "0","'N11817"': "0","'N61648"': "0","'N40839"': "0","'N16314"': "0","'N36186"': "0","'N41020"': "0","'N36436"': "0","'N3344"': "0","'N7470"': "0","'N31029"': "0","'N26159"': "0","'N63154"': "0","'N62386"': "0","'N56806"': "0","'N39461"': "0","'N49180"': "1","'N3841"': "0","'N31147"': "0","'N49908"': "0","'N16790"': "0","'N15315"': "0","'N26376"': "0","'N58271"': "0","'N6056"': "0","'N18132"': "0","'N33831"': "0","'N23547"': "0","'N52180"': "0","'N57754"': "0","'N20811"': "0","'N36050"': "0","'N31978"': "0","'N44786"': "0","'N54125"': "0","'N34998"': "0","'N30870"': "0","'N40468"': "0","'N44146"': "0","'N7821"': "0","'N33677"': "0","'N40438"': "0","'N20134"': "0","'N12608"': "0","'N60105"': "0","'N21611"': "0","'N45173"': "0","'N7462"': "0","'N6066"': "0","'N61404"': "0","'N38309"': "0","'N42634"': "0","'N63970"': "0","'N12761"': "0","'N40539"': "0","'N57319"': "0","'N35738"': "0","'N62360"': "0","'N30475"': "0","'N58363"': "0","'N3506"': "0","'N962"': "0","'N57426"': "0","'N44422"': "0","'N44528"': "0","'N22407"': "0","'N63390"': "0"}"
1043,U57214,2019-11-11 17:21:12,"{N39556,N19736,N21757,N3501,N58803,N32191,N27325,N60615,N52632,N29597,N60698,N20609,N53672,N63276,N51240,N51574,N43208,N4978,N18047,N19131,N60223,N36700,N20039,N57237,N50338,N63724,N11177,N49365,N61858,N1085,N47170,N57582,N34914,N47324,N57971,N15744,N32109,N46826,N5297,N11101,N4173,N501,N12625,N63321,N39534,N22834,N2486,N22834,N7376,N16546,N52755,N27200,N52962,N47563,N50069,N51547,N16715,N29361,N24298,N56148,N56148,N51125,N41687,N56753,N63302,N17565,N19347,N24591,N9894,N40703,N54225,N17467,N56148,N61249,N4445,N64738,N52448,N47847,N38580,N4445,N35926,N10559,N35246,N18555,N58746,N40042,N56491,N51503,N49838,N26912,N46818,N6201,N34564,N27189,N35554,N32755,N18870,N33859,N40265,N63854,N64078,N33003,N8148,N5317,N43798,N16560,N2052,N2810,N57005}","{"'N55340"': "0","'N7328"': "0","'N39531"': "0","'N5370"': "0","'N23254"': "0","'N41222"': "0","'N36926"': "0","'N35671"': "0","'N22029"': "0","'N57402"': "0","'N8399"': "0","'N26130"': "0","'N22442"': "0","'N18103"': "0","'N43648"': "0","'N16920"': "0","'N42787"': "0","'N61623"': "0","'N58410"': "0","'N36448"': "0","'N28837"': "1","'N14780"': "0","'N11768"': "0","'N53585"': "0","'N46526"': "0","'N55689"': "0","'N47981"': "0","'N59407"': "0","'N18132"': "0","'N37781"': "0","'N59981"': "0","'N39765"': "0","'N31980"': "0","'N37340"': "0","'N19542"': "0","'N64816"': "0","'N46966"': "0","'N25788"': "0","'N55204"': "0","'N4569"': "0","'N54489"': "0","'N64009"': "0","'N12761"': "0","'N10061"': "0","'N49935"': "0","'N2350"': "0","'N24686"': "0","'N1914"': "0","'N3541"': "0","'N32691"': "0","'N7754"': "0","'N33144"': "0","'N17448"': "0","'N36186"': "0","'N21519"': "0","'N57957"': "0","'N3919"': "0","'N27966"': "0","'N5587"': "0","'N33848"': "0","'N36545"': "0","'N7817"': "0","'N60449"': "0","'N12280"': "0","'N27079"': "0","'N30798"': "0","'N52773"': "0","'N65118"': "0","'N23563"': "0","'N41387"': "0","'N45368"': "0","'N45375"': "0","'N3821"': "0","'N23414"': "0","'N62132"': "0","'N54482"': "0","'N17230"': "0","'N41380"': "0","'N12523"': "0","'N23174"': "0","'N40065"': "0","'N15761"': "0","'N48235"': "0"}"
1046,U30615,2019-11-11 06:26:53,"{N1150,N2580,N21383,N33683,N18760,N13304,N36676,N27612,N39041,N16874,N45343,N44559,N26897,N64408,N59676,N32483,N14629,N5114,N47420,N58401,N20039,N11177,N38298,N42526,N24356,N49647,N46573,N60000,N29523,N63666,N22141,N51238,N55951,N37811,N46513,N16384,N21576,N10897,N37920,N49136,N21259,N35710,N52500,N62311,N11727,N57109,N42620,N55556,N47479,N44110,N29802,N2797,N7272,N8277,N58498,N2797,N26009,N21118,N11415,N46966,N51330,N34416,N25220,N64983,N22260,N60212,N29341,N38039,N732,N46795,N60702,N51992,N31584,N49990,N14742,N40448,N15676,N9836,N38330,N19773,N38330,N43083,N57946}","{"'N18870"': "0","'N48759"': "0","'N31763"': "0","'N53318"': "0","'N24686"': "0","'N54394"': "0","'N7328"': "1","'N43083"': "0","'N47035"': "0","'N56227"': "0","'N35937"': "0","'N57090"': "0","'N11830"': "0","'N61214"': "0","'N50469"': "0","'N3128"': "0","'N27581"': "0","'N29128"': "0","'N62570"': "0","'N33632"': "0","'N16809"': "0","'N35729"': "0","'N28956"': "0","'N33981"': "0","'N56193"': "0","'N33630"': "0","'N5370"': "0","'N63538"': "0","'N4247"': "0","'N4912"': "0","'N50314"': "0","'N9475"': "0","'N6926"': "0","'N56598"': "0"}"
1063,U48305,2019-11-09 14:19:52,"{N47558,N55846,N27448,N27676,N24721,N871,N14340,N51706,N36699,N47525,N4536,N50578,N27644,N12367,N32939,N52027,N50752,N3309,N56121,N10897,N5978,N52403,N42726,N19418,N23554,N60184,N31801,N48615,N13138,N42620,N37748,N62058,N3259,N31172,N62738,N32705,N10152,N24023,N36424,N29857}","{"'N41881"': "1","'N51398"': "0","'N47020"': "0"}"
1125,U71926,2019-11-13 18:44:33,"{N22185,N1570,N44579,N13207,N6233,N48517,N11101,N22646,N27408,N23249,N53033,N60340,N42291,N1581,N38390,N10140,N42291,N24492,N54225,N9629,N19650,N62471,N46818,N26333,N3933,N46473,N43846,N8258,N22836,N25453,N53436,N14417,N58443,N63034,N63991,N7646,N13636}","{"'N14436"': "0","'N21128"': "0","'N14029"': "0","'N8509"': "0","'N36261"': "0","'N50004"': "0","'N5364"': "0","'N21420"': "0","'N48705"': "0","'N17117"': "0","'N48064"': "0","'N37437"': "0","'N50490"': "0","'N4642"': "0","'N56711"': "0","'N64252"': "0","'N5652"': "0","'N35273"': "0","'N38215"': "0","'N51048"': "0","'N35389"': "0","'N33831"': "0","'N3957"': "0","'N5597"': "0","'N50601"': "0","'N56214"': "0","'N4510"': "0","'N55723"': "0","'N59138"': "1","'N20770"': "0","'N51287"': "0","'N8559"': "0","'N42457"': "0","'N21036"': "0","'N51553"': "0","'N4404"': "0","'N30071"': "0","'N53960"': "0","'N49712"': "0","'N55976"': "0","'N41612"': "0"}"
1140,U17207,2019-11-12 05:45:52,"{N20288,N17566,N14510,N22570,N30344,N55470,N29177,N29530,N9653,N58641,N32443,N23622,N20830,N15545,N26978,N57571,N19037,N17919,N43674,N14439,N42470,N46868,N37708,N1686,N38714,N52257,N5006,N2204,N62847,N17070,N65018,N40429,N32716,N6416,N14442,N11231,N12785,N46301,N46732,N6123,N48715,N10602,N39790,N49023,N29894,N20136,N27166,N61081,N36424,N3491,N3491,N25712}","{"'N50675"': "0","'N33619"': "1"}"
1144,U38861,2019-11-12 11:03:58,"{N51226,N61705,N5862,N24172,N4607,N3243,N50941,N53037,N24803,N15676,N1914,N7128,N45561}","{"'N18406"': "0","'N30475"': "0","'N11269"': "0","'N32182"': "0","'N31978"': "0","'N62360"': "0","'N31947"': "0","'N57327"': "0","'N39537"': "0","'N54125"': "0","'N19092"': "0","'N11793"': "0","'N4247"': "0","'N1644"': "0","'N53084"': "0","'N3344"': "0","'N33203"': "0","'N47412"': "0","'N24111"': "0","'N54171"': "0","'N21147"': "0","'N54274"': "0","'N51285"': "0","'N49180"': "0","'N41354"': "0","'N46992"': "0","'N51954"': "0","'N2823"': "0","'N55950"': "0","'N7319"': "0","'N11363"': "0","'N40839"': "0","'N17069"': "0","'N58363"': "0","'N42634"': "0","'N32544"': "0","'N64734"': "0","'N30920"': "0","'N45551"': "0","'N60272"': "0","'N23590"': "0","'N63970"': "0","'N55606"': "0","'N30088"': "0","'N16096"': "0","'N33619"': "0","'N16314"': "1","'N62386"': "0","'N22061"': "0","'N41020"': "0"}"
1202,U62637,2019-11-11 08:19:52,"{N38963,N16215,N42989,N14845,N12889,N31900,N8518,N33713,N46567,N64952,N55846,N46582,N19591,N871,N60844,N60223,N16874,N20530,N46978,N60413,N59649,N18893,N16233,N39117,N61319,N40594,N18030,N23689,N11786,N39235,N46826,N23689,N33251,N46868,N37123,N32109,N25488,N5978,N44396,N54834,N13893,N58641,N37976,N40493,N59691,N9803,N7943,N17210,N30247,N11727,N17070,N4842,N55743,N55922,N30303,N995,N1398,N30145,N23554,N60184,N47175,N60605,N31181,N9003,N31111,N24591,N461,N53187,N45954,N34287,N20057,N63272,N54225,N62940,N54225,N57524,N10527,N11005,N4647,N14617,N57524,N24579,N24243,N47173,N18378,N54225,N54655,N30612,N44007,N306,N27919,N21895,N63491,N21460,N31064,N17161,N32069,N1864,N46966,N13337,N52921,N34564,N40583,N49475,N32004,N18870,N4607,N60212,N55059,N29690,N50580,N10602,N18341,N33013,N37509,N48015,N6225,N59451,N21342,N22816,N37889,N33981,N38330,N7328,N7535}","{"'N61363"': "0","'N35729"': "0","'N40318"': "0","'N60162"': "0","'N12028"': "0","'N1914"': "1","'N63550"': "0","'N36712"': "0","'N10840"': "0","'N35937"': "0","'N48759"': "0","'N48015"': "0","'N50389"': "0","'N11830"': "0","'N29001"': "0","'N63538"': "0","'N4663"': "0","'N13801"': "0","'N59407"': "0","'N33848"': "0","'N61623"': "0","'N154"': "0","'N54988"': "1","'N27473"': "0","'N42961"': "0","'N56193"': "0","'N53318"': "1","'N18870"': "0","'N59981"': "0","'N7328"': "0","'N43432"': "0","'N55689"': "0","'N36621"': "0","'N64734"': "0","'N45616"': "0","'N46966"': "0","'N32791"': "0","'N65088"': "1","'N15830"': "0","'N46845"': "0","'N32144"': "0","'N61214"': "0"}"
1257,U4971,2019-11-10 09:42:17,"{N31224,N26168,N38118,N57181,N24356,N43917,N60340,N54827,N19823,N10406,N56753,N55556,N48411,N9056,N54283}","{"'N21882"': "0","'N64513"': "0","'N61022"': "0","'N49279"': "1"}"
1297,U18788,2019-11-14 09:26:38,"{N7208,N17157,N38747,N33513,N2994,N548,N23488,N12384,N28323,N64777,N53224,N41089,N38118,N54276,N1633,N55189,N30665,N2203,N26560,N14644,N41573,N10078,N20530,N871,N19131,N28467,N61471,N26642,N38118,N16233,N17955,N46978,N18030,N33276,N58641,N57091,N58641,N34004,N43807,N49262,N5971,N57680,N18681,N24187,N35920,N13137,N9226,N10347,N56688,N60978,N18275,N26017,N653,N31225,N53531,N46909,N9120,N51692,N58475,N12194,N37811,N28576,N33925,N13330,N787,N32312,N39885,N45491,N27746,N24999,N23907,N10897,N13925,N3345,N60184,N8448,N27341,N34394,N63436,N17387,N46994,N34004,N38601,N53596,N306,N30160,N21895,N14952,N44885,N29867,N7898,N43436,N23094,N19716,N55526,N60895,N35710,N31248,N63855,N6439,N52551,N17196,N4597,N54571,N2018,N6616,N9674,N43955,N4607,N40254,N14349,N60702,N32004,N41218,N63823,N5886,N51705,N48742,N55911,N31599,N37533,N43847,N50372,N63658,N64273,N46811}","{"'N47098"': "0","'N50872"': "0","'N36226"': "0","'N40109"': "0","'N29212"': "1","'N45523"': "0","'N9135"': "0","'N38779"': "0","'N6477"': "0","'N23877"': "0","'N45509"': "0","'N51570"': "0","'N23446"': "0","'N1539"': "0","'N44698"': "0","'N41387"': "1"}"
1319,U47287,2019-11-12 07:05:06,"{N40132,N10200,N60726,N4355,N9545,N53814,N20334,N57728,N39235,N12860,N48600,N59085,N43925,N45194,N30765,N419,N29034}","{"'N60445"': "0","'N62360"': "1","'N14184"': "0","'N28188"': "0","'N2869"': "0"}"
1360,U42545,2019-11-14 12:01:14,"{N6023,N17799,N49229,N9899,N54589,N63054,N22547,N50784,N42829,N55951,N4415,N43175,N7376,N60038,N24696,N31248,N52840,N43142,N2675,N14385,N47308,N35710}","{"'N50872"': "0","'N19661"': "1","'N45523"': "0","'N34185"': "0","'N23446"': "0","'N62318"': "0","'N18529"': "0","'N38779"': "0","'N53515"': "0","'N35815"': "0","'N1539"': "0","'N6477"': "0"}"
1408,U62629,2019-11-13 08:01:59,"{N56253,N55846,N3500,N27448,N9445,N64187,N11027,N52109,N10629,N15077,N51112,N42458,N48229,N5831,N61018,N48828,N21019,N49436,N42526,N24808,N24187,N25351,N19442,N32203,N46610,N40884,N14185,N46107,N12096,N31915,N14414,N7191,N11101,N21767,N22561,N32939,N20792,N33704,N44442,N27424,N48124,N5031,N53531,N33976,N53033,N32110,N50126,N42664,N4490,N15241,N35022,N16384,N62046,N42359,N16420,N47993,N36019,N10897,N23394,N19293,N54435,N37920,N5964,N40163,N41894,N3143,N9395,N57801,N5410,N2533,N57993,N11226,N37981,N34138,N57584,N64819,N59519,N50069,N23653,N26265,N8667,N9803,N61388,N58090,N13374,N10629,N46253,N52536,N49709,N13257,N20129,N5211,N61342,N50724,N42358,N62485,N27756,N5938,N34287,N21336,N18285,N38014,N17351,N44061,N62546,N24243,N36068,N30160,N24696,N30884,N15442,N37821,N44521,N6884,N41562,N31882,N18503,N42620,N22562,N35737,N26364,N46795,N4607,N16855,N43202,N10933,N18870,N50036,N48742,N54072,N62060,N42986,N43629,N59484,N40324,N16659,N6218}","{"'N9623"': "0","'N61027"': "0","'N36659"': "0","'N25444"': "0","'N34876"': "0","'N10674"': "0","'N51048"': "1","'N41172"': "0","'N5048"': "0","'N287"': "0","'N57716"': "0","'N17759"': "0","'N13907"': "0","'N42143"': "0","'N47149"': "0","'N62894"': "0","'N30172"': "0","'N50004"': "0","'N10812"': "0","'N51853"': "0","'N47817"': "0","'N59272"': "0","'N45266"': "0","'N47061"': "0","'N56227"': "0","'N60992"': "0","'N59673"': "0","'N57426"': "0","'N35170"': "0","'N25881"': "0","'N38159"': "0","'N19592"': "0","'N3285"': "0","'N14592"': "0","'N38788"': "1","'N51773"': "0","'N64734"': "0","'N39269"': "0","'N5146"': "0","'N48063"': "0","'N24276"': "0","'N47717"': "0","'N41113"': "1","'N55132"': "0","'N41122"': "0","'N35047"': "0","'N37774"': "0","'N19444"': "0","'N33"': "1","'N12839"': "0","'N28213"': "0","'N59088"': "0","'N4754"': "0","'N62128"': "0","'N35233"': "0","'N14713"': "0","'N51553"': "0","'N43386"': "0","'N26227"': "0","'N55281"': "0","'N33885"': "0","'N31448"': "0","'N45590"': "0","'N17059"': "0"}"
1419,U71954,2019-11-11 11:56:51,"{N10340,N1569,N42989,N20039,N36053,N18678,N37920,N26580,N5568,N48615,N26026,N306,N8331,N20644,N41298,N35926,N4486,N62714,N47810,N13081,N48699,N42128,N2511,N41244,N55911,N21317}","{"'N53585"': "1","'N42961"': "0","'N33964"': "0","'N40725"': "1","'N41172"': "0","'N154"': "0","'N43502"': "0","'N60872"': "0","'N52622"': "0","'N6099"': "0","'N21707"': "0","'N59436"': "0","'N59981"': "0","'N63538"': "0","'N2823"': "0","'N50302"': "0","'N63550"': "0","'N8957"': "0","'N55689"': "0","'N7328"': "0","'N55204"': "0"}"
1445,U26936,2019-11-12 11:44:50,"{N64727,N50155,N29177,N55189,N38118,N44536,N31983,N32585,N642,N34997,N59387,N48256,N984,N54827,N61388,N41073,N50299,N38585,N64554,N55599,N31801,N306,N38182,N40640,N59385,N56647,N35710,N55556,N42620,N36530,N22997,N50020,N51089,N60611,N56844,N61108,N11231,N8277,N51330,N64273,N53017,N37250,N7327,N31978}","{"'N3344"': "0","'N58363"': "0","'N56243"': "0","'N34657"': "0","'N3123"': "0","'N25624"': "0","'N17069"': "0","'N32789"': "0","'N6056"': "0","'N45389"': "0","'N42634"': "0","'N13974"': "0","'N26262"': "0","'N13486"': "0","'N63970"': "1","'N49180"': "0","'N45551"': "0","'N4247"': "1","'N31978"': "0","'N25471"': "1","'N6975"': "0","'N30088"': "0","'N60272"': "0","'N49279"': "0","'N57426"': "0","'N32544"': "0","'N41020"': "0","'N57754"': "0","'N6066"': "0","'N40839"': "0","'N16096"': "0","'N34998"': "0","'N45173"': "0","'N62386"': "0","'N20729"': "0","'N30475"': "0","'N1644"': "0","'N31029"': "0","'N32182"': "0","'N62360"': "0","'N21741"': "0","'N33677"': "0","'N30518"': "0"}"
1518,U36213,2019-11-09 00:39:42,"{N62931,N24538,N19736,N44018,N8548,N58564,N54377,N62960,N40736,N58226,N23488,N46759,N28818,N48361,N14340,N19620,N17243,N33617,N62119,N16863,N10107,N58715,N53538,N19001,N37169,N59546,N24721,N35820,N17552,N65142,N43347,N33835,N32443,N43725,N35519,N47525,N23984,N7812,N39374,N52270,N51618,N24721,N32208,N11818,N4932,N28465,N10417,N54453,N31891,N52257,N2204,N24721,N46616,N264,N27877,N36453,N20129,N8201,N26754,N54655,N37147,N31070,N52398,N11855,N18587,N45535,N42267,N55961,N61621,N49400,N16115,N45909,N17161,N61664,N46818,N31064,N25121,N22260,N29026,N24471,N50195,N49023,N16449,N42530,N37663,N50710,N63062,N31172,N18069,N15470,N48348,N2003,N19005,N29966,N55558,N46597,N15393,N62853,N37174,N33947,N42154,N40509}","{"'N19099"': "0","'N53343"': "0","'N17340"': "0","'N50059"': "0","'N62070"': "0","'N61822"': "0","'N20602"': "0","'N37250"': "1","'N54634"': "0","'N3491"': "0","'N26096"': "0","'N44737"': "0","'N55940"': "0","'N42948"': "0","'N38783"': "0","'N58075"': "0","'N28910"': "0","'N47556"': "0","'N509"': "0","'N47267"': "0","'N3652"': "0","'N63583"': "1","'N32753"': "0","'N43494"': "0","'N15855"': "0","'N37593"': "0","'N28091"': "0","'N43492"': "1","'N37108"': "0","'N45543"': "0","'N13176"': "0","'N27143"': "0","'N18378"': "0","'N23784"': "0","'N15134"': "0","'N64550"': "0","'N27714"': "0","'N10073"': "0","'N8913"': "0","'N14430"': "0","'N17650"': "0","'N22816"': "0","'N28324"': "0","'N18708"': "0","'N2125"': "0","'N8855"': "1","'N5889"': "0","'N26162"': "0","'N11484"': "0","'N43001"': "0","'N26702"': "1","'N52433"': "0","'N7128"': "0","'N59030"': "0","'N51225"': "0","'N35290"': "0","'N3135"': "0","'N53373"': "0","'N60374"': "0","'N28684"': "0","'N50329"': "1","'N49879"': "0","'N25546"': "0","'N39115"': "0","'N58890"': "0","'N8399"': "0","'N26514"': "0","'N55582"': "0","'N48510"': "0","'N50135"': "0","'N41881"': "0","'N16710"': "0","'N44628"': "0","'N33981"': "1","'N8170"': "0","'N3590"': "0","'N44324"': "0","'N41757"': "0","'N57099"': "0","'N36707"': "0","'N15194"': "1","'N6926"': "0","'N61742"': "0","'N22664"': "0","'N41178"': "1","'N26130"': "0","'N4080"': "0","'N26091"': "0","'N19899"': "0","'N62853"': "0","'N3894"': "0","'N27845"': "0","'N25703"': "0","'N1019"': "1","'N14522"': "0","'N37377"': "0","'N17000"': "0","'N15960"': "0","'N43388"': "0","'N55645"': "0","'N36964"': "0","'N59508"': "0","'N43665"': "0","'N56227"': "0","'N12523"': "0","'N35106"': "0","'N31002"': "0","'N36424"': "1","'N57592"': "0","'N57005"': "0","'N39587"': "0","'N47061"': "0","'N58574"': "0","'N1480"': "0","'N38330"': "0","'N25785"': "0","'N48578"': "0","'N43373"': "0"}"
1522,U69437,2019-11-11 04:31:16,"{N15828,N62576,N50600,N17041,N44940,N50985,N45020,N15120,N642,N20121,N18777,N50538,N35457,N52648,N40517,N26693,N15743,N16642,N57092,N48124,N6154,N56514,N4336,N49528,N63429,N49904,N48882,N21396,N55275,N59704,N4250,N45794,N12625,N47539,N63258,N29305,N57967,N26017,N35452,N6923,N16989,N6673,N64807,N6655,N18445,N58580,N53930,N23554,N55448,N62703,N41375,N29358,N15442,N33742,N11673,N20547,N22591,N1978,N468,N24625,N38526,N26122,N42620,N36530,N56844,N31960,N24072,N58988,N51089,N14992,N43436,N19260,N13429,N30187,N17892,N4607,N33363,N52936,N43202,N8148,N37509,N55665,N13636,N36424,N36707,N25023,N58601}","{"'N31273"': "0","'N48759"': "1","'N27581"': "0","'N50469"': "0","'N49685"': "1","'N56598"': "0","'N62729"': "1","'N12042"': "1","'N35729"': "0"}"
1530,U60483,2019-11-09 04:56:18,"{N26619,N21746,N14115,N50923,N11863,N43187,N11068,N43187,N43677,N7728,N18347,N21781,N40373,N31242,N14459,N46817,N54367,N62609,N31295,N7878,N145,N7158,N18459,N1595,N1908,N63049,N63049,N52856,N7232,N56727,N22753,N4257,N52270,N5851,N56021,N17143,N64755,N47544,N16503,N62917,N29415,N7508,N64142,N64142,N60607,N63180,N22126,N21862,N34121,N59828,N52257,N23264,N5753,N11753,N48697,N26122,N21778,N50184,N37783,N37394,N59095,N43915,N19184,N9890,N30764,N17099,N47508,N40286,N40251,N36913,N51667,N50710,N6595,N30209,N30410,N7879,N5201,N24615,N40542,N31978,N56394}","{"'N41757"': "0","'N33291"': "1"}"
1566,U80052,2019-11-14 15:35:21,"{N17933,N53388,N58776,N39277,N62710,N44018,N29597,N33513,N34309,N33136,N27448,N2203,N9824,N30708,N16233,N10235,N12907,N996,N64208,N20335,N4866,N11062,N6156,N57660,N53531,N43903,N33976,N17927,N45690,N15650,N30247,N26265,N18109,N45090,N58283,N49018,N35056,N47186,N44347,N18870,N33013,N32555,N37729,N29510,N5791,N54287}","{"'N14478"': "0","'N47652"': "1","'N32015"': "1","'N54534"': "0","'N62750"': "0","'N61233"': "0","'N48487"': "0","'N19661"': "0","'N41934"': "0","'N23089"': "0","'N37338"': "0","'N27737"': "0","'N42515"': "0","'N60799"': "0","'N38779"': "0","'N6837"': "0","'N20676"': "1","'N42698"': "0","'N38138"': "0","'N34185"': "0","'N62318"': "0","'N33828"': "0","'N56211"': "0","'N59267"': "0","'N59501"': "0","'N36186"': "0","'N53031"': "0","'N20394"': "0"}"
1627,U76081,2019-11-11 18:10:47,"{N39074,N18109,N59742,N47685,N41373,N33513,N40736,N47685,N16874,N60844,N27612,N19591,N51112,N56124,N26642,N14509,N64408,N54516,N62287,N986,N9680,N57168,N41840,N22772,N42603,N17254,N21815,N42792,N34997,N23000,N43725,N9899,N16231,N32109,N11101,N12096,N13137,N26984,N33644,N44258,N61315,N18693,N16334,N19827,N39374,N9840,N35560,N15755,N64554,N45954,N40526,N39511,N52536,N13716,N59306,N45314,N54522,N47479,N60611,N6831,N64474,N11231,N31699,N46818,N1429,N19495,N8258,N35033,N58792,N41139,N32004,N21317,N59198,N20575,N3491,N58075,N50135,N61880,N62838}","{"'N11768"': "0","'N41222"': "0","'N65118"': "0","'N23414"': "0","'N39765"': "0","'N57402"': "0","'N46526"': "0","'N53585"': "0","'N19542"': "0","'N57957"': "0","'N2350"': "0","'N45366"': "0","'N21"': "0","'N54482"': "1","'N30518"': "0","'N54489"': "0","'N46029"': "0","'N42597"': "0","'N55204"': "0","'N16920"': "0","'N24686"': "0","'N53696"': "0","'N26262"': "0","'N58410"': "1","'N62873"': "0"}"
1628,U29542,2019-11-13 15:33:06,"{N8548,N39699,N4690,N5212,N60608,N459,N35009,N16398,N1569,N42989,N2642,N62620,N42458,N42458,N11177,N54698,N31057,N26398,N1333,N51569,N21981,N47525,N61066,N53743,N59947,N11448,N24142,N55542,N64185,N47671,N45846,N20710,N7044,N18030,N12096,N63376,N19709,N46023,N36312,N21576,N15416,N15235,N54827,N60699,N39558,N2778,N48414,N40949,N19288,N47796,N24243,N306,N27099,N59254,N8557,N49352,N46861,N47672,N61186,N24557,N15159,N55042,N7843,N24448,N10559,N43436,N33096,N48603,N25786,N23401,N15288,N1730,N53049,N18488,N47458,N37091,N50747,N14006,N11545,N37250,N53016,N40509,N40785}","{"'N64252"': "0","'N56214"': "0","'N4642"': "1"}"
1629,U3008,2019-11-13 05:15:15,"{N47558,N871,N26262,N5440,N4020,N41899,N30531,N43955,N46392,N6464,N49542,N18815,N30429,N51692,N3615,N4593,N32312,N59289,N60170,N63229,N34649,N32004,N54571,N22816,N30295,N23184}","{"'N35047"': "0","'N9720"': "0","'N59272"': "0","'N4754"': "0","'N43386"': "0","'N6857"': "0","'N64745"': "0","'N7840"': "0","'N37905"': "0","'N19092"': "0","'N26262"': "0","'N19444"': "0","'N28357"': "0","'N52045"': "0","'N30085"': "0","'N1940"': "0","'N38023"': "0","'N35233"': "0","'N18887"': "0","'N28279"': "0","'N22230"': "0","'N7821"': "0","'N43460"': "0","'N26227"': "0","'N13579"': "0","'N47061"': "0","'N12325"': "0","'N41578"': "0","'N48019"': "0","'N11087"': "0","'N61760"': "0","'N14436"': "0","'N20678"': "0","'N25624"': "0","'N12492"': "0","'N36184"': "0","'N28213"': "0","'N42977"': "0","'N5048"': "0","'N16096"': "0","'N64851"': "0","'N52557"': "0","'N34876"': "0","'N24423"': "0","'N45266"': "0","'N25881"': "0","'N5370"': "0","'N57917"': "0","'N11817"': "0","'N3344"': "0","'N41889"': "0","'N38159"': "0","'N20076"': "0","'N54666"': "0","'N52723"': "0","'N8657"': "0","'N60992"': "1","'N61571"': "0","'N62128"': "0","'N7112"': "0","'N31978"': "0","'N42143"': "0","'N20067"': "0","'N15855"': "0","'N35847"': "0","'N22457"': "0","'N59673"': "0","'N40451"': "0","'N57713"': "0","'N64734"': "0"}"
1642,U39701,2019-11-13 15:20:40,"{N24827,N62931,N62233,N14734,N39556,N22279,N51591,N42612,N39481,N44018,N61490,N20288,N62325,N33513,N5153,N31268,N56253,N55846,N5962,N2665,N44251,N4304,N58226,N26242,N55846,N60698,N64952,N14212,N64908,N15771,N31983,N13008,N11917,N55189,N21383,N64777,N55189,N30665,N6511,N21117,N38118,N21771,N28818,N2083,N14644,N2203,N42458,N60413,N51226,N10078,N871,N25889,N58957,N19591,N871,N8082,N5056,N25113,N54103,N65123,N16233,N2745,N9165,N34721,N27464,N65169,N48582,N59762,N4020,N51706,N20121,N34694,N46527,N64634,N43635,N51317,N35218,N24691,N51569,N20840,N37859,N63554,N15848,N51248,N34694,N42833,N57582,N59026,N57728,N6156,N61319,N16636,N46826,N38298,N21012,N23689,N30867,N39235,N15253,N38298,N12098,N29523,N9955,N45794,N9412,N33976,N46392,N38046,N26984,N60730,N29207,N51396,N8834,N46392,N12327,N59704,N477,N49758,N21576,N3309,N15922,N22614,N23653,N16617,N51162,N58841,N50748,N8667,N24689,N42470,N30247,N39677,N42025,N54449,N6655,N46259,N59359,N41197,N62875,N43945,N6655,N4255,N23554,N55922,N57812,N51184,N11745,N42394,N60184,N61342,N13374,N5938,N26176,N38701,N29522,N10414,N63642,N49134,N11005,N38701,N54225,N40640,N43142,N18587,N31248,N35710,N28088,N1200,N55556,N19748,N22270,N29802,N23105,N27526,N14761,N38105,N9674,N48699,N6102,N35554,N26364,N8277,N11804,N14908,N3933,N60985,N18870,N8258,N22976,N60212,N32004,N4607,N20392,N52136,N38488,N45088,N35074,N28803,N10867,N13636,N47556,N49040,N31172,N40171,N6218,N10867,N64273,N46811,N8855,N1702,N26091}","{"'N14029"': "1","'N64252"': "0","'N4642"': "0","'N56214"': "0","'N51048"': "0","'N51287"': "0"}"
1656,U19869,2019-11-10 19:56:32,"{N45297,N10200,N51677,N23330,N43283,N32607,N8053,N61275,N14855,N61719,N62999,N1264,N40275,N61864,N52328,N28144,N62210,N60498,N8249,N2855,N8940,N51630,N47020,N59249,N33485,N58383,N18732,N19658,N20259,N61388,N33234,N38840,N29361,N23352,N30780,N29146,N26832,N4770,N48904,N29050,N35265,N24298,N11005,N51260,N8501,N43085,N10878,N22787,N7268,N63559,N52840,N14385,N43142,N58082,N38787,N41804,N2679,N64835,N62182,N29807,N15246,N61368,N48234,N47460,N1670,N31126,N53342,N5761,N55948,N3222,N49808,N59694,N62266,N9660,N9575,N16187,N62268,N38783}","{"'N13051"': "0","'N52446"': "0","'N12379"': "0","'N41842"': "0","'N4034"': "0","'N26130"': "0","'N30814"': "0","'N41555"': "0","'N26952"': "0","'N63992"': "1","'N49354"': "0","'N16318"': "0","'N48759"': "0","'N6775"': "0","'N2869"': "0","'N28047"': "0","'N12523"': "0","'N3476"': "0","'N51330"': "0","'N30725"': "0","'N26179"': "0","'N32144"': "0","'N49879"': "0","'N14520"': "0","'N41739"': "0","'N21619"': "0"}"
1694,U73421,2019-11-09 09:52:12,"{N38118,N871,N53419,N34694,N48878,N46990,N32208,N19079,N3817,N49103,N49861,N7422,N13893,N35022,N63258,N54827,N28992,N17070,N18951,N38585,N45994,N41439,N54834,N28058,N55043,N63302,N19300,N57318,N51184,N31801,N306,N23196,N9854,N25450,N35710,N14385,N60622,N41928,N48697,N42620,N44110,N48356,N33013,N22558,N63062,N48742,N10470,N60300,N52555,N2003,N8148,N27922,N20607,N20575,N55897,N64273,N43043,N43195,N14666,N60364,N37250,N12431,N51185,N40785,N43019,N35671,N15676,N37889}","{"'N52000"': "0","'N3930"': "0","'N24272"': "1","'N13580"': "0","'N18870"': "0","'N51398"': "0","'N41178"': "0","'N27845"': "0","'N59852"': "0","'N5442"': "0","'N58051"': "0","'N732"': "0"}"
1719,U52932,2019-11-13 18:44:25,"{N8298,N64727,N60615,N61826,N24724,N51574,N60206,N30662,N7044,N14185,N17102,N38046,N12755,N54827,N29361,N45999,N39017,N41375,N46267,N47180,N27181,N32004,N50839,N3566,N37509,N35671}","{"'N51287"': "1","'N56214"': "0","'N4404"': "0","'N4642"': "0","'N37437"': "0","'N51048"': "0","'N36261"': "0","'N21420"': "0","'N48705"': "0","'N64252"': "1","'N14029"': "0","'N42457"': "0"}"
1721,U26565,2019-11-12 05:13:26,"{N40837,N54842,N32852,N38039,N37663,N40509}","{"'N50675"': "0","'N33619"': "1","'N20079"': "0","'N14184"': "0"}"
1723,U79549,2019-11-11 08:39:40,"{N51591,N11461,N11056,N60833,N21242,N16566,N17211,N42937,N40736,N1150,N14115,N55468,N50074,N53387,N14343,N29021,N21746,N42517,N28467,N43134,N65201,N37563,N10646,N56499,N31177,N33247,N8269,N14340,N41089,N54420,N45189,N49702,N22007,N60485,N31193,N23890,N8845,N62055,N145,N41899,N22081,N50052,N7158,N60120,N21331,N59085,N59691,N27529,N9431,N10781,N13978,N41082,N2663,N39517,N28550,N7825,N21389,N14801,N56922,N38168,N32485,N9041,N33191,N36389,N53883,N18890,N35560,N26288,N30353,N47544,N54449,N42057,N24591,N64790,N4255,N30967,N17271,N4647,N30845,N12979,N57528,N52257,N8623,N27919,N44885,N10559,N10525,N42274,N24184,N64118,N48356,N64482,N64093,N1216,N54522,N46744,N31064,N10065,N20882,N61940,N3433,N10052,N61368,N61664,N60054,N35601,N28444,N90,N1345,N40817,N47889,N20607,N64249,N4338,N4157,N46026,N22381,N5579,N21145,N2137,N59788,N56469,N62268,N37889,N5374,N7364,N3449,N37377,N18708}","{"'N32217"': "0","'N43502"': "1","'N43432"': "0","'N57385"': "0","'N49879"': "0","'N55593"': "0","'N33848"': "0","'N52586"': "0","'N10840"': "0","'N53899"': "1","'N57030"': "0","'N26607"': "0"}"
1733,U88009,2019-11-09 12:11:11,"{N22570,N5227,N51111,N1150,N56253,N871,N29204,N38298,N59704,N12709,N13689,N16715,N45954,N34287,N57383,N34069,N56913,N28088,N36530,N11231,N62209,N62539,N32004,N44423,N63991}","{"'N41178"': "0","'N59852"': "0","'N27583"': "0","'N43370"': "0","'N24272"': "0","'N43001"': "0","'N37088"': "0","'N63685"': "0","'N43595"': "0","'N31281"': "0","'N20977"': "0","'N279"': "0","'N39115"': "0","'N36683"': "0","'N349"': "0","'N55582"': "0","'N58075"': "0","'N54300"': "0","'N26278"': "0","'N26179"': "0","'N52294"': "0","'N51398"': "0","'N18870"': "0","'N28788"': "0","'N56396"': "0","'N2516"': "1","'N27845"': "0","'N13580"': "0","'N16209"': "0","'N43587"': "0","'N58051"': "0","'N50329"': "0","'N5442"': "0","'N39949"': "0","'N59761"': "0","'N52694"': "0","'N62838"': "0","'N44679"': "0","'N45550"': "0","'N51378"': "0","'N58295"': "0","'N54634"': "0","'N27101"': "0","'N10602"': "0","'N5957"': "0","'N39267"': "0","'N52000"': "0","'N39342"': "0","'N30473"': "0","'N3930"': "0","'N38783"': "0","'N41881"': "0","'N26130"': "0","'N732"': "0","'N60374"': "0","'N30295"': "0","'N3737"': "0"}"
1739,U69912,2019-11-13 05:47:14,"{N38629,N48304,N21383,N62429,N23817,N64521,N4922,N18760,N6511,N18881,N59546,N19979,N25436,N2203,N8715,N9165,N21478,N10575,N14607,N58918,N20483,N23459,N43807,N39235,N31906,N7158,N12096,N36007,N24356,N19709,N13348,N46573,N61313,N51299,N37915,N6632,N59027,N18275,N43475,N51163,N45041,N13853,N56486,N16292,N22646,N26718,N37694,N58264,N59704,N46049,N9786,N42726,N13197,N56121,N4332,N52962,N25532,N40716,N14947,N46125,N4255,N34260,N64541,N22356,N46171,N11865,N23035,N33810,N43450,N45199,N11323,N21503,N36453,N26026,N16770,N24578,N2309,N41797,N8745,N42274,N8331,N20941,N61108,N13727,N35255,N49364,N57608,N9854,N60671,N64186,N17161,N54966,N38256,N47508,N9360,N65188,N23106,N9190,N4950,N52761,N21680,N12254,N39157,N60702,N50922,N4607,N50710,N18132,N54300,N54235,N26179,N15676,N40509,N58574}","{"'N47061"': "0","'N16291"': "0","'N29468"': "0","'N59272"': "0","'N43386"': "0","'N25949"': "0","'N28413"': "0","'N36516"': "0","'N48063"': "0","'N61023"': "0","'N55132"': "0","'N52944"': "0","'N20915"': "0","'N51853"': "0","'N26376"': "0","'N48410"': "0","'N17586"': "0","'N27314"': "0","'N34876"': "0","'N6857"': "0","'N5146"': "0","'N19592"': "0","'N5364"': "0","'N55281"': "0","'N26227"': "0","'N15279"': "0","'N35170"': "0","'N3841"': "0","'N22320"': "0","'N45590"': "0","'N22880"': "0","'N31448"': "0","'N35047"': "0","'N42977"': "0","'N6056"': "0","'N11087"': "0","'N3123"': "0","'N20178"': "0","'N19318"': "0","'N26262"': "0","'N13105"': "0","'N20076"': "0","'N64734"': "0","'N4615"': "0","'N55050"': "0","'N4754"': "0","'N7840"': "0","'N13540"': "0","'N5048"': "0","'N59469"': "0","'N41122"': "0","'N52557"': "0","'N61571"': "0","'N57426"': "0","'N25315"': "0","'N29961"': "0","'N34612"': "0","'N45266"': "0","'N40438"': "0","'N47717"': "0","'N25881"': "0","'N12325"': "0","'N57713"': "0","'N36436"': "0","'N36659"': "0","'N61623"': "0","'N41172"': "1","'N19444"': "0","'N14592"': "0","'N38159"': "0","'N17759"': "0","'N13907"': "0","'N47149"': "0","'N46279"': "0","'N4201"': "0","'N9734"': "0","'N9187"': "0","'N14726"': "0","'N24157"': "0","'N36351"': "0","'N36184"': "0","'N60992"': "0","'N8807"': "0","'N7121"': "0","'N35233"': "0","'N62920"': "0","'N62128"': "0","'N13579"': "0","'N11869"': "0","'N42143"': "0","'N28213"': "0","'N4428"': "0","'N18887"': "0","'N11817"': "0","'N24423"': "0","'N59385"': "0"}"
1749,U41640,2019-11-09 05:59:57,"{N64777,N26642,N41229,N54095,N24073,N6056,N16233,N15018,N49745,N33454,N28296,N15218,N13480,N53354,N57737,N52116,N36853,N15034,N63332,N64952,N60442,N15634,N27488,N13197,N41328,N6185,N40344,N52063,N41840,N18681,N32402,N37942,N35920,N34419,N10347,N38339,N54149,N5663,N31225,N60996,N53531,N6464,N57789,N34574,N45794,N37915,N64800,N21685,N12194,N14514,N264,N9721,N25302,N58475,N60046,N1169,N9120,N22129,N32312,N42435,N47761,N10928,N4593,N28965,N47232,N1120,N41633,N54827,N54842,N8448,N32742,N39520,N26627,N11323,N29867,N24578,N63436,N31111,N32284,N40009,N11611,N15493,N23864,N23105,N26947,N40944,N39749,N12047,N16770,N45741,N60491,N7335,N36557,N63971,N24326,N28088,N33898,N54522,N44110,N8073,N21876,N37663,N51705,N48742,N52555}","{"'N20926"': "0","'N43075"': "0","'N15093"': "0","'N57972"': "0","'N59030"': "0","'N47267"': "0","'N49879"': "0","'N39115"': "1","'N56396"': "0","'N28614"': "0","'N52649"': "0","'N24180"': "0","'N5889"': "0","'N14522"': "0","'N46567"': "0","'N61652"': "0","'N10969"': "0","'N5905"': "0","'N49527"': "0","'N46597"': "0","'N19099"': "0","'N16280"': "0","'N20824"': "0","'N37108"': "0","'N17913"': "0","'N60291"': "0","'N13876"': "0","'N27845"': "0","'N33291"': "0","'N10116"': "0","'N44324"': "0","'N23760"': "0","'N48510"': "0","'N43370"': "0","'N4912"': "0","'N46057"': "0","'N49908"': "0","'N1774"': "0","'N15855"': "0","'N59761"': "0","'N4080"': "0","'N25437"': "0","'N31002"': "0","'N27143"': "0","'N732"': "0","'N3737"': "0","'N28788"': "0","'N43377"': "0","'N9019"': "0","'N4247"': "0","'N52683"': "0","'N55897"': "0","'N59508"': "0","'N26130"': "0","'N2389"': "0","'N3256"': "0","'N38488"': "0","'N57099"': "0","'N51377"': "0","'N13689"': "0","'N15960"': "0","'N61140"': "0","'N7128"': "0","'N19300"': "0","'N3727"': "0","'N23184"': "0","'N24104"': "0","'N8170"': "0","'N23784"': "0","'N33347"': "0","'N21428"': "0","'N18708"': "0","'N21342"': "0","'N62647"': "0","'N26319"': "0","'N41178"': "0","'N55645"': "0","'N38783"': "0","'N3580"': "0","'N37250"': "0","'N52294"': "0","'N50316"': "0","'N22600"': "0","'N43587"': "0","'N64228"': "0","'N43500"': "0","'N3894"': "0","'N32846"': "0","'N39949"': "0","'N16344"': "0","'N31281"': "0","'N20020"': "0","'N25764"': "0","'N63943"': "0","'N11821"': "0","'N349"': "0","'N11483"': "0","'N9457"': "1","'N58553"': "0","'N46046"': "0","'N41881"': "0","'N7813"': "0","'N25347"': "0","'N37377"': "0","'N6268"': "0","'N49953"': "0","'N36836"': "0","'N54283"': "0","'N1082"': "0","'N40356"': "0","'N55582"': "0","'N51398"': "0","'N62391"': "0","'N29857"': "0","'N58075"': "0","'N8555"': "0","'N3930"': "0","'N29536"': "0","'N23575"': "0","'N43202"': "0","'N62801"': "0","'N36964"': "0","'N6825"': "0","'N30295"': "0","'N62762"': "0","'N54300"': "0","'N26702"': "0","'N30151"': "0","'N25467"': "0","'N62838"': "1","'N17087"': "0","'N60374"': "1","'N28324"': "0","'N13176"': "0","'N43001"': "0","'N1080"': "0","'N5442"': "0","'N34930"': "0","'N48578"': "0","'N62443"': "0","'N37009"': "0","'N36707"': "0","'N53343"': "0","'N54752"': "0","'N63583"': "0","'N47061"': "0","'N33981"': "0","'N52875"': "0","'N23060"': "0","'N57005"': "0","'N13423"': "0","'N36865"': "0","'N22549"': "1","'N10602"': "0","'N24272"': "0","'N9617"': "0","'N43595"': "0","'N8399"': "0"}"
1752,U23656,2019-11-14 12:23:20,"{N41087,N8129,N50155,N11282,N53393,N42989,N27448,N59546,N55189,N6511,N3345,N53234,N57737,N6023,N50182,N50028,N5971,N21019,N46573,N13137,N10897,N33925,N23157,N37627,N52497,N833,N23045,N2599,N45994,N370,N55922,N30353,N995,N42394,N34287,N20129,N63003,N45239,N43436,N41375,N42274,N11709,N8549}","{"'N50872"': "0","'N61296"': "0","'N53237"': "0","'N42670"': "0","'N36741"': "0","'N19661"': "0","'N50058"': "0","'N6477"': "0","'N11269"': "0","'N31679"': "0","'N60272"': "0","'N61595"': "0","'N28962"': "0","'N25966"': "0","'N53615"': "0","'N22029"': "0","'N53170"': "0","'N17031"': "0","'N29212"': "0","'N24504"': "0","'N35393"': "0","'N62227"': "0","'N62992"': "0","'N4021"': "0","'N55275"': "0","'N64543"': "0","'N34185"': "0","'N4162"': "0","'N14713"': "0","'N10960"': "0","'N46452"': "0","'N54274"': "0","'N39683"': "0","'N18529"': "0","'N1539"': "0","'N57032"': "0","'N42803"': "0","'N37673"': "0","'N36612"': "0","'N29801"': "0","'N50601"': "0","'N12627"': "0","'N49284"': "0","'N21077"': "0","'N50004"': "0","'N43445"': "0","'N33123"': "0","'N38215"': "1","'N44145"': "0","'N16439"': "0","'N45523"': "1","'N48407"': "0","'N32015"': "0","'N39432"': "0","'N9349"': "0","'N47572"': "0","'N42457"': "0","'N3415"': "0","'N6816"': "0","'N60550"': "0","'N56716"': "0","'N36226"': "0","'N60231"': "0","'N19019"': "0","'N57733"': "0","'N44249"': "0","'N32759"': "0","'N35576"': "0","'N43301"': "0","'N9621"': "0","'N19318"': "0","'N37994"': "0","'N22257"': "0","'N32207"': "0","'N48613"': "0","'N46279"': "0","'N36186"': "0","'N8595"': "0","'N33005"': "0","'N6837"': "0","'N61571"': "0","'N8559"': "0","'N60858"': "0","'N6390"': "0","'N59407"': "0","'N35773"': "0","'N7618"': "0","'N3745"': "0","'N51424"': "0","'N55949"': "0","'N52295"': "0","'N6787"': "0","'N62750"': "0","'N56711"': "0","'N60799"': "0","'N36182"': "0","'N38442"': "0","'N30172"': "0","'N3726"': "0","'N24109"': "0","'N55943"': "0","'N23814"': "0","'N57368"': "0","'N51553"': "0","'N33630"': "0","'N58848"': "0","'N21297"': "0","'N30920"': "0","'N35094"': "0","'N41387"': "0","'N8074"': "0","'N4485"': "0","'N31893"': "0","'N25165"': "0","'N38733"': "0","'N59267"': "0","'N21428"': "0","'N48416"': "0","'N32005"': "0","'N62318"': "0","'N58569"': "0","'N27063"': "0","'N61404"': "0","'N4975"': "0","'N42698"': "0","'N39015"': "0","'N37636"': "0","'N41122"': "0","'N45428"': "0","'N32641"': "0","'N28072"': "0","'N16096"': "0","'N20676"': "0","'N9944"': "0","'N18409"': "0","'N6578"': "0","'N64184"': "0","'N23446"': "0","'N20793"': "0","'N14523"': "0","'N57081"': "0","'N8373"': "0","'N4156"': "0","'N60592"': "0","'N30648"': "0","'N15574"': "0","'N28281"': "0","'N44698"': "0","'N38490"': "0","'N37204"': "0","'N28961"': "0","'N29735"': "0","'N41285"': "0","'N16118"': "0","'N13005"': "0","'N23391"': "0","'N45317"': "0","'N44516"': "0","'N32567"': "0","'N38869"': "0","'N50619"': "0"}"
1756,U14632,2019-11-14 14:34:57,"{N45729,N47558,N31177,N11027,N6511,N51240,N13180,N61961,N6702,N5440,N46987,N57255,N19791,N35748,N65169,N14724,N16606,N54807,N3314,N54566,N18777,N28555,N55031,N24215,N56447,N4531,N58641,N9282,N51724,N5433,N53074,N51637,N13197,N29782,N44828,N39206,N61319,N55469,N22594,N2705,N10347,N21019,N39554,N18562,N56630,N18082,N31402,N48811,N12820,N29841,N14150,N52621,N9395,N11727,N45668,N37981,N8569,N63123,N58090,N53644,N54625,N5902,N30091,N54842,N619,N9441,N42713,N33921,N20760,N31801,N31165,N64738,N56050,N61711,N37363,N44007,N54655,N4777,N38580,N33810,N2703,N56889,N12215,N44959,N10836,N27877,N33164,N50051,N9629,N29427,N47722,N30160,N10878,N1064,N36557,N40640,N48922,N49008,N24013,N4526,N41298,N43142,N5607,N12609,N15159,N22581,N47719,N915,N34192,N33096,N35710,N14385,N58977,N52227,N21881,N1218,N34983,N38961,N62111,N47996,N47550,N42267,N46951,N39316,N11506,N48743,N62209,N64474,N56668,N62247,N52551,N41073,N63729,N57527,N51330,N31020,N21460,N11415,N2312,N59395,N48506,N23239,N34564,N64983,N18360,N18870,N41651,N49023,N55714,N63062,N47277,N10799,N28672,N49953,N31996}","{"'N57032"': "0","'N38779"': "0","'N19050"': "0","'N29212"': "0","'N37338"': "0","'N61233"': "0","'N59267"': "0","'N23089"': "0","'N42515"': "0","'N47652"': "0","'N19661"': "0","'N39792"': "0","'N56211"': "0","'N26918"': "0","'N9639"': "0","'N9621"': "0","'N45523"': "0","'N40905"': "0","'N33828"': "0","'N34185"': "0","'N41934"': "1","'N1228"': "0","'N41432"': "0","'N9284"': "0","'N52424"': "0","'N47612"': "0","'N27737"': "0","'N6837"': "0","'N7494"': "0"}"
1775,U4830,2019-11-13 12:48:17,"{N38118,N62105,N59004,N19979,N60844,N19620,N19620,N51076,N56499,N16233,N57400,N31983,N60350,N5440,N36676,N15018,N32483,N6233,N46987,N32893,N19643,N57737,N64503,N49992,N46990,N18094,N43512,N29523,N9721,N40555,N37182,N28550,N9751,N1470,N47768,N38585,N40944,N33096,N44702,N52500,N61661,N28088,N34040,N16292,N13138,N37748,N28311,N55556,N36530,N42620,N22997,N41569,N21460,N11415,N10998,N45420,N50,N14349,N18870,N29276,N60702,N6342,N40254,N58515,N64836,N1985,N23431,N53713,N40171,N14114,N5791,N35671,N15676,N21358,N46845,N52154,N44805}","{"'N37753"': "0","'N20746"': "0","'N26795"': "0","'N23162"': "0","'N45742"': "0","'N13981"': "0","'N41172"': "0","'N53861"': "0","'N4510"': "0","'N17117"': "0","'N33831"': "0","'N21712"': "0","'N27789"': "0","'N8084"': "0","'N21420"': "0","'N3123"': "0","'N4598"': "0","'N47149"': "0","'N63106"': "0","'N4754"': "0","'N10960"': "0","'N8643"': "0","'N51048"': "0","'N29468"': "0","'N25164"': "0","'N8347"': "0","'N10812"': "0","'N13907"': "0","'N21128"': "0","'N63656"': "0","'N28523"': "0","'N42602"': "0","'N41511"': "0","'N15719"': "0","'N58114"': "0","'N11769"': "0","'N14029"': "0","'N57426"': "0","'N24376"': "0","'N61032"': "0","'N4428"': "0","'N36638"': "0","'N60619"': "0","'N22417"': "0","'N36660"': "0","'N38215"': "0","'N50415"': "0","'N35047"': "0","'N50457"': "0","'N47717"': "0","'N7618"': "0","'N4642"': "0","'N23081"': "0","'N26262"': "0","'N16130"': "0","'N50381"': "0","'N64305"': "0","'N64543"': "0","'N28987"': "0","'N59088"': "0","'N8509"': "1","'N29715"': "0","'N33501"': "0","'N38808"': "0","'N28403"': "0","'N14592"': "0"}"
1790,U92739,2019-11-09 15:05:30,"{N61864,N60615,N24314,N63188,N24626,N39406,N65169,N13480,N21893,N941,N14619,N42351,N56403,N37050,N6337,N39498,N32867,N29249,N65078,N23689,N24449,N13137,N11101,N13269,N44512,N47020,N52403,N56922,N52993,N35409,N8667,N13231,N19160,N47020,N55987,N13374,N52515,N45239,N31801,N4486,N9114,N47615,N61822,N52551,N47020,N18870,N56452,N52121,N64273,N30612,N8270,N30612,N52307,N45428}","{"'N24272"': "0","'N18870"': "0","'N41881"': "0","'N27845"': "0","'N60374"': "0","'N59852"': "0","'N60585"': "0","'N53431"': "0","'N47020"': "0","'N732"': "0","'N41178"': "0","'N37143"': "0","'N51398"': "0","'N50314"': "0","'N53017"': "0","'N7850"': "1","'N43595"': "0","'N3930"': "0","'N16209"': "0","'N8929"': "0","'N5442"': "1","'N39115"': "0","'N26278"': "0","'N10350"': "0","'N6658"': "0","'N38783"': "0"}"
1792,U72280,2019-11-14 10:45:24,"{N19594,N14734,N62931,N20044,N45354,N32661,N10200,N56426,N33649,N37878,N14343,N14570,N30269,N25956,N16182,N46770,N46114,N31430,N24724,N24724,N11291,N54932,N65201,N47558,N30709,N22990,N5672,N31177,N48184,N3345,N56663,N63221,N11650,N57524,N26349,N16233,N25280,N23000,N16606,N27907,N447,N57073,N46987,N28419,N32670,N996,N29975,N32850,N54751,N38876,N33224,N4440,N6185,N45160,N51136,N58597,N4355,N15634,N41351,N22772,N24025,N50513,N54822,N43347,N27096,N62565,N12613,N19638,N41970,N54367,N19594,N593,N35420,N37752,N7044,N28144,N33258,N2237,N1479,N15539,N23755,N43807,N29782,N23439,N52625,N23755,N22732,N64137,N8572,N9863,N41899,N46151,N3258,N7171,N35820,N48983,N25549,N45250,N754,N40704,N15296,N46827,N37127,N48600,N29368,N43475,N59763,N33506,N47143,N32424,N45291,N29086,N16292,N5626,N59704,N62703,N42726,N2464,N264,N9120,N7812,N29736,N33151,N52497,N2576,N61837,N44369,N39343,N53883,N20583,N54101,N19658,N35290,N64014,N6163,N14984,N45994,N63411,N11116,N35765,N50370,N36083,N8448,N28238,N8569,N42415,N58157,N61678,N41579,N28586,N56794,N42394,N9459,N43446,N39520,N3520,N10952,N63656,N19347,N18656,N29358,N16662,N28171,N11882,N3267,N27150,N4777,N37934,N23116,N48918,N42528,N47482,N26861,N47302,N10671,N54704,N38776,N65162,N8448,N48603,N2606,N14689,N51873,N16217,N4233,N11671,N64163,N53716,N60989,N21615,N52551,N16724,N3062,N24733,N10237,N13312,N16239,N36770,N38166,N25378,N2912,N47669,N6226,N63586,N65087,N38058,N41244,N40254,N1247,N25306,N12576,N57552,N60239,N63081,N4456,N41673,N35385,N6157,N45857,N12158,N38660,N11020,N33532,N63074,N14783,N11545,N11545,N15117,N62258,N47196,N31883,N40785,N40444,N54490,N5515,N33981,N60291,N37746,N25076,N509}","{"'N24171"': "0","'N32641"': "1","'N5146"': "0","'N10552"': "0","'N47570"': "0"}"
1793,U46567,2019-11-14 05:38:00,"{N6956,N64521,N39830,N56939,N50276,N51706,N32483,N26727,N33969,N38298,N60340,N57924,N48098,N57551,N46392,N21005,N46513,N26815,N27919,N64593,N54655,N38675,N60491,N62714,N58232,N4702,N2554,N9056,N21984,N22997,N16160,N21460,N62058,N23106,N3259,N12254,N38654,N60702,N15224}","{"'N23446"': "1","'N48017"': "0","'N55325"': "0","'N49712"': "0","'N40109"': "0","'N50872"': "0","'N38779"': "0","'N23877"': "0"}"
1849,U73473,2019-11-13 17:00:03,"{N22570,N24251,N58644,N6511,N38118,N21771,N63930,N10235,N54103,N60350,N53074,N28376,N35083,N53354,N40628,N20710,N16231,N17102,N9034,N5297,N4960,N15787,N9798,N4567,N3247,N47020,N22583,N60388,N11477,N14179,N6266,N20034,N59807,N10796,N27491,N62486,N62479,N53216,N23349,N306,N1216,N14914,N1599,N11345}","{"'N29340"': "0","'N6219"': "0","'N15784"': "0","'N3431"': "0","'N52997"': "0","'N55563"': "0","'N31147"': "1","'N26909"': "0","'N39317"': "0","'N64968"': "0","'N58813"': "0","'N17759"': "0","'N34579"': "0","'N4807"': "0","'N20134"': "0","'N36659"': "0","'N166"': "0","'N58363"': "0","'N37774"': "0","'N24171"': "0","'N35112"': "0","'N5146"': "0","'N33885"': "0","'N33212"': "0","'N29065"': "0","'N61828"': "0","'N21753"': "0","'N20067"': "0","'N42977"': "1","'N55050"': "0","'N14184"': "0","'N48950"': "0","'N3663"': "0","'N52752"': "0","'N18406"': "0","'N62366"': "0","'N19903"': "0","'N61950"': "0","'N22320"': "0","'N59170"': "0","'N20495"': "0","'N37497"': "0"}"
1870,U74742,2019-11-14 17:34:23,"{N29177,N63019,N16863,N60350,N8892,N14218,N15761,N7606,N9134,N40062,N27644,N64906,N12096,N40658,N46392,N42794,N1430,N20863,N42526,N61196,N58580,N20855,N48076,N3267,N41298,N28311,N47390,N23362,N61664,N63183,N42128,N45606,N37250,N15676,N29857,N38330,N33981}","{"'N32207"': "0","'N4754"': "0","'N52867"': "0","'N38490"': "0","'N22257"': "0","'N52312"': "0","'N8373"': "0","'N50484"': "0","'N32005"': "0","'N35576"': "0","'N58264"': "0","'N33005"': "0","'N62227"': "0","'N39369"': "0","'N61740"': "0","'N36612"': "0","'N40705"': "0","'N62318"': "0","'N21914"': "0","'N37793"': "0","'N18409"': "0","'N13729"': "0","'N9621"': "0","'N3841"': "0","'N45428"': "0","'N54321"': "0","'N1031"': "0","'N4404"': "0","'N27807"': "0","'N11784"': "0","'N34185"': "0","'N36931"': "0","'N57818"': "0","'N36288"': "0","'N19017"': "0","'N28861"': "0","'N41934"': "1","'N38311"': "0","'N45523"': "0","'N41172"': "0","'N37204"': "0","'N16118"': "0","'N27737"': "0","'N51187"': "0","'N53862"': "0","'N30290"': "0","'N53031"': "0","'N23547"': "0","'N52295"': "0","'N44698"': "0","'N42378"': "0","'N33828"': "0","'N49955"': "0","'N62894"': "0","'N21436"': "0","'N61233"': "0","'N29490"': "0","'N48707"': "0","'N20793"': "0","'N5981"': "0","'N45317"': "0","'N62750"': "0","'N54752"': "0","'N30920"': "0","'N56211"': "0","'N14285"': "0","'N48487"': "0","'N29735"': "0","'N47652"': "0","'N38306"': "0","'N37994"': "0","'N9047"': "0","'N47854"': "0","'N39741"': "0","'N6051"': "0"}"
1873,U15162,2019-11-13 05:40:28,"{}","{"'N6772"': "0","'N14592"': "0","'N29847"': "0","'N26388"': "0","'N28213"': "0","'N64734"': "0","'N17168"': "0","'N45266"': "0","'N42608"': "0","'N59673"': "0","'N52723"': "0","'N33885"': "0","'N60992"': "0","'N13579"': "0","'N35112"': "0","'N34159"': "0","'N48063"': "0","'N28046"': "1","'N38159"': "0","'N31279"': "0","'N23081"': "0","'N35658"': "0","'N35738"': "0","'N20915"': "0","'N39599"': "0","'N51853"': "0","'N19903"': "0","'N37905"': "0","'N13105"': "0","'N62128"': "0","'N36184"': "0","'N34876"': "0","'N20811"': "0","'N1680"': "0","'N59272"': "0","'N2104"': "0","'N35047"': "0","'N62208"': "0","'N38788"': "0","'N47061"': "0","'N20076"': "0"}"
1919,U11698,2019-11-11 16:40:47,"{N56121,N17498,N17161,N31064}","{"'N57402"': "0","'N64816"': "0","'N11768"': "0","'N3541"': "0","'N27966"': "0","'N10688"': "0","'N54489"': "0","'N8957"': "0","'N30518"': "0","'N2476"': "0","'N3894"': "0","'N57957"': "0","'N34724"': "0","'N8191"': "0","'N19542"': "0","'N64009"': "0","'N16342"': "0","'N22226"': "0","'N22590"': "0","'N40356"': "0","'N30998"': "0","'N23414"': "0","'N41222"': "0","'N49935"': "0","'N42144"': "0","'N40468"': "1","'N62873"': "0","'N54482"': "0","'N18314"': "0","'N39765"': "0","'N53585"': "0","'N41506"': "0","'N2350"': "0","'N46526"': "0"}"
1921,U15040,2019-11-14 22:09:08,"{N45729,N60844,N28834,N19151,N4189,N58925,N3359,N6622,N53531,N13348,N39374,N15092,N9395,N27529,N65206,N6162,N21178,N52257,N32852,N14198,N7223,N46962,N1171,N47687,N38256,N11231,N5896,N28133,N25258,N6707,N18360,N28123,N1101,N40448,N35601,N50710,N28032,N52121,N41192,N18448,N53056,N9867,N27299,N7398,N37863,N5579,N48925,N37789,N65203,N55582,N48578}","{"'N36931"': "0","'N61697"': "0","'N48487"': "0","'N50484"': "0","'N53346"': "0","'N37233"': "0","'N61233"': "0","'N42515"': "0","'N37458"': "0","'N45095"': "1","'N37204"': "0","'N57081"': "0","'N9284"': "0","'N58081"': "0","'N60747"': "0","'N50055"': "0","'N38311"': "0","'N50719"': "0","'N57007"': "0","'N31503"': "0","'N58656"': "0","'N22978"': "0","'N2235"': "0","'N30290"': "0","'N11930"': "0","'N63913"': "0","'N14478"': "0","'N55322"': "0","'N28390"': "0","'N11784"': "0","'N41979"': "0","'N64037"': "0","'N27333"': "0","'N56211"': "0","'N12446"': "0","'N2960"': "0","'N21571"': "0","'N47280"': "0","'N57403"': "0","'N27289"': "0","'N63899"': "0","'N61811"': "0","'N55712"': "0","'N11378"': "0","'N48707"': "0","'N46917"': "0","'N41934"': "0","'N22975"': "0","'N10051"': "0","'N6837"': "0","'N47652"': "0","'N47195"': "0","'N21484"': "0","'N47572"': "0","'N29490"': "0","'N7494"': "0","'N27737"': "0"}"
2029,U86488,2019-11-14 13:21:21,"{N35346,N8448,N4607,N46655,N60702,N55714}","{"'N20793"': "0","'N16439"': "0","'N9047"': "0","'N32567"': "0","'N34869"': "0","'N51195"': "0","'N56211"': "0","'N58264"': "0","'N42457"': "0","'N6532"': "0","'N53615"': "0","'N42515"': "0","'N36226"': "0","'N64543"': "0","'N65027"': "0","'N3064"': "0","'N40326"': "0","'N18409"': "0","'N59501"': "0","'N1228"': "0","'N19520"': "0","'N47612"': "0","'N19318"': "0","'N28152"': "0","'N56777"': "0","'N42698"': "0","'N52424"': "0","'N3865"': "0","'N46283"': "0","'N62358"': "0","'N19019"': "0","'N9639"': "0","'N56142"': "0","'N3841"': "0","'N47087"': "0","'N12627"': "0","'N25165"': "0","'N16931"': "0","'N19050"': "1","'N61922"': "0","'N4156"': "0","'N18529"': "0","'N24109"': "0","'N45812"': "0","'N42670"': "0","'N46452"': "0","'N38442"': "0","'N12682"': "0","'N65202"': "0","'N23767"': "0","'N23446"': "0","'N44698"': "0","'N1180"': "0","'N19661"': "0","'N47572"': "0","'N48613"': "0","'N44453"': "0","'N37338"': "0","'N22353"': "0","'N53515"': "0","'N496"': "0","'N55275"': "0","'N13131"': "0","'N45428"': "1","'N59267"': "0","'N23089"': "0","'N16148"': "0","'N6477"': "0","'N38404"': "0","'N49222"': "0","'N58848"': "0","'N55943"': "0","'N45523"': "0","'N18978"': "0","'N39015"': "0","'N38779"': "0","'N28072"': "0","'N21077"': "0","'N18531"': "0","'N60539"': "0","'N6837"': "0","'N9284"': "0","'N12330"': "0","'N37348"': "0","'N3726"': "0","'N41387"': "0","'N35576"': "0","'N11542"': "0","'N39432"': "0","'N9944"': "0","'N62894"': "0","'N38869"': "0","'N13056"': "0","'N35773"': "0","'N61595"': "0","'N29212"': "0","'N36612"': "0","'N60799"': "0","'N4021"': "0","'N15574"': "0","'N38697"': "0","'N62992"': "0","'N57081"': "0","'N37204"': "0","'N48707"': "0","'N22257"': "0","'N34185"': "0","'N130"': "0","'N38311"': "0","'N32015"': "0","'N57032"': "0","'N32759"': "0","'N17115"': "0","'N28918"': "0","'N10616"': "0","'N9621"': "0","'N3415"': "0","'N23391"': "0","'N62318"': "0","'N40905"': "0","'N39683"': "0","'N8595"': "0","'N37994"': "0","'N58345"': "0","'N57311"': "0","'N34668"': "0"}"
2052,U15619,2019-11-12 06:10:30,"{N64694,N9165,N40716,N16617,N2204,N21288,N1841,N30190,N22260,N42211,N52665,N38311,N14114}","{"'N21519"': "0","'N24207"': "0","'N61962"': "0","'N62395"': "0","'N30518"': "0","'N28188"': "0","'N20041"': "0","'N4985"': "0","'N31947"': "0","'N41380"': "0","'N7319"': "0","'N6056"': "0","'N50675"': "0","'N21509"': "0","'N36789"': "0","'N63154"': "0","'N33619"': "0","'N49180"': "0","'N28385"': "0","'N47578"': "0","'N14184"': "0","'N36545"': "0","'N31035"': "0","'N44422"': "0","'N31978"': "0","'N41020"': "0","'N32544"': "1","'N60105"': "0"}"
2069,U216,2019-11-13 04:57:53,"{N30955,N11282,N53100,N44361,N17498,N18094,N2186,N21576,N24578,N34394,N306,N4526,N8448,N62714,N42620,N11231,N54571,N50475,N31802,N14349,N50372}","{"'N4754"': "0","'N53237"': "0","'N7821"': "0","'N55132"': "0","'N3123"': "0","'N47061"': "0","'N42264"': "0","'N45266"': "0","'N22442"': "0","'N30085"': "1","'N43638"': "0"}"
2084,U40295,2019-11-13 19:06:26,"{N14454,N4690,N59283,N45750,N6891,N58624,N64727,N45354,N41308,N48806,N41219,N54718,N64864,N25415,N4766,N53832,N50074,N37264,N51677,N23628,N33117,N4930,N45970,N44994,N33617,N47649,N19861,N35972,N20569,N24215,N45464,N18190,N20569,N13197,N41731,N37375,N47654,N30588,N55798,N12845,N39551,N64071,N8275,N17102,N2237,N23163,N43132,N33735,N32554,N43220,N42364,N46023,N31402,N19079,N64414,N62168,N59627,N5157,N501,N21202,N63513,N24046,N39363,N11228,N49758,N61975,N12798,N57162,N60383,N24263,N14356,N48750,N16783,N35481,N31916,N50370,N51984,N29227,N18100,N42291,N41526,N5580,N8804,N19238,N17971,N62445,N52099,N47791,N43374,N63889,N34590,N19065,N27150,N43818,N25586,N8729,N40315,N63779,N2606,N50837,N11636,N63431,N24290,N19192,N40652,N11506,N53422,N51588,N17133,N41918,N47810,N24595,N15278,N29199,N20798,N5277,N40579,N19154,N48896,N47873,N45607,N38850,N32365,N53455,N9315,N45332,N22448,N27951,N55802,N35458,N36971,N53057,N60370,N4917,N11020,N37729,N39087,N11285,N48960}","{"'N64837"': "0","'N27540"': "0","'N60059"': "0","'N59138"': "0","'N47346"': "0","'N46022"': "0","'N41612"': "0","'N5597"': "0","'N26233"': "0","'N3957"': "1","'N83"': "0","'N26262"': "0","'N16737"': "0","'N63106"': "0","'N63342"': "0","'N30089"': "0","'N47149"': "0","'N49483"': "0","'N47231"': "0","'N25315"': "0","'N34600"': "0","'N45742"': "0","'N23814"': "1","'N25040"': "0","'N14436"': "0","'N41172"': "0","'N14846"': "0","'N43487"': "0","'N22188"': "0","'N31979"': "0","'N52471"': "1","'N30071"': "0","'N56711"': "0","'N25064"': "0","'N46186"': "0","'N39187"': "0","'N35047"': "0","'N20576"': "0","'N44249"': "0","'N8084"': "0","'N18059"': "0","'N7618"': "0","'N740"': "0","'N18403"': "0","'N43301"': "0","'N48064"': "0","'N1410"': "0","'N5146"': "0"}"
2098,U32701,2019-11-14 08:34:02,"{N38963,N49088,N22545,N39594,N44633,N39708,N28553,N41954,N32089,N27644,N60000,N49289,N40704,N27154,N54575,N15765,N31064,N30765,N48564,N41651,N14349,N29341,N8878,N18132,N55714,N38330,N62853}","{"'N32774"': "0","'N33558"': "0","'N31406"': "0","'N42860"': "0","'N12627"': "0","'N38779"': "0","'N3894"': "0","'N23877"': "0","'N60272"': "0","'N58086"': "0","'N56300"': "0","'N29363"': "0","'N46821"': "0","'N28805"': "0","'N16931"': "0","'N48416"': "0","'N42457"': "0","'N38404"': "0","'N18312"': "0","'N51195"': "0","'N34600"': "0","'N496"': "0","'N7618"': "0","'N1539"': "0","'N4021"': "0","'N28072"': "0","'N44249"': "0","'N17231"': "0","'N6390"': "0","'N28203"': "0","'N8029"': "0","'N45509"': "0","'N60550"': "0","'N30713"': "0","'N31679"': "0","'N29212"': "0","'N43275"': "0","'N62894"': "0","'N16439"': "0","'N9135"': "0","'N22188"': "0","'N4675"': "0","'N48017"': "0","'N61544"': "0","'N64543"': "0","'N40109"': "0","'N18522"': "0","'N54752"': "0","'N42698"': "0","'N23446"': "0","'N40852"': "0","'N28201"': "1","'N10616"': "0","'N14436"': "0","'N23814"': "0","'N15450"': "0","'N47576"': "0","'N11817"': "0","'N64095"': "0","'N34869"': "0","'N43277"': "0","'N50872"': "0","'N32567"': "0","'N64174"': "0","'N47098"': "0","'N3064"': "0","'N19318"': "0","'N36991"': "0","'N47346"': "0","'N38215"': "0","'N7670"': "0","'N58660"': "0","'N3726"': "0","'N64305"': "0","'N40460"': "0","'N57081"': "0","'N41387"': "0","'N33576"': "0","'N45523"': "0","'N54348"': "0","'N28899"': "0","'N17759"': "0","'N61296"': "0","'N44698"': "0","'N61787"': "0","'N46283"': "0","'N58814"': "0","'N6477"': "0","'N47151"': "0","'N8260"': "0","'N4156"': "0","'N10960"': "0","'N35393"': "0","'N64858"': "0","'N55275"': "0","'N16777"': "0","'N2787"': "0","'N38869"': "0","'N51489"': "0","'N60231"': "0","'N61483"': "0","'N36226"': "0","'N31893"': "0","'N37673"': "0","'N55712"': "0","'N22257"': "0","'N59142"': "0","'N12446"': "0","'N41288"': "0","'N51570"': "0","'N39109"': "0"}"
2112,U1788,2019-11-14 06:16:26,"{N29177,N46911,N56663,N16695,N19620,N46978,N11382,N44559,N21561,N58641,N17493,N25114,N60350,N33931,N34923,N46033,N6185,N9899,N34863,N23755,N16636,N55318,N8431,N39206,N46868,N42526,N12676,N54842,N30160,N47916,N6884,N47719,N42620,N35440,N46846,N55714,N31825,N60281,N45269,N33548,N37509,N55558,N49879,N15676}","{"'N23446"': "0","'N51570"': "0","'N55325"': "0","'N4021"': "1","'N29739"': "0","'N50592"': "0","'N10960"': "0","'N36226"': "0","'N8015"': "0","'N39109"': "0","'N59685"': "0","'N11817"': "0","'N16844"': "0","'N48017"': "0","'N45509"': "0","'N40109"': "0","'N45317"': "0","'N50872"': "0","'N38779"': "0","'N49712"': "0","'N23877"': "0","'N64174"': "0","'N53875"': "0","'N32854"': "0"}"
2166,U91256,2019-11-14 07:22:02,"{}","{"'N50872"': "0","'N40109"': "0","'N64543"': "0","'N10960"': "0","'N51570"': "0","'N23877"': "0","'N23446"': "1","'N38779"': "0","'N64305"': "0","'N47346"': "0","'N11817"': "0","'N4247"': "0"}"
2177,U64224,2019-11-13 15:27:36,"{N36699,N40772,N50032,N20408,N228,N39235,N5978,N28058,N4526,N37091,N37091,N20953,N37250,N12431,N36424}","{"'N36261"': "0","'N51048"': "0","'N14029"': "1","'N56214"': "0","'N4642"': "0","'N51287"': "0","'N37437"': "0","'N64252"': "0","'N47061"': "0","'N21420"': "0"}"
2181,U4716,2019-11-11 10:09:02,"{N37811,N8667,N57801,N54827,N22260,N4607}","{"'N32791"': "0","'N59981"': "0","'N42961"': "0","'N55689"': "0","'N63550"': "0","'N13801"': "0","'N59436"': "0","'N154"': "0","'N40318"': "0","'N52622"': "1","'N21707"': "0","'N6099"': "0","'N35729"': "1","'N53585"': "1"}"
2230,U79133,2019-11-10 12:35:01,"{N31801,N46229,N12948,N5018,N8331,N47719,N47719,N6506,N63277,N64467,N33898,N13138,N56223,N64474,N7839,N5283,N13429,N3874,N32570,N32498,N11804,N4607,N23958,N61274,N52555,N12732,N16437,N23431,N4247,N48925,N3491}","{"'N22664"': "0","'N13051"': "0","'N40472"': "0","'N4861"': "0","'N26159"': "0","'N48657"': "0","'N15855"': "0","'N47957"': "0","'N61185"': "0","'N41220"': "0","'N17482"': "0","'N8061"': "0","'N36675"': "0","'N61022"': "1","'N28282"': "0","'N36703"': "0","'N23184"': "0","'N26130"': "0","'N47747"': "0","'N35854"': "0","'N31763"': "0","'N18213"': "0","'N3128"': "0","'N46307"': "0","'N36545"': "0","'N59644"': "0","'N42682"': "0","'N30619"': "0","'N64513"': "0","'N26706"': "1","'N18606"': "0","'N53245"': "0","'N29069"': "0","'N23085"': "0","'N14520"': "0","'N52203"': "0","'N59390"': "0","'N25546"': "0","'N28773"': "0","'N46992"': "0","'N46878"': "0","'N20413"': "0","'N51330"': "0","'N33981"': "0","'N57614"': "0","'N379"': "0","'N15435"': "0","'N209"': "0","'N6926"': "0","'N25471"': "0","'N44651"': "1","'N29341"': "0","'N54274"': "0","'N279"': "0","'N34848"': "0","'N32240"': "0","'N13575"': "0","'N46666"': "0","'N25623"': "0","'N61145"': "0","'N15224"': "0","'N26363"': "0","'N43309"': "0"}"
2301,U65207,2019-11-12 17:25:44,"{N31900,N6956,N33415,N42363,N58401,N33417,N42281,N10175,N57551,N49454,N16292,N26119,N55576,N48120,N5102,N28088,N4299,N7172,N14191,N31064,N7943,N47727,N14522,N33291,N30108,N62391,N48925}","{"'N44422"': "0","'N35738"': "0","'N45704"': "0","'N37793"': "0","'N46607"': "0","'N26415"': "1","'N54125"': "0","'N33885"': "0","'N64851"': "1","'N33212"': "0","'N16096"': "0","'N49194"': "0","'N10074"': "0","'N62386"': "0","'N27560"': "0","'N55759"': "0","'N1940"': "0","'N20134"': "0","'N26626"': "0","'N54003"': "0"}"
2341,U71076,2019-11-14 04:44:42,"{N58936,N43464,N6974,N5327,N6233,N17493,N16290,N4440,N64098,N4355,N53987,N6695,N33276,N31931,N19709,N55951,N49731,N46392,N59704,N4069}","{"'N13094"': "0","'N62003"': "0","'N9135"': "0","'N5364"': "0","'N8656"': "0","'N31031"': "0","'N45509"': "0","'N33929"': "0","'N30071"': "0","'N18403"': "0","'N58114"': "0","'N56548"': "0","'N834"': "0","'N2869"': "0","'N36016"': "0","'N23814"': "0","'N38138"': "0","'N47721"': "0","'N34600"': "0","'N61787"': "0","'N10552"': "0","'N36786"': "0","'N12124"': "0","'N55281"': "0","'N6816"': "0","'N5597"': "0","'N37609"': "0","'N7121"': "0","'N14436"': "0","'N23805"': "0","'N55949"': "0","'N23864"': "0","'N31948"': "0","'N39446"': "0","'N10746"': "0","'N9734"': "0","'N10812"': "0","'N61483"': "0","'N58660"': "0","'N31370"': "0","'N43415"': "0","'N51287"': "0","'N16777"': "0","'N45742"': "0","'N44234"': "0","'N21128"': "0","'N26262"': "0","'N64632"': "0","'N36249"': "0","'N55488"': "0","'N56711"': "0","'N55976"': "0","'N38442"': "0","'N51552"': "0","'N57014"': "0","'N55555"': "0","'N496"': "0","'N39389"': "0","'N46186"': "0","'N3045"': "0","'N31448"': "0","'N47098"': "0","'N7476"': "0","'N21036"': "0","'N45428"': "0","'N20770"': "0","'N58893"': "0","'N54752"': "0","'N14535"': "0","'N3580"': "0","'N41122"': "0","'N38215"': "0","'N23749"': "0","'N18740"': "0","'N41726"': "0","'N22750"': "0","'N48064"': "0","'N26081"': "0","'N49908"': "0","'N25315"': "0","'N42457"': "0","'N46801"': "0","'N8791"': "0","'N12166"': "0","'N16419"': "0","'N6866"': "0","'N49498"': "0","'N23877"': "1","'N58814"': "0","'N19867"': "0","'N21030"': "0","'N49712"': "0","'N16328"': "0","'N12162"': "0","'N8347"': "0","'N48017"': "0","'N52471"': "0","'N11257"': "0","'N59385"': "0","'N10754"': "0","'N63255"': "0","'N6962"': "0","'N53875"': "0","'N27055"': "0","'N9009"': "0","'N43275"': "0","'N62750"': "0","'N11769"': "0","'N31893"': "0","'N55275"': "0","'N12330"': "0","'N57034"': "0","'N40676"': "0","'N10960"': "0","'N3894"': "0","'N64174"': "0","'N37194"': "0","'N5652"': "0","'N8015"': "0","'N41172"': "0","'N47231"': "0","'N39187"': "0","'N58086"': "0","'N47346"': "0","'N30089"': "0","'N35389"': "0","'N18522"': "0","'N63656"': "0","'N18573"': "0","'N6787"': "0","'N3167"': "0","'N6216"': "0","'N50601"': "0","'N41040"': "0","'N59138"': "0","'N62894"': "0","'N27476"': "0","'N40559"': "0","'N35387"': "0","'N46004"': "0","'N36933"': "0","'N36226"': "0","'N65049"': "0","'N20576"': "0","'N49956"': "0","'N8509"': "0","'N25064"': "0","'N25324"': "0","'N8595"': "0","'N32118"': "0","'N50872"': "0","'N50754"': "0","'N59214"': "0","'N6664"': "0","'N6056"': "0","'N43301"': "0","'N60272"': "0","'N18553"': "0","'N45734"': "0","'N8029"': "0","'N31679"': "0","'N23942"': "0","'N29133"': "0","'N32854"': "0","'N21611"': "0","'N31406"': "0","'N60550"': "0","'N58573"': "0","'N1999"': "0","'N17117"': "0","'N15719"': "0","'N35047"': "0","'N26673"': "0","'N53296"': "0","'N25040"': "0","'N36401"': "0","'N7466"': "0","'N28767"': "0","'N27869"': "0","'N1020"': "0","'N8559"': "0","'N4021"': "0","'N35767"': "0","'N614"': "0","'N9623"': "0","'N29739"': "0","'N51006"': "0","'N14929"': "0","'N7618"': "0","'N1012"': "0","'N11940"': "0","'N26944"': "0","'N5048"': "0","'N64691"': "0","'N20356"': "0","'N38695"': "0","'N41612"': "0","'N14170"': "0","'N44249"': "0","'N3465"': "0","'N28413"': "0","'N6566"': "0","'N35170"': "0","'N4754"': "0","'N3957"': "0","'N59168"': "0","'N40130"': "0","'N7670"': "0","'N19776"': "0","'N5146"': "0","'N17759"': "0","'N20603"': "0","'N51570"': "0","'N24193"': "0","'N38080"': "0","'N2021"': "0","'N49483"': "0","'N31630"': "0","'N50014"': "0","'N20793"': "0","'N63106"': "0","'N13337"': "0","'N57451"': "0","'N22257"': "0","'N64412"': "0","'N39399"': "0","'N40109"': "0","'N60161"': "0","'N63174"': "0","'N29517"': "0","'N12523"': "0","'N11817"': "0","'N5358"': "0","'N16844"': "0","'N51975"': "0","'N43487"': "0","'N59194"': "0","'N38333"': "0","'N40438"': "0"}"
2349,U10725,2019-11-14 07:36:30,"{N12631,N13427,N16874,N60223,N33969,N36751,N58189,N1603,N40275,N24237,N27096,N9226,N42526,N43903,N45794,N32110,N59704,N25103,N10897,N37920,N28010,N23653,N24237,N11005,N53834,N41797,N4526,N47180,N14108,N572,N5345,N6416,N5277,N25173,N48715,N51992,N35369,N7879,N35671}","{"'N38779"': "0","'N9135"': "0","'N47098"': "0","'N23446"': "0","'N29212"': "1","'N50872"': "0","'N48017"': "0","'N6477"': "0","'N40109"': "0","'N23877"': "0","'N51570"': "0","'N55488"': "0","'N46821"': "0"}"
2366,U54755,2019-11-11 05:23:24,"{N51998,N51076,N59173,N17796,N25351,N20792,N48124,N12367,N32939,N40704,N12098,N27154,N32978,N21576,N46599,N12676,N24689,N33154,N40944,N23105,N27268,N21984,N52874,N26009,N8258,N90,N8629,N32004,N60212,N22976,N4607,N46795,N59143,N35793,N30209,N63062,N57187,N10470,N49040}","{"'N27581"': "0","'N33632"': "0","'N35937"': "0","'N49685"': "1","'N35729"': "0"}"
2426,U34223,2019-11-11 02:48:06,"{N50388,N40163,N41495,N60699,N14150,N13754,N43142,N16684,N8448,N52874,N50346,N42620,N45736,N61210,N31584,N52761,N63578,N10353,N4654}","{"'N28047"': "0","'N25414"': "0","'N14531"': "0","'N64542"': "0","'N49685"': "0","'N31273"': "1","'N54161"': "0","'N56193"': "0","'N35729"': "0","'N48759"': "0","'N27486"': "0","'N37870"': "0","'N27581"': "0","'N18870"': "0","'N9271"': "0","'N53318"': "0","'N43073"': "0","'N46972"': "0","'N62729"': "0","'N58166"': "0","'N40495"': "0","'N4912"': "0"}"
2428,U59832,2019-11-13 12:28:12,"{N31896,N26364,N21020,N29857,N22625}","{"'N6873"': "0","'N22417"': "0","'N33831"': "0","'N21420"': "0","'N17117"': "0","'N51048"': "0","'N51195"': "0","'N4913"': "0","'N36660"': "0","'N39010"': "0","'N21712"': "0","'N7618"': "0","'N14029"': "1","'N39774"': "0","'N4642"': "0","'N18862"': "0","'N50415"': "1","'N29801"': "0","'N8509"': "1","'N19592"': "0","'N61032"': "0","'N35273"': "0","'N15719"': "0","'N4510"': "0","'N61027"': "1","'N20746"': "1","'N19444"': "0","'N20576"': "0","'N13907"': "0","'N47061"': "0","'N8084"': "0","'N31050"': "0","'N33501"': "0","'N49483"': "0","'N8559"': "0"}"
2469,U14379,2019-11-12 10:10:47,"{N1569,N11071,N15254,N27448,N52677,N65066,N55189,N46987,N44495,N53531,N477,N28828,N47232,N42726,N58090,N54625,N19594,N7512,N55922,N63469,N56240,N619,N31801,N23344,N10527,N54225,N7008,N8684,N59254,N36530,N42620,N51464,N51089,N46267,N41233,N52551,N27766,N11653,N10470,N63854,N48742,N3566,N25047,N53057,N46811,N59451,N22816,N40785,N37889,N58649,N41449,N2678,N2678,N13355,N16283}","{"'N64734"': "0","'N32182"': "0","'N63970"': "0","'N42634"': "0","'N58363"': "1","'N62360"': "0"}"
2480,U23229,2019-11-11 04:55:11,"{N2666,N4214,N58401,N49223,N23163,N24356,N24356,N61018,N51821,N41260,N28803,N54730,N20139,N8401,N20953,N2137,N2137,N9836,N62391,N25785}","{"'N5370"': "0","'N36712"': "1"}"
2494,U33721,2019-11-12 18:13:31,"{N53393,N8298,N26885,N58282,N1633,N35259,N11350,N10753,N22007,N61864,N30665,N14619,N23203,N38431,N31295,N32447,N13415,N3141,N18873,N62634,N40902,N47020,N37647,N42025,N47544,N52886,N48240,N32310,N51058,N49400,N29358,N40579,N2912,N62957,N42992,N1297,N19914,N35458,N32934,N26248,N62801,N62268,N47020}","{"'N10350"': "0","'N30153"': "0","'N13486"': "0","'N55281"': "0","'N45313"': "0","'N40565"': "0","'N37058"': "1","'N8687"': "0","'N58114"': "0","'N64094"': "0","'N47020"': "0","'N29952"': "0","'N48046"': "0","'N33240"': "0","'N31147"': "0","'N55606"': "0","'N64745"': "0","'N19924"': "0","'N41354"': "0","'N36436"': "0","'N20915"': "0"}"
2530,U74445,2019-11-11 10:33:23,"{N22859,N3501,N60608,N23571,N52097,N5114,N21623,N58226,N52865,N21598,N20034,N33998,N29021,N11177,N57237,N59822,N2858,N48592,N61267,N34862}","{"'N25212"': "0","'N11830"': "0","'N42961"': "0","'N15855"': "0","'N63550"': "0","'N18870"': "0","'N55204"': "0","'N6926"': "0","'N40725"': "0","'N35729"': "0","'N59981"': "0","'N32791"': "0","'N40318"': "0","'N8957"': "0","'N61359"': "0","'N45616"': "0","'N47229"': "0","'N26262"': "0","'N51346"': "1","'N36351"': "0","'N6099"': "0","'N21707"': "0","'N61214"': "0","'N43492"': "0","'N61623"': "0","'N53585"': "0","'N7809"': "0","'N30108"': "0","'N59436"': "0","'N43748"': "0","'N154"': "0","'N11363"': "0","'N13801"': "0","'N35738"': "0","'N12800"': "0","'N50314"': "0","'N63538"': "0"}"
2548,U89736,2019-11-13 14:46:24,"{N35009,N20609,N51574,N32101,N56447,N10865,N61864,N22990,N28236,N48614,N19741,N5978,N15022,N52755,N12003,N36230,N19028,N24298,N34192,N18676,N47020,N572,N15440,N26912,N47020,N37250,N53428,N62268,N47020,N5560,N35305}","{"'N47020"': "0","'N47231"': "0","'N27869"': "0","'N41172"': "0","'N31556"': "0","'N38215"': "0","'N42457"': "0","'N56214"': "0","'N63796"': "0","'N23134"': "0","'N11769"': "0","'N35847"': "0","'N4107"': "1","'N45742"': "0","'N19444"': "0","'N57426"': "0","'N14029"': "0","'N64968"': "0","'N27198"': "0","'N35047"': "0","'N4510"': "0","'N34568"': "0","'N46501"': "1","'N26233"': "0","'N34048"': "0","'N47205"': "0","'N29964"': "0","'N64096"': "0","'N23162"': "0","'N13907"': "0","'N976"': "0","'N45509"': "0","'N4754"': "0","'N26262"': "0","'N37437"': "0","'N50288"': "0","'N17529"': "1","'N59385"': "0","'N6873"': "0","'N6962"': "0","'N8509"': "0","'N53861"': "0","'N3344"': "0","'N17117"': "0","'N4642"': "0","'N36261"': "0","'N7618"': "0","'N50014"': "0","'N31183"': "0","'N22417"': "0","'N35273"': "0","'N56227"': "0","'N2704"': "0","'N36638"': "0","'N54291"': "0","'N47061"': "0","'N33831"': "0","'N36221"': "0","'N47149"': "0","'N55132"': "0","'N61027"': "0"}"
2558,U69822,2019-11-12 12:31:46,"{N55846,N35518,N42937,N29680,N21383,N62429,N2642,N61203,N44559,N31191,N31191,N16233,N27464,N37599,N4259,N40772,N4020,N8603,N46151,N46392,N50328,N48497,N54772,N46987,N59426,N40716,N3309,N6656,N4332,N54827,N12003,N61959,N60919,N29867,N306,N10964,N55946,N54695,N28088,N12306,N20547,N32004,N12844,N732,N20567,N23958,N41218,N60364}","{"'N31029"': "0","'N58363"': "0","'N41020"': "0","'N43102"': "0","'N3344"': "0","'N40839"': "0","'N45551"': "0","'N34998"': "0","'N42634"': "0","'N62386"': "0","'N38309"': "0","'N12731"': "1","'N64851"': "0","'N49180"': "0","'N57754"': "0","'N32544"': "0","'N13486"': "0","'N63970"': "0","'N17069"': "0","'N11511"': "0","'N52094"': "0","'N32182"': "0","'N16096"': "0","'N62360"': "0","'N6975"': "0"}"
2565,U21621,2019-11-09 10:53:27,"{N56441,N20100,N58309,N62931,N47069,N1150,N6956,N32827,N13197,N20699,N29910,N47960,N13833,N5310,N11228,N45794,N3657,N59725,N6441,N34567,N48871,N43805,N6484,N49282,N46229,N18999,N60300,N60004,N36530,N23196,N43235,N55001,N10331,N32610,N59653,N28570}","{"'N3148"': "0","'N38783"': "0","'N43248"': "0","'N28319"': "0","'N2516"': "0","'N27583"': "0","'N12325"': "0","'N47267"': "0","'N20824"': "0","'N279"': "0","'N349"': "0","'N36683"': "0","'N57527"': "0","'N23060"': "0","'N28788"': "0","'N62762"': "0","'N39342"': "0","'N33347"': "0","'N25212"': "0","'N52694"': "0","'N61742"': "0","'N46046"': "0","'N42885"': "0","'N27525"': "0","'N8399"': "0","'N16280"': "0","'N27441"': "0","'N52683"': "0","'N21428"': "0","'N39461"': "0","'N46567"': "0","'N37088"': "0","'N26130"': "0","'N45428"': "0","'N37009"': "0","'N19099"': "0","'N42028"': "0","'N54287"': "0","'N13833"': "0","'N53373"': "0","'N17130"': "0","'N25764"': "1","'N27708"': "0","'N4118"': "0","'N5905"': "0","'N28684"': "0","'N18708"': "0","'N37377"': "0","'N9617"': "0","'N62838"': "0","'N53431"': "0","'N51378"': "0","'N17087"': "0","'N64195"': "0","'N10116"': "0","'N23784"': "0","'N11821"': "0","'N27143"': "0","'N47061"': "0","'N14522"': "0","'N48578"': "0","'N36964"': "0","'N7891"': "0","'N45445"': "0","'N12831"': "0","'N55714"': "0","'N44679"': "0","'N60868"': "0","'N28324"': "0","'N40342"': "0","'N10602"': "0","'N36865"': "0","'N26514"': "0","'N31054"': "0","'N37143"': "0","'N61140"': "0","'N13580"': "0","'N51763"': "0","'N54634"': "0","'N50314"': "0","'N63309"': "0","'N12523"': "0","'N28934"': "0","'N17357"': "0","'N48510"': "0","'N60585"': "0","'N34799"': "0","'N56396"': "0","'N43370"': "0","'N31281"': "0","'N55582"': "0","'N1774"': "0","'N43500"': "0","'N5791"': "0","'N8061"': "0","'N3894"': "0","'N58295"': "0","'N15855"': "0","'N5957"': "0","'N13423"': "0","'N16209"': "0","'N34930"': "0","'N58140"': "0","'N29017"': "0","'N22371"': "0","'N36086"': "0","'N25467"': "0","'N49879"': "0","'N43083"': "1","'N15020"': "0","'N41188"': "0","'N44324"': "0","'N4999"': "0","'N56105"': "0","'N6258"': "0","'N7795"': "0","'N1080"': "0","'N50575"': "0","'N11484"': "0","'N30295"': "0","'N63685"': "0","'N7813"': "0","'N23935"': "0","'N39267"': "0","'N29218"': "0","'N19605"': "0","'N20926"': "0","'N10754"': "0","'N47960"': "0","'N6825"': "0","'N43001"': "0","'N28895"': "0"}"
2639,U40367,2019-11-12 08:36:37,"{N40772,N38825,N6023,N15634,N787,N28992,N45994,N37748,N55556,N51089,N4633,N41449,N41651,N18132}","{"'N63970"': "0","'N41020"': "0","'N50675"': "0","'N20069"': "0","'N33619"': "0","'N49180"': "1","'N62360"': "0","'N7319"': "0"}"
2652,U5806,2019-11-10 18:23:50,"{N22185,N4893,N60206,N1445,N58235,N33247,N44942,N15749,N12907,N44495,N56447,N35083,N59318,N44361,N45310,N64208,N18190,N49693,N11894,N5290,N43069,N58504,N45187,N56741,N50513,N28134,N46082,N28691,N57582,N7046,N27644,N47729,N37882,N59496,N22561,N36030,N14414,N9226,N51238,N56630,N39263,N60046,N20413,N14784,N45915,N56514,N45690,N40692,N55043,N1169,N49289,N31843,N59285,N23554,N17050,N6884,N17495,N30884,N48697,N60983,N15788,N13429,N19495,N17580,N52551,N6842,N2511,N36770,N17892,N5960,N55911,N48742,N55449,N58531,N55897,N35276,N36053,N296,N8148,N37509,N65088,N49102,N5527,N40509,N6767,N15676,N38343,N3894,N59451,N53037,N42384}","{"'N18423"': "0","'N65088"': "0","'N29341"': "0","'N45633"': "0","'N49685"': "0","'N43309"': "0","'N56784"': "0","'N37190"': "0","'N35738"': "0","'N56227"': "0","'N17104"': "0","'N5379"': "0","'N18613"': "0","'N26179"': "0","'N33981"': "0","'N38783"': "0","'N20413"': "0","'N52253"': "0","'N38691"': "0","'N58728"': "1"}"
2677,U22938,2019-11-11 14:09:23,"{N16215,N27448,N20959,N35439,N54496,N37976,N28248,N11767,N46978,N49745,N53879,N871,N60346,N51706,N51724,N40508,N49481,N60938,N33276,N59156,N11508,N33399,N31801,N48276,N21136,N33096,N33337,N52840,N58232,N49364,N13927,N13138,N5270,N8073,N48356,N13910,N19161,N31857,N32498,N29690,N42128,N12608,N14981,N46795,N18870,N18870,N60702,N52303,N37897,N23958,N2782,N50941,N10470,N30864,N60681,N13876,N64836,N36766,N6218,N20575,N37509,N54677,N37091,N20607,N30253,N2735,N10359,N58574,N29857,N209,N41449,N37746,N2678,N37746,N48280}","{"'N54868"': "0","'N29715"': "0","'N52622"': "0","'N31980"': "0","'N18698"': "1","'N48572"': "0","'N36933"': "0","'N15260"': "0","'N54274"': "0","'N31763"': "0","'N23414"': "0","'N63538"': "0","'N25437"': "0","'N60272"': "0","'N46526"': "0","'N39461"': "0","'N1920"': "0","'N6926"': "0","'N20729"': "0","'N53585"': "0","'N20811"': "0","'N17340"': "0","'N61359"': "0","'N57527"': "0","'N10061"': "0","'N62212"': "0","'N6379"': "0","'N17106"': "0","'N63319"': "0","'N46992"': "0","'N3894"': "0","'N30253"': "0","'N43432"': "0","'N5075"': "0","'N26130"': "0","'N24686"': "0","'N30518"': "0","'N13486"': "0","'N49375"': "0","'N3506"': "0","'N22029"': "0","'N7891"': "0","'N47229"': "0","'N64244"': "0","'N4936"': "0","'N58549"': "0","'N46810"': "0","'N44818"': "0","'N51587"': "0","'N40431"': "0","'N2350"': "0","'N8957"': "0","'N46029"': "0","'N15830"': "0","'N2"': "0","'N43502"': "0","'N51506"': "0","'N50469"': "0","'N45616"': "0","'N28132"': "0","'N32074"': "0","'N36621"': "0","'N17482"': "0","'N64526"': "0","'N26940"': "0","'N555"': "0","'N59343"': "0","'N55204"': "0","'N51896"': "0","'N56517"': "0","'N10840"': "0","'N10464"': "0","'N15855"': "0","'N57957"': "0","'N61839"': "0","'N54988"': "0","'N10688"': "0","'N49240"': "0","'N22221"': "0","'N33964"': "0","'N57030"': "0","'N48015"': "0","'N5091"': "0","'N54482"': "0","'N51346"': "0","'N15761"': "0","'N28542"': "0","'N26331"': "0","'N26286"': "0","'N45660"': "0","'N3841"': "0","'N41698"': "0","'N15462"': "0","'N3474"': "0","'N16790"': "0","'N12028"': "0","'N60872"': "0","'N23235"': "0","'N35272"': "0","'N53008"': "0","'N9139"': "0","'N9763"': "0","'N40530"': "0","'N12608"': "0","'N8061"': "0","'N49777"': "0","'N22457"': "0","'N18708"': "0","'N52782"': "0","'N7128"': "0","'N53214"': "0","'N58572"': "0","'N40356"': "0","'N33848"': "0","'N3541"': "0","'N18423"': "0","'N51210"': "0","'N23174"': "0","'N15132"': "0","'N47981"': "0","'N23081"': "0","'N25623"': "0","'N12280"': "0","'N50389"': "0","'N13930"': "0","'N21119"': "0","'N5905"': "0","'N55940"': "0","'N18132"': "0","'N24985"': "0","'N7809"': "0","'N13259"': "0","'N56227"': "0","'N20018"': "0","'N13341"': "0","'N42961"': "0","'N61145"': "0","'N7328"': "0","'N24550"': "0","'N55689"': "0","'N64816"': "0","'N54489"': "0","'N12800"': "0","'N29001"': "0","'N53054"': "0","'N60300"': "0","'N51241"': "0","'N11830"': "0","'N45270"': "0","'N1914"': "0","'N61623"': "0","'N47747"': "0","'N14531"': "0","'N11301"': "0","'N29069"': "0","'N16342"': "0","'N35738"': "0","'N4247"': "0","'N47873"': "0","'N7041"': "0","'N19770"': "0","'N26702"': "0","'N16920"': "0","'N3697"': "0","'N3128"': "0","'N5001"': "0","'N22816"': "0","'N11821"': "0","'N14075"': "0","'N40725"': "0","'N38662"': "0","'N19542"': "0","'N154"': "0","'N1019"': "0","'N25163"': "0","'N58410"': "0","'N19444"': "0","'N28757"': "0","'N56598"': "0","'N6342"': "0","'N62111"': "0","'N44737"': "0","'N43789"': "0","'N24176"': "0","'N32087"': "0","'N13730"': "0","'N42144"': "0","'N48890"': "0","'N39765"': "0","'N20954"': "0","'N30998"': "0","'N6099"': "0","'N59407"': "0","'N61363"': "0"}"
2768,U80905,2019-11-11 06:57:28,"{N5227,N45020,N62931,N11071,N8419,N33780,N29464,N45653,N41089,N6233,N14340,N642,N51706,N996,N33998,N3345,N27644,N7044,N62746,N30665,N54612,N51124,N17102,N20680,N30974,N14185,N49436,N5727,N40821,N11101,N12096,N1595,N13137,N40355,N34649,N62703,N63229,N47993,N21217,N59426,N53883,N54827,N16617,N42470,N7080,N47566,N32836,N34140,N24591,N38701,N20057,N48171,N11005,N54225,N62546,N24243,N15789,N26695,N4764,N61249,N52398,N48061,N47672,N24448,N36787,N33096,N11405,N41375,N21075,N10520,N47180,N16571,N13138,N56199,N14723,N53872,N44060,N44110,N50020,N6419,N4233,N20522,N64482,N63539,N14761,N43902,N61664,N17099,N55408,N52515,N29544,N4607,N732,N32004,N60702,N21317,N40783,N53436,N1345,N43202,N54536,N24075,N2155,N37250,N4741,N48366}","{"'N36273"': "0","'N39978"': "0","'N63550"': "0","'N16280"': "0","'N57987"': "0","'N4912"': "0","'N11363"': "0","'N40065"': "0","'N18749"': "0","'N61572"': "0","'N54274"': "0","'N53318"': "0","'N6693"': "0","'N31533"': "0","'N26130"': "0","'N36786"': "0","'N51185"': "0","'N53867"': "0","'N56193"': "0","'N43432"': "0","'N57030"': "0","'N19249"': "0","'N16140"': "0","'N33848"': "0","'N24180"': "0","'N20811"': "0","'N58710"': "0","'N7891"': "0","'N707"': "0","'N26902"': "0","'N50389"': "0","'N64542"': "0","'N13051"': "0","'N41578"': "0","'N43309"': "0","'N61623"': "0","'N42961"': "0","'N53017"': "0","'N36703"': "0","'N13341"': "0","'N15830"': "0","'N13801"': "0","'N62391"': "0","'N3128"': "0","'N15855"': "0","'N1920"': "0","'N1914"': "0","'N57090"': "0","'N32437"': "0","'N56227"': "0","'N65088"': "0","'N43492"': "0","'N6379"': "0","'N50469"': "0","'N9271"': "0","'N28578"': "0","'N33981"': "0","'N35738"': "0","'N18870"': "0","'N63538"': "0","'N47851"': "0","'N1019"': "0","'N22664"': "0","'N12028"': "0","'N14713"': "0","'N47229"': "0","'N38186"': "0","'N29128"': "0","'N57385"': "0","'N57368"': "0","'N35729"': "0","'N45561"': "0","'N61214"': "0","'N55178"': "0","'N5370"': "0","'N26940"': "0","'N47035"': "0","'N18423"': "0","'N41842"': "0","'N60858"': "0","'N18340"': "0","'N47067"': "0","'N55689"': "1","'N48280"': "0","'N8061"': "0","'N48759"': "0","'N27581"': "0","'N62093"': "0","'N62633"': "0","'N31763"': "0","'N52203"': "0","'N45076"': "0","'N24686"': "0","'N35388"': "0","'N28204"': "0","'N57853"': "0","'N12042"': "0","'N60826"': "0","'N45964"': "0","'N28413"': "0","'N53237"': "0","'N26539"': "0","'N11830"': "0","'N62570"': "0","'N58553"': "0","'N3541"': "0","'N6926"': "0","'N58549"': "0","'N35937"': "0","'N26376"': "0","'N13486"': "0","'N40431"': "0","'N61006"': "0","'N3506"': "0","'N32791"': "0","'N49908"': "0","'N17340"': "0","'N43415"': "0","'N36712"': "0","'N5497"': "0","'N35737"': "0"}"
2796,U15162,2019-11-12 06:14:50,"{}","{"'N43992"': "0","'N59713"': "0","'N47578"': "0","'N44330"': "0","'N19241"': "0","'N20413"': "0","'N51750"': "0","'N61065"': "0","'N44493"': "0","'N57342"': "0","'N20079"': "0","'N57535"': "0","'N56517"': "0","'N32544"': "0","'N12028"': "0","'N34110"': "0","'N28588"': "0","'N13698"': "0","'N49180"': "0","'N20092"': "0","'N60445"': "0","'N43519"': "0","'N16166"': "0","'N46370"': "0","'N4985"': "0","'N17389"': "0","'N53012"': "0","'N2"': "0","'N28188"': "0","'N57780"': "0","'N58499"': "0","'N21"': "0","'N16000"': "0","'N32097"': "0","'N56243"': "0","'N44758"': "0","'N33619"': "0","'N35776"': "0","'N61359"': "0","'N21741"': "0","'N40468"': "0","'N18956"': "0","'N10442"': "0","'N25722"': "0","'N44786"': "0","'N20527"': "0","'N35131"': "0","'N63390"': "0","'N14184"': "0","'N31947"': "0","'N20041"': "0","'N31978"': "0","'N64945"': "0","'N35738"': "0","'N36789"': "0","'N24207"': "0","'N1421"': "0","'N20811"': "0","'N3506"': "0","'N7319"': "0","'N133"': "0","'N55281"': "0","'N62395"': "0","'N1705"': "0","'N56820"': "0","'N5980"': "0","'N60961"': "0","'N16533"': "0","'N42597"': "0","'N23081"': "0","'N33710"': "0","'N54489"': "0","'N32829"': "0","'N49086"': "0","'N9240"': "0","'N39461"': "0","'N60105"': "0","'N6099"': "0","'N3179"': "0","'N6926"': "0","'N50675"': "0","'N61962"': "0","'N924"': "0","'N29715"': "0","'N46882"': "0","'N54232"': "0","'N41020"': "1","'N26376"': "0","'N15108"': "0","'N20043"': "0","'N26703"': "0"}"
2804,U13073,2019-11-11 14:44:19,"{N17070,N21265,N32312,N264,N37915,N45994,N47737,N21265,N54410,N17491,N9003,N3854,N52041,N63302,N53118,N44796,N40070,N19913,N19594,N55743,N54695,N35710,N60300,N12306,N60364,N53017,N28614,N25927,N18106,N37250}","{"'N6056"': "0","'N54482"': "0","'N7328"': "0","'N16342"': "0","'N21119"': "0","'N33630"': "0","'N56598"': "0","'N61623"': "0","'N55207"': "0","'N29128"': "0","'N42039"': "0","'N30475"': "0","'N58003"': "0","'N57342"': "0","'N8957"': "0","'N55204"': "0","'N59407"': "0","'N39461"': "0","'N2"': "0","'N25587"': "0","'N20954"': "0","'N3506"': "0","'N42144"': "0","'N13263"': "0","'N49375"': "0","'N39765"': "0","'N61392"': "0","'N57402"': "1","'N19542"': "0","'N53585"': "1","'N43992"': "0","'N57456"': "0","'N56517"': "0","'N24985"': "0","'N13730"': "0","'N24176"': "0","'N18132"': "0","'N12800"': "0","'N6342"': "0","'N63538"': "0","'N45616"': "0","'N51587"': "0","'N12761"': "0","'N16096"': "0","'N35272"': "0","'N57713"': "0","'N33831"': "0","'N48572"': "0","'N44299"': "0","'N60872"': "0","'N64816"': "0","'N60272"': "0","'N20018"': "0","'N9139"': "0","'N33144"': "0","'N20811"': "0","'N26262"': "0","'N28837"': "0","'N5075"': "0","'N30518"': "0","'N15315"': "0","'N51896"': "0","'N34008"': "0","'N3841"': "0","'N5980"': "0","'N1355"': "0","'N31769"': "0","'N29715"': "0","'N53696"': "0","'N36186"': "0","'N13930"': "0","'N46029"': "0","'N38566"': "0","'N22891"': "0","'N33848"': "0","'N64009"': "0","'N52761"': "0","'N57809"': "0","'N47229"': "0","'N13259"': "0","'N29854"': "0","'N3541"': "0","'N16790"': "0","'N2823"': "0","'N12608"': "0","'N41222"': "0","'N3697"': "0","'N64482"': "0","'N555"': "0","'N33964"': "0","'N21840"': "0","'N47401"': "0","'N40431"': "0","'N6926"': "0","'N17586"': "0","'N12492"': "0","'N47981"': "0","'N26376"': "0","'N4936"': "0","'N54489"': "1","'N15855"': "0","'N35738"': "0","'N12083"': "0","'N12028"': "0","'N41578"': "0","'N42961"': "0","'N51506"': "0","'N45554"': "0","'N34724"': "0","'N5091"': "0","'N23414"': "0","'N1914"': "0","'N22029"': "0","'N23081"': "0","'N49939"': "0","'N55689"': "0","'N26130"': "0","'N37781"': "0","'N61145"': "0","'N15761"': "0","'N27966"': "0","'N15830"': "0","'N52474"': "0","'N18708"': "0","'N43460"': "0","'N45660"': "0","'N51210"': "0","'N43648"': "0","'N52622"': "0","'N5587"': "0","'N63958"': "0","'N52944"': "0","'N30998"': "0","'N13816"': "0","'N2350"': "0","'N6099"': "0","'N24686"': "0","'N22457"': "0","'N43496"': "0","'N11929"': "0","'N5370"': "0","'N57957"': "0","'N16920"': "0"}"
2846,U14948,2019-11-11 05:43:58,"{N51111,N35439,N16169,N63930,N46582,N30527,N28296,N14102,N995,N49103,N44399,N52648,N49103,N55856,N46987,N35597,N15253,N60000,N8305,N52281,N35774,N31402,N13893,N44092,N36792,N44396,N4922,N5978,N21265,N56121,N40716,N60170,N12676,N45690,N9803,N6103,N55043,N56707,N40207,N5283,N35749,N41795,N47557,N12844,N36476,N30771,N14349,N41044,N12608,N61363,N1969,N35276,N24838,N32482,N6218,N33630,N53907,N41698,N13303,N30167,N27642,N53111,N19773,N22816,N7535,N46845}","{"'N44737"': "0","'N26179"': "0","'N49908"': "0","'N47035"': "0","'N37870"': "0","'N53296"': "0","'N15855"': "0","'N36712"': "0","'N18870"': "0","'N57030"': "0","'N58553"': "0","'N27473"': "0","'N62093"': "0","'N41842"': "0","'N40300"': "0","'N56598"': "0","'N39587"': "0","'N17482"': "0","'N31679"': "0","'N48759"': "0","'N45964"': "0","'N1914"': "0","'N27581"': "1","'N33630"': "0","'N15194"': "0","'N26130"': "0","'N6342"': "0","'N1920"': "0","'N43309"': "0","'N22617"': "0","'N10754"': "0","'N6926"': "0","'N31763"': "0","'N54300"': "0","'N28382"': "0","'N47067"': "0","'N4912"': "0","'N58885"': "0","'N62599"': "0","'N62111"': "0","'N16280"': "0","'N53111"': "0","'N15761"': "0","'N62391"': "0","'N38783"': "0","'N33848"': "0","'N12042"': "0","'N41698"': "0","'N33632"': "0","'N62633"': "0","'N57527"': "0","'N40065"': "0","'N56278"': "0","'N35729"': "0","'N47235"': "0","'N14531"': "0","'N28448"': "0","'N45561"': "0","'N29001"': "0","'N39461"': "0","'N56227"': "0","'N36786"': "0","'N13051"': "0","'N17340"': "0","'N7328"': "0","'N16790"': "0","'N25471"': "0","'N61320"': "0","'N18708"': "0","'N56061"': "0","'N61214"': "0","'N63550"': "0","'N28047"': "0","'N8929"': "0","'N35388"': "0","'N51169"': "0","'N3541"': "0","'N35738"': "0","'N29196"': "0","'N17342"': "0","'N59407"': "0","'N63538"': "0","'N43415"': "0","'N12028"': "0","'N13341"': "0","'N12761"': "0","'N1019"': "0","'N22029"': "0","'N54283"': "0","'N23184"': "0","'N37833"': "0","'N4247"': "0","'N5043"': "0","'N8061"': "0","'N24686"': "0","'N53318"': "0","'N15422"': "0","'N61006"': "0","'N42759"': "0","'N56517"': "0","'N40431"': "0","'N26376"': "0","'N11830"': "0","'N43492"': "0","'N16809"': "0","'N48606"': "0","'N20811"': "0","'N52600"': "0","'N20224"': "0","'N35937"': "0","'N40973"': "0","'N23784"': "0","'N35172"': "0","'N53017"': "0","'N46966"': "0","'N9475"': "0","'N26607"': "0","'N36703"': "0","'N3506"': "0","'N57090"': "0","'N43432"': "0","'N25414"': "0","'N17104"': "0","'N5497"': "0","'N54868"': "0","'N3392"': "0","'N24176"': "0","'N50302"': "0","'N47851"': "0","'N61363"': "0","'N22664"': "0","'N9158"': "0","'N61623"': "0","'N5370"': "0","'N29218"': "0","'N31273"': "0","'N54752"': "0","'N36273"': "0","'N34099"': "0","'N25867"': "0","'N32087"': "0","'N25623"': "0","'N28413"': "0","'N40171"': "0","'N29128"': "0","'N18340"': "0","'N12430"': "0","'N46972"': "0","'N20331"': "0","'N49279"': "0","'N18132"': "0","'N33981"': "0","'N55897"': "0","'N58549"': "0","'N49030"': "0","'N12608"': "0","'N43502"': "0","'N30188"': "0","'N5171"': "0","'N56193"': "0","'N54397"': "0","'N15830"': "0","'N4663"': "0","'N50469"': "0","'N22549"': "0","'N6379"': "0","'N52203"': "0","'N28578"': "1","'N7128"': "1","'N57972"': "0","'N32144"': "0","'N23254"': "0","'N11821"': "0","'N5783"': "0","'N62570"': "0","'N31630"': "0"}"
2867,U85540,2019-11-13 07:22:59,"{N6956,N1150,N32072,N19494,N47069,N33816,N3346,N16497,N42902,N11291,N39888,N41376,N871,N10235,N11291,N36699,N4020,N33969,N14302,N6023,N31057,N46573,N18459,N61313,N29523,N51299,N16363,N37942,N46392,N45794,N32978,N60046,N9120,N51692,N35022,N10897,N24999,N39374,N10897,N54827,N250,N37084,N44396,N50299,N34669,N40716,N22161,N18526,N28313,N45954,N55743,N48276,N21789,N904,N619,N31801,N54225,N23105,N44007,N306,N10843,N3086,N30160,N56889,N21789,N10559,N16864,N40640,N33096,N33096,N31248,N35710,N63688,N5917,N13081,N62302,N20342,N34476,N27766,N64631,N6616,N28444,N50710,N40448,N49023,N52555,N54536,N13876,N35403,N13539,N53017}","{"'N13907"': "0","'N47061"': "0","'N34876"': "0","'N35233"': "0","'N62128"': "0","'N51048"': "0","'N45266"': "0","'N59673"': "1","'N60992"': "0","'N287"': "1","'N35170"': "0"}"
2873,U2015,2019-11-11 07:41:54,"{N55846,N35518,N1150,N36739,N30665,N18774,N45729,N46039,N871,N56663,N16695,N33454,N31191,N44559,N49745,N35835,N46978,N61070,N64408,N61704,N43807,N49362,N32109,N39235,N7422,N9226,N55951,N45794,N49387,N264,N5978,N10897,N54435,N44396,N40716,N1258,N42726,N54827,N250,N64819,N61388,N10843,N3471,N54293,N62479,N12349,N55743,N42394,N52543,N51184,N34287,N10417,N30698,N26176,N40944,N34007,N63725,N4526,N54695,N11611,N41797,N49364,N8027,N44110,N11855,N35710,N62302,N47686,N18870,N46845,N36453}","{"'N33848"': "0","'N9168"': "0","'N48759"': "0","'N18870"': "0","'N13259"': "0","'N35937"': "0","'N29001"': "0","'N4912"': "0","'N32791"': "0","'N29128"': "0","'N16342"': "0","'N40065"': "0","'N52203"': "0","'N29196"': "0","'N5075"': "0","'N55689"': "0","'N27581"': "0","'N37190"': "0","'N61214"': "0","'N35729"': "1","'N37814"': "0","'N24686"': "0","'N42961"': "0","'N45616"': "0","'N11830"': "0","'N35172"': "0","'N13801"': "0","'N63538"': "0","'N49908"': "0","'N63550"': "0","'N40318"': "0","'N28413"': "0","'N47229"': "0","'N59981"': "0","'N154"': "0","'N56193"': "0","'N36912"': "0","'N57005"': "0","'N53318"': "0"}"
2878,U15317,2019-11-13 06:57:46,"{}","{"'N62128"': "0","'N42977"': "1","'N47061"': "0","'N45266"': "0","'N20076"': "0","'N35170"': "0","'N60992"': "0"}"
2902,U87657,2019-11-14 08:43:07,"{N35375,N34124,N55189,N6511,N55189,N31177,N46039,N47347,N5575,N17489,N7252,N42526,N37920,N42726,N7992,N21346,N50724,N64928,N619,N36308,N63526,N48871,N4653,N34140,N245,N15442,N33742,N19203,N63779,N35710,N13762,N50837,N32310,N1978,N20101,N21189,N60920,N32830,N61822,N17169,N33981,N63685,N27567,N37729,N53037,N15676}","{"'N51133"': "0","'N61483"': "0","'N21128"': "0","'N23129"': "0","'N50471"': "0","'N56548"': "0","'N13131"': "0","'N20793"': "0","'N50872"': "0","'N39774"': "0","'N1410"': "0","'N26626"': "0","'N62318"': "0","'N6388"': "0","'N23877"': "0","'N38442"': "0","'N9135"': "0","'N51570"': "0","'N7852"': "0","'N29212"': "0","'N56211"': "0","'N60161"': "1","'N58814"': "0","'N60550"': "0","'N64840"': "0","'N23805"': "0","'N11328"': "0","'N496"': "0","'N1180"': "0","'N37673"': "0","'N4021"': "0","'N62894"': "0","'N31027"': "0","'N614"': "0","'N45509"': "0","'N42698"': "0","'N41387"': "0","'N34869"': "0","'N36016"': "1","'N62358"': "0","'N47346"': "0","'N3167"': "0","'N62750"': "0","'N999"': "0","'N55275"': "0","'N48017"': "0","'N36689"': "0","'N6664"': "0","'N42803"': "0","'N9621"': "0","'N29363"': "0","'N36226"': "0","'N63748"': "0","'N10960"': "0","'N25988"': "0","'N51489"': "0","'N18522"': "0","'N26224"': "0","'N59876"': "0","'N58660"': "0","'N55488"': "0","'N46283"': "0","'N44422"': "0","'N6390"': "0","'N46821"': "0","'N4913"': "0","'N56711"': "0","'N6873"': "0","'N11769"': "0","'N40329"': "0","'N11817"': "0","'N47572"': "0","'N47098"': "0","'N48340"': "1","'N36252"': "0","'N22353"': "0","'N46736"': "0","'N22257"': "0","'N47570"': "0","'N50592"': "0","'N13094"': "0","'N37348"': "0","'N23446"': "0","'N6477"': "1","'N44698"': "0","'N45428"': "0","'N33885"': "0"}"
2903,U44935,2019-11-10 18:06:13,"{}","{"'N40495"': "0","'N50060"': "0","'N37533"': "0","'N56448"': "0","'N27349"': "0","'N17307"': "0","'N33981"': "0","'N2871"': "0","'N26179"': "0","'N23784"': "0","'N29840"': "0","'N40171"': "0","'N61145"': "0","'N23085"': "0","'N20705"': "0","'N29128"': "0","'N36681"': "0","'N51185"': "0","'N10754"': "0","'N23184"': "0","'N55489"': "0","'N31763"': "0","'N26706"': "0","'N41224"': "0","'N195"': "0","'N28757"': "0","'N38783"': "0","'N58881"': "0","'N58183"': "0","'N28862"': "1","'N55186"': "0","'N21342"': "0","'N9092"': "0","'N57651"': "0","'N52253"': "0","'N11830"': "0","'N49685"': "0","'N48015"': "0","'N29341"': "0","'N35854"': "0","'N43309"': "0","'N41698"': "0","'N15224"': "0"}"
2956,U30855,2019-11-12 13:10:18,"{N39074,N13537,N54359,N21242,N29929,N13008,N27448,N10059,N55189,N10059,N4830,N27676,N27676,N2203,N16695,N12907,N48582,N51706,N20121,N44361,N30662,N42577,N27488,N11894,N30662,N5290,N1071,N47671,N28678,N57582,N42458,N57582,N7044,N28079,N8845,N24356,N12098,N28992,N24298,N20857,N35452,N1766,N18445,N31801,N41375,N35710,N42620,N8073,N19495,N38105,N17892,N23958,N41218,N41218,N3566,N8148,N1018}","{"'N42634"': "0","'N57754"': "0","'N64851"': "0","'N6975"': "0","'N34998"': "0","'N49180"': "0","'N32182"': "0","'N22339"': "0","'N33212"': "0","'N41020"': "0","'N31029"': "0","'N16096"': "0","'N62360"': "1","'N3344"': "0"}"
2960,U4889,2019-11-14 13:15:12,"{N55148,N17933,N17587,N24335,N2028,N16317,N53107,N22570,N548,N58936,N16215,N23488,N36749,N43413,N18697,N61857,N42989,N36749,N20148,N60209,N21623,N65201,N45729,N62859,N770,N32483,N5411,N30073,N6581,N18893,N56224,N32098,N6023,N5861,N20295,N13923,N52959,N28323,N11177,N62396,N57571,N39498,N4536,N51819,N58641,N30662,N58264,N50349,N5054,N27644,N32208,N6156,N19809,N17799,N3560,N43796,N17854,N25699,N37014,N60391,N58640,N49728,N51387,N12194,N28576,N28053,N45325,N3932,N9120,N59704,N22397,N7376,N54827,N33015,N44396,N16715,N63411,N27550,N58090,N32423,N24720,N11222,N6466,N39677,N35452,N38303,N36817,N64554,N27683,N41687,N8448,N19096,N54024,N5183,N30353,N59359,N26618,N21178,N57524,N60184,N14443,N26714,N12349,N14956,N41274,N26350,N29099,N61267,N62445,N45954,N31801,N18285,N57383,N21303,N18656,N30110,N46065,N28074,N47989,N64949,N40640,N20886,N52500,N63937,N22705,N55556,N42620,N47479,N59790,N60611,N17161,N62767,N46818,N53275,N43189,N62058,N23648,N8277,N30755,N56066,N4607,N4607,N55911,N11249,N32910,N64303,N17681,N14114,N26179,N43778,N48499,N36424}","{"'N34185"': "0","'N38779"': "0","'N10616"': "0","'N53515"': "0","'N19013"': "0","'N38697"': "0","'N31679"': "0","'N25165"': "0","'N19050"': "0","'N62318"': "0","'N23089"': "0","'N44698"': "0","'N6837"': "0","'N29735"': "0","'N59267"': "0","'N37338"': "0","'N58264"': "0","'N51195"': "0","'N36226"': "0","'N1228"': "0","'N57032"': "0","'N5152"': "1","'N40109"': "0","'N38311"': "0","'N41387"': "0","'N45523"': "0","'N50872"': "0","'N3037"': "0","'N16806"': "0","'N29212"': "0","'N19661"': "0","'N57733"': "0"}"
2973,U30783,2019-11-09 06:04:25,"{N5227,N22570,N31739,N23979,N52097,N21623,N10059,N16169,N12143,N871,N61471,N16233,N2745,N871,N10235,N25114,N33247,N32868,N32483,N12907,N15034,N770,N20121,N18777,N55422,N34694,N4536,N47525,N62609,N39118,N28691,N44828,N47729,N56109,N33276,N64137,N3664,N13137,N29523,N38046,N60340,N46392,N29368,N57551,N37047,N45794,N49387,N28139,N17210,N54012,N58090,N18445,N33920,N62917,N59691,N38390,N21336,N34152,N6734,N43142,N12932,N8511,N20547,N2231,N34000,N58111,N47550,N23401,N27588,N48356,N60611,N55550,N14761,N25258,N19495,N27526,N48699,N63855,N53895,N50,N60985,N51330,N60702,N37663,N9317,N28257,N40509,N22816,N3491}","{"'N60374"': "0","'N41178"': "0","'N27845"': "0","'N39115"': "1","'N41881"': "0","'N23760"': "0","'N25764"': "1","'N24272"': "0","'N51398"': "0"}"
3133,U59513,2019-11-11 05:23:22,"{N42601,N59549,N60615,N58584,N35375,N12384,N6511,N29924,N12822,N60223,N30682,N10078,N42458,N33117,N16695,N27612,N24148,N19131,N196,N50032,N16868,N51706,N14102,N60241,N4962,N29041,N49223,N36848,N2506,N46527,N39498,N10055,N35218,N60033,N15402,N48553,N14185,N5297,N61997,N1066,N46023,N45794,N37047,N34574,N38505,N46392,N45491,N43864,N9786,N30531,N63003,N6266,N28139,N1506,N1766,N33112,N38546,N44472,N59359,N8952,N56753,N35295,N56240,N34394,N1322,N9441,N64994,N51260,N63436,N28852,N40201,N1850,N30160,N35643,N14385,N2618,N46671,N50346,N51058,N45736,N42620,N51464,N29802,N3259,N31802,N18870,N56066,N4607,N55911,N43202,N55948,N43202,N9317,N40171,N52307,N35671,N4080,N19773}","{"'N57368"': "0","'N33632"': "0","'N49279"': "0","'N27473"': "0","'N29128"': "1","'N49685"': "0","'N60826"': "0","'N61006"': "0","'N56598"': "0","'N27581"': "1","'N56061"': "0","'N35937"': "0","'N31679"': "0","'N25867"': "0","'N45561"': "0","'N4912"': "0","'N35737"': "0","'N30188"': "0","'N48759"': "0","'N16280"': "0","'N60858"': "0","'N64542"': "0","'N54300"': "0","'N41842"': "0","'N28047"': "0","'N26130"': "0","'N50302"': "0","'N33981"': "0","'N28578"': "0","'N35172"': "0","'N10754"': "0","'N43502"': "0","'N5370"': "0","'N26179"': "0","'N61623"': "1","'N40065"': "0","'N20331"': "0","'N24686"': "0","'N26607"': "0","'N57987"': "0","'N41698"': "0","'N33848"': "0","'N16809"': "0","'N50469"': "1","'N9475"': "0","'N53017"': "0","'N11830"': "0","'N22549"': "0","'N36703"': "0","'N31763"': "0","'N53318"': "0","'N35729"': "0","'N23254"': "0","'N62570"': "0","'N28448"': "0","'N61320"': "0","'N63550"': "0","'N25414"': "0","'N18870"': "0","'N62599"': "0","'N35388"': "0","'N32144"': "0","'N56193"': "0"}"
3138,U75120,2019-11-09 15:13:33,"{N38689,N45286,N9445,N7429,N8391,N50330,N27416,N29339,N54807,N15924,N9791,N61948,N12907,N60080,N363,N63405,N6290,N57537,N36653,N51724,N39864,N32443,N1333,N34522,N55148,N22058,N63554,N52946,N18268,N32644,N63815,N40062,N53369,N9643,N51490,N41809,N42946,N4866,N2705,N7158,N29523,N56587,N33485,N30434,N58255,N16513,N53033,N30721,N42359,N7812,N24999,N56121,N42726,N31402,N53632,N38923,N18873,N23949,N35290,N52270,N30353,N39702,N12349,N16315,N28030,N29358,N63889,N21336,N45472,N15442,N6506,N60251,N38332,N14586,N63559,N46157,N29802,N46966,N61664,N8549,N17133,N60028,N52121,N44077,N13539,N62266,N28213,N53057,N16393,N37250}","{"'N55743"': "0","'N27525"': "0","'N41881"': "0","'N15855"': "0","'N3894"': "0","'N7795"': "0","'N27143"': "0","'N20281"': "0","'N61742"': "0","'N12523"': "0","'N48578"': "0","'N7128"': "0","'N38783"': "0","'N12579"': "0","'N53017"': "1","'N47020"': "0","'N37394"': "0","'N42028"': "0","'N26130"': "0","'N21342"': "0","'N33799"': "0","'N18708"': "0","'N23728"': "0","'N349"': "0","'N58140"': "0","'N32846"': "0"}"
3167,U46576,2019-11-13 13:39:31,"{N37120,N4786,N46504,N55326,N26392,N56632,N51637,N46133,N13197,N46844,N21695,N6397,N19741,N41328,N33835,N51569,N27488,N47445,N50640,N56778,N39554,N13132,N13833,N43132,N9911,N40406,N27644,N52064,N51065,N32006,N21844,N22344,N29523,N46868,N60313,N6441,N61313,N30429,N17740,N9072,N46033,N12194,N59027,N41017,N46987,N13197,N28992,N16617,N53883,N12676,N23949,N8220,N10433,N56121,N26095,N54422,N264,N6163,N61561,N15587,N29358,N6285,N54901,N619,N63302,N19587,N46943,N30698,N43095,N40070,N45909,N48477,N56290,N32742,N6163,N28074,N57383,N35462,N54960,N40201,N43450,N16770,N52420,N33810,N3086,N38832,N41797,N10091,N44959,N30190,N23094,N63971,N58232,N32991,N20547,N44110,N8886,N42620,N22997,N31658,N8258,N48742,N10470,N42330,N32074,N50350,N51705,N47615,N3240,N59118,N22273,N6648,N5667,N43043,N11484,N10804,N10867,N2003,N14114,N7535,N53017,N58649,N40165,N47362,N37377}","{"'N41172"': "0","'N14029"': "0","'N28899"': "0","'N4642"': "0","'N21701"': "0","'N8509"': "0","'N56214"': "0","'N45509"': "0","'N22417"': "0","'N21420"': "0","'N43386"': "0","'N26626"': "0","'N23129"': "0","'N47149"': "0","'N63106"': "0","'N31050"': "0","'N46477"': "0","'N7121"': "0","'N17117"': "0","'N62049"': "0","'N23134"': "0","'N38215"': "0","'N4754"': "0","'N35047"': "0","'N14592"': "0","'N55132"': "0","'N13907"': "0","'N4510"': "0","'N26081"': "0","'N64305"': "0","'N40602"': "0","'N3841"': "0","'N64632"': "0","'N35958"': "0","'N22880"': "0","'N50415"': "0","'N49483"': "0","'N27789"': "0","'N47717"': "0","'N36660"': "0","'N23162"': "0","'N59088"': "0","'N27198"': "0","'N32798"': "0","'N38211"': "1","'N51195"': "0","'N35273"': "0","'N21128"': "0","'N61027"': "0","'N63796"': "0","'N24923"': "1","'N57426"': "0","'N63174"': "0","'N36221"': "0","'N9354"': "0","'N51048"': "0","'N25040"': "0","'N34048"': "0","'N50601"': "0","'N43102"': "0","'N55949"': "0","'N44290"': "0","'N36638"': "0","'N48410"': "0","'N58114"': "0","'N1180"': "0","'N24509"': "0","'N8084"': "0","'N31448"': "0","'N21712"': "0"}"
3190,U12005,2019-11-11 10:09:45,"{N23593,N26169,N22570,N16874,N51076,N6509,N871,N6023,N60333,N31057,N50028,N56702,N39235,N40118,N46392,N59704,N52403,N619,N52840,N8896,N28241,N31142,N51330,N64983,N41218,N52136,N56086,N41218,N9324,N63062,N53436,N51983,N8148,N23113,N58890,N26376}","{"'N24176"': "0","'N6099"': "0","'N36621"': "0","'N3697"': "0","'N61214"': "0","'N32791"': "0","'N59436"': "0","'N13259"': "0","'N4936"': "0","'N55689"': "0","'N47067"': "0","'N40318"': "0","'N55204"': "0","'N52622"': "0","'N53585"': "0","'N20018"': "0","'N22029"': "0","'N26376"': "0","'N29715"': "0","'N154"': "0","'N21707"': "0","'N29128"': "0","'N13801"': "0","'N47981"': "0","'N63550"': "0","'N37019"': "0","'N8957"': "0","'N59981"': "0","'N12028"': "0","'N9139"': "0","'N35729"': "1","'N26286"': "0","'N18870"': "0","'N63538"': "0","'N56598"': "0","'N59407"': "0","'N42961"': "0","'N50406"': "0"}"
3200,U57704,2019-11-13 03:40:32,"{N56003,N25577,N45794,N33925,N18873,N42947,N18873,N41207,N23697,N30353,N36682,N12349,N56753,N32147,N57812,N32147,N31181,N30612,N50134,N45146,N20758,N3433,N265,N7272,N4607,N12576,N57464,N57005,N3491,N23113,N6868}","{"'N47061"': "0","'N43638"': "0","'N26262"': "0","'N48063"': "0","'N36659"': "0","'N40438"': "0","'N60992"': "0","'N3344"': "0","'N19592"': "0","'N35170"': "0","'N31869"': "0","'N43386"': "0","'N41172"': "0","'N1940"': "0","'N14592"': "0","'N13105"': "0","'N3285"': "0","'N36786"': "0","'N26227"': "0","'N11869"': "0","'N35112"': "0","'N64748"': "0","'N1289"': "1","'N20067"': "0","'N38159"': "0","'N17059"': "0","'N35233"': "0","'N49955"': "0","'N15279"': "0","'N57426"': "0","'N13579"': "0","'N33885"': "0","'N37905"': "0","'N57817"': "0","'N25881"': "1","'N34382"': "0","'N52723"': "0","'N64734"': "0","'N42608"': "0","'N38023"': "0","'N9720"': "0","'N26376"': "0","'N59088"': "0","'N38594"': "0","'N42977"': "0","'N41726"': "0","'N59272"': "0","'N22230"': "0","'N51229"': "0","'N45266"': "0","'N28213"': "0","'N7821"': "0","'N62208"': "0","'N36436"': "0","'N22880"': "0","'N924"': "0","'N33240"': "0","'N24157"': "0","'N21611"': "0","'N61023"': "0","'N36351"': "0","'N59385"': "0","'N6772"': "0"}"
3202,U33363,2019-11-11 12:12:23,"{N22561,N52394,N37488,N22010,N51065,N63306,N18285,N31801,N63688,N17892}","{"'N55204"': "0","'N55689"': "0","'N45270"': "1"}"
3206,U60679,2019-11-13 11:03:44,"{N32004,N732,N36929,N20392,N46795,N57908,N50,N60702,N16344,N14742,N63823,N56086,N2350}","{"'N287"': "0","'N35047"': "0","'N35233"': "0","'N22417"': "0","'N20729"': "0","'N26025"': "0","'N63106"': "0","'N13486"': "0","'N36638"': "0","'N36624"': "0","'N41122"': "0","'N47149"': "0","'N41172"': "0","'N15719"': "1","'N59673"': "0","'N18312"': "0","'N7121"': "0","'N5048"': "0","'N8347"': "0","'N49483"': "0","'N21701"': "0","'N39010"': "0","'N23008"': "0","'N50415"': "0","'N55147"': "0","'N2046"': "0","'N8509"': "0","'N37753"': "0","'N42634"': "0","'N53470"': "0","'N34876"': "0","'N50601"': "0","'N51048"': "0","'N22145"': "0","'N19444"': "0","'N4642"': "0","'N3841"': "1","'N33501"': "0","'N13907"': "0","'N10812"': "0","'N18862"': "0","'N34048"': "0","'N62563"': "0","'N40468"': "0","'N36660"': "0","'N43102"': "0","'N8084"': "0"}"
3221,U64362,2019-11-12 12:09:56,"{N48379,N1150,N27448,N45729,N4893,N51706,N32089,N44361,N10865,N16636,N15545,N39235,N3560,N49289,N53531,N45794,N50328,N37920,N36533,N58090,N60383,N45994,N14801,N17579,N40944,N12349,N59254,N44521,N28088,N47127,N17449,N62058,N62302,N8549,N43955,N46795,N18870,N4607,N23958,N10608,N55911,N32004,N37663,N39798,N31996,N64273,N2735,N54490}","{"'N32544"': "0","'N60272"': "0","'N12424"': "0","'N48473"': "0","'N40539"': "0","'N53084"': "0","'N33598"': "0","'N64851"': "0","'N38309"': "0","'N41220"': "0","'N1680"': "0","'N33677"': "0","'N45551"': "0","'N18708"': "1","'N56243"': "0","'N24473"': "0","'N6458"': "0","'N3123"': "0","'N36532"': "0"}"
3243,U8095,2019-11-14 06:44:01,"{N55189,N26642,N10270,N58641,N15857,N32117,N35607,N49731,N32312,N37915,N23105,N52420,N21174,N49364,N19363,N35255,N36530,N62938,N43955,N49023,N12761,N54300}","{"'N8015"': "0","'N50872"': "0","'N40109"': "0","'N45509"': "0","'N51570"': "0","'N47098"': "0","'N48017"': "0","'N49712"': "0","'N46821"': "0","'N23877"': "0","'N23446"': "0","'N36226"': "1","'N29739"': "0","'N64174"': "0","'N50592"': "0","'N16844"': "0","'N38779"': "0"}"
3298,U54977,2019-11-13 13:36:48,"{}","{"'N48832"': "0","'N63106"': "0","'N57151"': "0","'N36624"': "0","'N59385"': "1","'N21128"': "0","'N41172"': "1","'N103"': "0","'N38215"': "0","'N61032"': "0","'N24157"': "0","'N21712"': "0","'N26038"': "0","'N36545"': "0","'N27276"': "0","'N14780"': "0","'N8643"': "0","'N26262"': "0","'N22417"': "0","'N13907"': "0","'N17117"': "0","'N42602"': "0","'N30035"': "0","'N9354"': "0","'N37793"': "0","'N11123"': "0","'N38695"': "0","'N43386"': "0","'N4510"': "0","'N14592"': "0","'N41165"': "0","'N29964"': "0","'N56214"': "0","'N766"': "0","'N35958"': "0","'N10913"': "0","'N21420"': "0","'N36261"': "0","'N31978"': "0","'N35273"': "0"}"
3350,U5008,2019-11-11 07:39:19,"{N39556,N13395,N54359,N3493,N1954,N31145,N21658,N29177,N5248,N44665,N36128,N11885,N49995,N36431,N10059,N45549,N871,N10392,N14644,N59546,N39600,N56708,N54247,N5034,N21087,N32483,N57737,N20286,N51706,N20121,N3797,N44547,N29249,N28081,N52648,N24691,N5861,N40508,N54434,N31760,N22772,N31318,N39118,N28678,N42458,N9791,N47729,N30974,N6154,N50085,N61005,N46984,N31795,N17799,N14414,N13137,N46023,N1966,N33976,N60046,N17966,N46392,N477,N61702,N32403,N30003,N63049,N39437,N24999,N64476,N30353,N56753,N36165,N48284,N61196,N20214,N28313,N17050,N10414,N48904,N12264,N31801,N10454,N29599,N42136,N3954,N306,N52057,N4777,N41241,N9629,N43142,N24448,N18355,N40315,N58391,N28088,N26407,N35710,N1171,N48405,N56199,N16421,N58134,N14552,N26905,N54512,N6831,N27181,N32229,N46818,N25258,N43452,N45314,N18532,N22345,N39414,N48699,N34564,N51330,N61972,N49439,N601,N4151,N20345,N47323,N36498,N29612,N50710,N49023,N47889,N18933,N8148,N31996,N62258,N35671,N13355,N36253,N19783}","{"'N35729"': "0","'N55689"': "1"}"
3355,U69912,2019-11-13 05:20:18,"{N38629,N48304,N21383,N62429,N23817,N64521,N4922,N18760,N6511,N18881,N59546,N19979,N25436,N2203,N8715,N9165,N21478,N10575,N14607,N58918,N20483,N23459,N43807,N39235,N31906,N7158,N12096,N36007,N24356,N19709,N13348,N46573,N61313,N51299,N37915,N6632,N59027,N18275,N43475,N51163,N45041,N13853,N56486,N16292,N22646,N26718,N37694,N58264,N59704,N46049,N9786,N42726,N13197,N56121,N4332,N52962,N25532,N40716,N14947,N46125,N4255,N34260,N64541,N22356,N46171,N11865,N23035,N33810,N43450,N45199,N11323,N21503,N36453,N26026,N16770,N24578,N2309,N41797,N8745,N42274,N8331,N20941,N61108,N13727,N35255,N49364,N57608,N9854,N60671,N64186,N17161,N54966,N38256,N47508,N9360,N65188,N23106,N9190,N4950,N52761,N21680,N12254,N39157,N60702,N50922,N4607,N50710,N18132,N54300,N54235,N26179,N15676,N40509,N58574}","{"'N9187"': "0","'N24423"': "0","'N17586"': "0","'N34612"': "0","'N19318"': "0","'N29961"': "0","'N26376"': "0","'N26227"': "0","'N24865"': "0","'N47717"': "0","'N55132"': "0","'N14592"': "0","'N62208"': "0","'N5146"': "0","'N46279"': "0","'N15279"': "0","'N27515"': "0","'N61023"': "0","'N42143"': "0","'N35233"': "0","'N43638"': "0","'N27314"': "0","'N11869"': "0","'N61952"': "0","'N12492"': "0","'N52723"': "0","'N11817"': "0","'N35170"': "0","'N48410"': "0","'N26262"': "0","'N8807"': "0","'N3285"': "0","'N13105"': "0","'N22230"': "0","'N3123"': "0","'N64734"': "0","'N12325"': "0","'N30085"': "0","'N55281"': "0","'N5364"': "0","'N17759"': "0","'N22457"': "0","'N64968"': "1","'N4615"': "0","'N58813"': "0","'N18887"': "0","'N24457"': "0","'N59272"': "0","'N37905"': "0","'N25624"': "0","'N20076"': "0","'N35847"': "0","'N13907"': "0","'N31448"': "0","'N48063"': "0","'N28413"': "0","'N30089"': "0","'N57713"': "0","'N59385"': "0","'N47149"': "0","'N14726"': "0","'N6857"': "0","'N36351"': "0","'N29468"': "0","'N7121"': "0","'N62128"': "0","'N20067"': "0","'N3841"': "0","'N58114"': "0","'N38159"': "0","'N51853"': "0","'N19592"': "0","'N36436"': "0","'N60992"': "0","'N41726"': "0","'N25315"': "0","'N24157"': "0","'N52944"': "0","'N25881"': "0","'N16291"': "0","'N55050"': "0","'N36184"': "0","'N62920"': "0","'N5048"': "0","'N9720"': "0","'N59469"': "0","'N34876"': "0","'N4201"': "0","'N4754"': "0","'N13579"': "0","'N36786"': "0","'N20178"': "0","'N36516"': "0","'N47061"': "0","'N42977"': "0","'N28213"': "0","'N35047"': "0","'N6772"': "0","'N45266"': "0","'N43460"': "0","'N19444"': "0","'N31769"': "0","'N1289"': "0","'N3344"': "0","'N61623"': "0","'N61571"': "0","'N43386"': "0","'N49955"': "0","'N13981"': "0","'N6056"': "0","'N22320"': "0","'N57426"': "0","'N52557"': "0"}"
3416,U22897,2019-11-14 13:49:55,"{N64777,N25778,N43854,N61178,N45729,N12907,N26015,N22545,N23000,N63210,N63726,N23483,N50873,N56753,N10559,N63210,N54469,N53275}","{"'N57032"': "0","'N18409"': "0","'N38215"': "0","'N23089"': "0","'N29212"': "0","'N31679"': "0","'N25605"': "0","'N19661"': "0","'N40326"': "0","'N58264"': "0","'N48487"': "0","'N16148"': "0","'N16439"': "0","'N40905"': "0","'N54752"': "1","'N9944"': "0","'N1228"': "0","'N62318"': "0","'N45523"': "0","'N32567"': "0","'N25165"': "0","'N27737"': "0","'N21077"': "0","'N59267"': "0","'N36226"': "0","'N37338"': "0","'N34185"': "0","'N6837"': "0","'N52424"': "0","'N30222"': "0","'N3415"': "0","'N42410"': "0","'N38779"': "0","'N17115"': "0","'N58848"': "0","'N47612"': "0","'N38442"': "0","'N17031"': "0","'N38311"': "1","'N41387"': "0","'N44698"': "0","'N12446"': "0"}"
3420,U59819,2019-11-11 11:06:10,"{N17587,N5526,N2030,N60879,N31076,N17938,N44665,N50823,N61826,N14845,N51574,N51076,N16695,N18047,N48806,N61826,N44306,N6023,N57237,N10865,N1085,N3680,N1085,N42197,N1085,N30662,N34206,N15050,N21018,N51136,N43807,N18562,N5031,N56630,N5031,N46827,N12098,N56466,N57336,N49699,N58255,N501,N61543,N53033,N56148,N59691,N39374,N28335,N37920,N36189,N30780,N61516,N6087,N41460,N55763,N16098,N62600,N22323,N10527,N62546,N58892,N22323,N18597,N41375,N52840,N35710,N7612,N34282,N41804,N2937,N2008,N46604,N48697,N30618,N42342,N392,N3513,N46647,N42258,N48112,N42986,N3566,N20291,N58113,N10359,N53057,N27940,N20824,N33502,N29510,N42674,N33666,N36424,N16560}","{"'N53585"': "0","'N61623"': "0","'N54482"': "0","'N15855"': "0","'N6379"': "0","'N21707"': "0","'N17011"': "0","'N48578"': "0","'N4936"': "0","'N13801"': "0","'N25437"': "0","'N63538"': "0","'N18870"': "0","'N35729"': "0","'N7128"': "0","'N33848"': "0","'N32791"': "0","'N3474"': "0","'N46134"': "0","'N59436"': "0","'N26376"': "0","'N48476"': "0","'N30135"': "0","'N29001"': "0","'N12800"': "0","'N1914"': "0","'N59981"': "0","'N40318"': "0","'N36429"': "1","'N154"': "0","'N20824"': "0","'N64787"': "0","'N21882"': "0","'N55689"': "0","'N12028"': "0","'N45660"': "0","'N18378"': "0","'N26286"': "0","'N61549"': "0","'N42961"': "0","'N16342"': "0","'N36621"': "0","'N6099"': "0","'N47006"': "0","'N50406"': "0","'N8957"': "0","'N22457"': "0","'N52622"': "0","'N53214"': "0","'N40431"': "0","'N56598"': "0","'N63550"': "0","'N61359"': "0"}"
3431,U38131,2019-11-12 10:09:06,"{N59496,N46392,N37694,N45794,N33976,N41460,N43036,N51396,N1322,N46513,N21389,N61388,N13374,N306,N64467,N10559,N41298,N22504,N31882,N33096,N48356,N42677,N63688,N8073,N36849,N55556,N62058,N48715,N732,N32004,N6785,N32069,N37897,N4289,N42258,N51983}","{"'N64734"': "0","'N24111"': "0","'N62360"': "1","'N41020"': "0","'N32182"': "0","'N40839"': "0","'N42634"': "0","'N7319"': "0","'N3344"': "0"}"
3465,U29869,2019-11-11 10:54:02,"{N7633,N1150,N42308,N64813,N25699,N62002,N41943,N2805,N42526,N32099,N30491,N3086,N56913,N62714,N43421,N58232,N1848,N37748,N55556,N54522,N48715,N42530,N13557,N5710,N6074,N23084,N37242,N38535,N60364,N46845}","{"'N35729"': "1","'N58283"': "0","'N55632"': "0","'N3841"': "0","'N51175"': "0","'N36351"': "0","'N18870"': "0","'N20240"': "0","'N37589"': "0","'N43289"': "0","'N46079"': "0","'N26331"': "0","'N18613"': "0","'N5001"': "0","'N15830"': "0","'N41726"': "0","'N12028"': "0","'N49240"': "0","'N30475"': "0","'N43421"': "0","'N52622"': "0","'N38027"': "0","'N28413"': "0","'N30108"': "0","'N10464"': "0","'N26262"': "1","'N26855"': "0","'N60872"': "0","'N11830"': "0","'N58656"': "0","'N53585"': "0","'N33831"': "0","'N63550"': "0","'N13259"': "0","'N43338"': "0","'N54972"': "0","'N36786"': "0","'N18038"': "0","'N61549"': "0","'N54988"': "0","'N57786"': "0","'N36712"': "0","'N9139"': "0","'N47057"': "0","'N29488"': "0","'N56598"': "0","'N43432"': "0","'N21707"': "0","'N48890"': "0","'N21358"': "0","'N50060"': "0","'N62391"': "0","'N26376"': "0","'N5497"': "0","'N32087"': "0","'N16344"': "0","'N3697"': "0","'N21611"': "0","'N24272"': "0","'N47981"': "0","'N46845"': "0","'N35172"': "0","'N49777"': "0","'N16568"': "0","'N10386"': "0","'N15462"': "0","'N49908"': "0","'N45964"': "0","'N33484"': "0","'N33964"': "0","'N26286"': "0","'N40725"': "0","'N11860"': "0","'N51241"': "0","'N47006"': "0","'N57957"': "0","'N13097"': "0","'N19117"': "0","'N2952"': "0","'N43745"': "1","'N54868"': "0","'N45616"': "0","'N52585"': "0","'N42491"': "0","'N22164"': "0","'N53214"': "0","'N19165"': "0","'N44910"': "0","'N36910"': "0","'N63087"': "0","'N59204"': "0","'N54482"': "0","'N6056"': "0","'N36703"': "0","'N37019"': "0","'N59981"': "0","'N59436"': "0","'N38311"': "0","'N43492"': "0","'N55689"': "0","'N25635"': "0","'N15194"': "0"}"
3473,U23393,2019-11-09 06:42:33,"{N51591,N39074,N52097,N65039,N42989,N61857,N1150,N3500,N64555,N2203,N62006,N60050,N4020,N51706,N58641,N18164,N7333,N20997,N57888,N10897,N54827,N2599,N9803,N7943,N34536,N42470,N7818,N1766,N34824,N57955,N27341,N12349,N619,N306,N43142,N33528,N26122,N1843,N7943,N58421,N51805,N53049,N38105,N58283,N31550,N51330,N28123,N32004,N4607,N60702,N43202,N54536,N1478,N2735,N35671,N23366,N15676}","{"'N6268"': "0","'N27845"': "0","'N55743"': "0","'N5889"': "0","'N46175"': "0","'N41178"': "0","'N60374"': "0","'N732"': "0","'N24272"': "0","'N26130"': "0","'N49908"': "0","'N36786"': "0","'N33201"': "0","'N21342"': "0","'N37108"': "0","'N23583"': "1","'N39115"': "0","'N62070"': "0","'N25764"': "0","'N55645"': "0","'N17087"': "0","'N28788"': "0","'N5442"': "0","'N43595"': "0","'N37377"': "0","'N31002"': "0","'N58075"': "0","'N44563"': "0","'N32846"': "0","'N47161"': "0","'N38783"': "0","'N64734"': "0","'N51398"': "0","'N23760"': "0","'N62391"': "0","'N11303"': "0","'N5957"': "0","'N48839"': "0","'N43202"': "0","'N3930"': "0","'N24104"': "0","'N41881"': "0","'N679"': "0"}"
3540,U48882,2019-11-14 02:08:49,"{N48021,N2028,N33513,N58226,N4305,N38939,N41997,N46978,N26642,N871,N3345,N63906,N996,N6233,N60050,N44399,N37120,N10078,N63554,N8010,N61681,N57995,N33083,N46527,N3183,N20710,N20735,N65142,N43347,N51136,N58379,N848,N30532,N24897,N42208,N1863,N48124,N60033,N21012,N59181,N46392,N33976,N59704,N48497,N12194,N41404,N3309,N6673,N4922,N49699,N54883,N29276,N28139,N26265,N56121,N57318,N45954,N44827,N26606,N61342,N60184,N49134,N23105,N30507,N62940,N60360,N29641,N27919,N54655,N44959,N25238,N56889,N41375,N40066,N23196,N42267,N11415,N13081,N52551,N29026,N29917,N8258,N50195,N21749,N37663,N50710,N5104,N30253,N59574,N31688,N15853}","{"'N28767"': "0","'N29739"': "0","'N65049"': "0","'N11940"': "0","'N43487"': "0","'N42457"': "0","'N46992"': "0","'N58660"': "0","'N36261"': "0","'N41122"': "0","'N50014"': "0","'N13094"': "1","'N53875"': "0","'N55976"': "0","'N33630"': "0","'N38080"': "0","'N14436"': "0","'N16419"': "0","'N33312"': "0","'N42634"': "0","'N56214"': "0","'N3745"': "0","'N37027"': "0","'N2021"': "0","'N3031"': "0","'N47346"': "0","'N1105"': "0","'N16844"': "0","'N64174"': "1","'N39399"': "0","'N58814"': "0","'N61404"': "0","'N12330"': "0","'N1012"': "0","'N16148"': "0","'N40559"': "0","'N4021"': "0","'N49712"': "0","'N36186"': "0","'N8595"': "0","'N61787"': "0","'N8928"': "0","'N56711"': "0","'N834"': "0","'N3957"': "0","'N31893"': "0","'N27869"': "0","'N48017"': "0","'N18522"': "0","'N7618"': "0","'N17482"': "0","'N22257"': "0","'N60550"': "0","'N59186"': "0","'N59214"': "0","'N45734"': "0","'N23864"': "0","'N8015"': "0","'N58301"': "0","'N59407"': "0","'N3167"': "0","'N8559"': "0","'N9009"': "0","'N26081"': "0","'N20729"': "0","'N10960"': "0","'N30454"': "0","'N5652"': "0","'N31679"': "0","'N4247"': "0","'N38215"': "0","'N44146"': "0","'N35861"': "0","'N11363"': "0","'N19776"': "0","'N62894"': "0","'N41133"': "0","'N44249"': "0","'N18553"': "0","'N31763"': "0","'N43301"': "0","'N51570"': "0","'N59138"': "0","'N18726"': "0","'N64412"': "0","'N7121"': "0","'N9623"': "0","'N50872"': "0","'N55488"': "0","'N46279"': "0","'N7670"': "0","'N64296"': "0","'N6216"': "0","'N57226"': "0","'N40130"': "0","'N62750"': "0","'N45509"': "0","'N25088"': "0","'N35387"': "0","'N63174"': "0","'N34925"': "0"}"
3580,U18100,2019-11-13 09:26:53,"{N50155,N1656,N45549,N42308,N2415,N6974,N831,N58469,N28810,N46947,N32585,N16233,N22130,N15034,N51706,N22058,N33969,N40508,N49223,N56247,N55239,N6759,N11480,N35774,N23887,N27154,N55312,N45794,N49728,N22129,N36734,N62183,N12194,N58090,N55922,N306,N1850,N29399,N27482,N48715,N24471,N13797}","{"'N287"': "1","'N47061"': "0"}"
3582,U90823,2019-11-11 16:58:44,"{N60879,N459,N8548,N30665,N6511,N8485,N12907,N59516,N53538,N10865,N25577,N12867,N3364,N42726,N52403,N59359,N36780,N55922,N31801,N10559,N35926,N8615,N47719,N35710,N13138,N572,N19301,N26746,N55180,N55556,N17303,N17050,N46818,N61355,N33476,N14914,N43189,N17449,N55064,N52744,N33013,N58154,N33958,N62957,N64273,N6767,N17944,N53037,N15676,N40509,N21970,N40785,N29510,N36424,N39979,N7364}","{"'N2350"': "0","'N62391"': "0","'N1914"': "0","'N30518"': "0","'N45660"': "0","'N16920"': "0","'N56598"': "0","'N20930"': "0","'N12028"': "1","'N21882"': "0","'N8191"': "0","'N33144"': "0","'N11768"': "0","'N43492"': "0","'N42597"': "0","'N22457"': "0","'N57402"': "0","'N61623"': "0","'N39765"': "0","'N15855"': "0","'N54489"': "1","'N6099"': "0","'N48672"': "0","'N57809"': "0","'N19542"': "0","'N23414"': "0","'N57957"': "0","'N19423"': "0","'N41222"': "0","'N30135"': "0","'N55689"': "0","'N8399"': "0","'N12523"': "0","'N55204"': "0","'N36904"': "0","'N57342"': "0","'N27966"': "0","'N46526"': "0","'N65118"': "0","'N54482"': "0","'N58410"': "0","'N1355"': "0","'N55631"': "0","'N46029"': "0","'N33848"': "0","'N53585"': "0","'N64482"': "1","'N16342"': "0","'N43992"': "0"}"
3604,U87289,2019-11-14 06:59:07,"{N42989,N33713,N63448,N60206,N40019,N6974,N60844,N56152,N57737,N38659,N51136,N1603,N61319,N32203,N12950,N53052,N20792,N51238,N46827,N34931,N33976,N45794,N43843,N4069,N25525,N8518,N19293,N57967,N8917,N6969,N55043,N56638,N60184,N619,N54842,N23614,N4526,N43142,N14385,N13138,N48356,N17161,N30577,N35554,N26364,N58801,N40583,N60212,N56527,N44423,N21189,N22816,N2735,N19773}","{"'N47098"': "0","'N29739"': "0","'N33005"': "0","'N46821"': "1","'N59495"': "0","'N45509"': "0","'N16844"': "0","'N38779"': "0","'N36251"': "0","'N64174"': "0","'N49712"': "0","'N23446"': "0","'N10960"': "0","'N23877"': "0","'N50872"': "0","'N36226"': "0","'N51954"': "0","'N58814"': "0","'N62750"': "0","'N52554"': "0","'N13486"': "0","'N51570"': "1","'N8015"': "0","'N40109"': "0","'N16439"': "0","'N11817"': "0","'N48017"': "0","'N50592"': "0"}"
3637,U60545,2019-11-09 18:15:02,"{N24045,N52677,N57568,N33276,N47719,N14385,N61661,N57113,N22559,N38908,N41835,N34829,N15781,N16115,N6831,N54571,N57399,N59923,N8258,N63586,N24471,N14417,N62007,N6616,N8555,N28257}","{"'N36910"': "0","'N20811"': "0","'N58295"': "0","'N42346"': "0","'N29341"': "0","'N26130"': "0","'N37022"': "0","'N3161"': "0","'N50302"': "0","'N35671"': "1","'N39342"': "0","'N58051"': "0","'N29218"': "0","'N48958"': "0","'N1034"': "1","'N8929"': "1","'N25985"': "0","'N47020"': "0","'N12579"': "0","'N36545"': "0","'N53017"': "0","'N2334"': "0","'N22408"': "0","'N37580"': "0","'N3232"': "0","'N36752"': "0","'N17965"': "0","'N59852"': "0","'N11830"': "0"}"
3645,U79185,2019-11-12 05:39:27,"{N2994,N54642,N5699,N3577,N28296,N19620,N57737,N22397,N40716,N5905,N26580,N11005,N306,N60491,N47719,N15464,N1841,N37942,N17009,N44737}","{"'N64152"': "0","'N31947"': "0","'N47578"': "0","'N24207"': "0","'N50675"': "1","'N14184"': "0","'N33619"': "0","'N20079"': "0"}"
3668,U8138,2019-11-13 06:33:40,"{N62325,N28952,N32942,N53753,N28886,N38747,N64777,N65066,N14644,N3046,N60214,N57134,N33454,N14509,N3820,N19861,N33276,N15655,N30531,N60587,N13137,N45794,N53531,N59085,N30197,N3395,N25158,N16715,N13754,N55743,N5012,N61267,N619,N34394,N33170,N4445,N1841,N32284,N2309,N43142,N58580,N36557,N60491,N21817,N19845,N63855,N18870,N46846,N17009,N58262,N47407,N64273,N18106,N52307,N29510,N31978,N20824}","{"'N42977"': "1","'N45266"': "0","'N62128"': "0","'N47061"': "0","'N60992"': "0","'N20076"': "0"}"
3674,U45617,2019-11-14 14:34:44,"{N44021,N38963,N1150,N29177,N38738,N48914,N22661,N36133,N33209,N21746,N39699,N1048,N25691,N44251,N36920,N63842,N42768,N63903,N60559,N41089,N33120,N6511,N15254,N1569,N10284,N64826,N2642,N7442,N32683,N16158,N42308,N62429,N19870,N27612,N16233,N62006,N59231,N19982,N56003,N43854,N10538,N14724,N47042,N51664,N7563,N50032,N18893,N32098,N52718,N19001,N44399,N34087,N29041,N57930,N11177,N10410,N10815,N16109,N2506,N49897,N1881,N25577,N841,N14102,N52063,N25554,N31931,N59321,N49731,N8275,N49362,N42215,N20792,N60669,N1595,N50784,N52027,N19709,N51299,N2306,N29207,N23256,N56361,N61659,N6156,N46392,N27784,N13978,N63499,N40555,N1902,N17966,N10855,N27311,N11699,N46513,N55741,N57109,N54668,N45288,N27644,N19636,N5978,N38412,N3309,N24999,N10897,N2663,N13925,N53883,N12801,N44396,N45491,N64314,N60412,N25532,N34419,N54827,N23653,N17028,N42726,N57279,N46990,N30967,N7922,N49128,N19105,N1258,N54625,N36389,N3854,N43213,N26176,N24591,N34287,N619,N43446,N49802,N21862,N36788,N23732,N36720,N59306,N37727,N63725,N13716,N19347,N39749,N54834,N43436,N54453,N60895,N8448,N43769,N56596,N20547,N60029,N26776,N18355,N35710,N2606,N8239,N25239,N11512,N11070,N28088,N30612,N31084,N57338,N11855,N64856,N54201,N19429,N11348,N33226,N27588,N23401,N14858,N45535,N44385,N3280,N36247,N42620,N38256,N51089,N47180,N3444,N18730,N57061,N5270,N10998,N58801,N49475,N8143,N5283,N13081,N26009,N50,N10726,N11804,N32498,N21258,N53161,N17246,N28735,N40175,N64515,N63034,N52121,N20136,N29196,N11545,N37242,N55558,N32830,N14006,N28257,N20953,N5579,N28203,N62344,N63685,N41011,N11708,N62590,N40785,N25546,N15676,N31883,N33981,N15435,N22261,N47099,N3491,N1480,N48925}","{"'N31053"': "0","'N45523"': "0","'N34185"': "1","'N247"': "0","'N6837"': "0","'N27737"': "0","'N61233"': "0","'N56211"': "0","'N13981"': "0","'N47652"': "0","'N31853"': "0","'N41717"': "0","'N38779"': "0","'N16439"': "0","'N23089"': "0","'N64305"': "0","'N29212"': "0","'N19661"': "0","'N37338"': "0","'N41934"': "0","'N4754"': "0","'N31289"': "0","'N57032"': "0","'N33828"': "0","'N25605"': "1","'N36612"': "0","'N37204"': "0","'N38697"': "1","'N1228"': "0","'N5695"': "0","'N4021"': "0","'N38215"': "0","'N23446"': "0","'N7494"': "0","'N51195"': "0","'N57311"': "0","'N42515"': "0","'N59267"': "0","'N31679"': "0","'N62894"': "0","'N64095"': "0"}"
3703,U60646,2019-11-11 03:40:34,"{N5227,N21658,N4345,N24724,N53526,N39823,N3682,N26764,N27456,N55805,N4830,N27612,N871,N8715,N24148,N44559,N14340,N23582,N14374,N61275,N63260,N6233,N25889,N60050,N80,N40231,N119,N39117,N32177,N44399,N56742,N20997,N16290,N40373,N32892,N40508,N45824,N19638,N31927,N40351,N50258,N60172,N34694,N31193,N2794,N59321,N593,N35519,N47171,N54589,N17784,N48391,N18094,N38017,N46023,N38046,N27109,N46392,N23887,N59704,N477,N62703,N22597,N58255,N13925,N4593,N23653,N14150,N55051,N37981,N33063,N60383,N10749,N60699,N57967,N16715,N58090,N48325,N8917,N35500,N13569,N29361,N6636,N54053,N42947,N24298,N58223,N21722,N2778,N24447,N63780,N21789,N51149,N37630,N53613,N56753,N41197,N47796,N42526,N32836,N15367,N55922,N13442,N43446,N48076,N28171,N23105,N306,N17001,N21506,N24448,N44060,N45535,N53267,N42620,N27030,N46795,N60985,N60702,N14757,N40783,N41244,N13753,N54980,N32482,N5104,N14006,N53057,N27922,N57726,N14114,N13797,N35528,N30612,N51820,N31883,N31281,N31143,N37421,N41011,N16283,N40785,N39979,N28983,N55582,N25785,N43388,N15117}","{"'N49685"': "0","'N46972"': "0","'N27581"': "0","'N62729"': "0","'N14531"': "0","'N56193"': "1","'N48759"': "0","'N62570"': "0","'N25414"': "0","'N47067"': "0","'N31273"': "0"}"
3719,U34384,2019-11-12 13:52:18,"{N29177,N55189,N871,N61070,N16233,N11650,N267,N4020,N43561,N24721,N7563,N27464,N59762,N57737,N27864,N45527,N46128,N5967,N50292,N21604,N52670,N32443,N24691,N4440,N33276,N16793,N6695,N15539,N50467,N60938,N39235,N18094,N36191,N54432,N2186,N1959,N54589,N46868,N53987,N37896,N14000,N20483,N50028,N26734,N46280,N2467,N42994,N45007,N34678,N31931,N27644,N40671,N23689,N30974,N46151,N49903,N63633,N38865,N32109,N22594,N6156,N19709,N1595,N44442,N5828,N51630,N5031,N47966,N7422,N1966,N5663,N51180,N18459,N20916,N28853,N56514,N29664,N55141,N46573,N5193,N4060,N228,N58860,N30531,N45794,N20070,N49758,N47232,N54772,N17550,N26566,N33191,N11477,N17125,N24809,N58744,N61575,N47993,N42726,N65055,N8240,N37920,N8960,N54827,N4593,N49136,N63258,N14150,N44195,N61837,N34904,N250,N36828,N2464,N1120,N29841,N4332,N36811,N20259,N5978,N23653,N12755,N54625,N54453,N55743,N28993,N57318,N46936,N39520,N52506,N63302,N12421,N50224,N4984,N12349,N45954,N31801,N62546,N62641,N51402,N14966,N36788,N36327,N54225,N24591,N306,N42528,N46357,N54695,N61186,N65170,N23116,N3086,N37147,N56889,N18428,N27099,N15442,N8936,N10559,N16349,N17001,N4526,N11405,N33096,N14901,N63252,N63112,N57608,N50837,N60622,N38332,N63053,N63161,N13138,N13762,N46157,N2606,N43263,N60491,N47308,N20284,N49364,N17802,N14586,N4572,N64856,N14040,N11512,N2675,N35710,N20547,N21448,N51821,N9056,N49049,N6506,N33194,N30681,N33752,N63688,N37748,N45736,N27588,N19386,N38171,N6616,N62302,N14392,N33013,N51667,N57012,N63823,N50710,N27951,N40448,N42992,N12732,N63062,N43191,N55901,N4912,N30228,N59457,N3240}","{"'N58114"': "0","'N43368"': "0","'N25624"': "0","'N27289"': "0","'N27245"': "0","'N61408"': "0","'N63970"': "0","'N33623"': "0","'N38309"': "0","'N32010"': "0","'N41354"': "0","'N47412"': "0","'N11817"': "0","'N1767"': "0","'N58077"': "0","'N30475"': "0","'N18947"': "0","'N1940"': "0","'N6056"': "0","'N20702"': "0","'N61623"': "0","'N32589"': "0","'N5688"': "0","'N44422"': "0","'N3663"': "0","'N55281"': "0","'N27258"': "0","'N58171"': "0","'N962"': "0","'N45422"': "0","'N7121"': "0","'N7470"': "0","'N7419"': "0","'N32118"': "0","'N33212"': "0","'N25315"': "0","'N29155"': "0","'N16463"': "0","'N30089"': "0","'N22407"': "0","'N6953"': "0","'N53084"': "0","'N8476"': "0","'N41533"': "0","'N33689"': "0","'N50675"': "0","'N48019"': "0","'N62688"': "0","'N44742"': "0","'N52535"': "0","'N31370"': "0","'N7466"': "0","'N14726"': "0","'N34977"': "0","'N40539"': "0","'N13979"': "0","'N61349"': "0","'N27497"': "0","'N11793"': "0","'N61822"': "0","'N64152"': "0","'N23556"': "0","'N46779"': "0","'N59467"': "0","'N60105"': "0","'N28745"': "0","'N15315"': "0","'N7462"': "0","'N27932"': "0","'N166"': "0","'N25088"': "0","'N12424"': "0","'N34657"': "0","'N30920"': "0","'N24423"': "0","'N57327"': "0","'N54125"': "0","'N33755"': "0","'N51285"': "0","'N32928"': "0","'N48046"': "0","'N29468"': "0","'N2823"': "0","'N26376"': "0","'N20678"': "0","'N58363"': "0","'N34998"': "0","'N3123"': "0","'N36436"': "0","'N18887"': "0","'N43266"': "0","'N34110"': "0","'N36516"': "0","'N17031"': "0","'N39810"': "0","'N22457"': "0","'N30814"': "0","'N16096"': "0","'N57713"': "0","'N45389"': "0","'N10250"': "0","'N21753"': "0","'N60272"': "0","'N59277"': "0","'N46607"': "1","'N397"': "0","'N61397"': "0","'N57344"': "0","'N12492"': "0","'N59469"': "0","'N16291"': "0","'N54003"': "0","'N62360"': "0","'N7840"': "0","'N43483"': "0","'N52122"': "0","'N28327"': "0","'N14184"': "0","'N6379"': "0","'N6975"': "1","'N1644"': "0","'N57957"': "0","'N50757"': "0","'N12493"': "0","'N25124"': "0","'N26673"': "0","'N36850"': "0","'N33261"': "0","'N64851"': "0","'N49123"': "1","'N19318"': "0","'N31978"': "0","'N13974"': "0","'N52180"': "0","'N40839"': "0","'N926"': "0","'N33883"': "0","'N25406"': "0","'N22339"': "0","'N56243"': "0","'N62386"': "0","'N34915"': "0","'N9139"': "0","'N26639"': "0","'N28495"': "0","'N21741"': "0","'N32182"': "0","'N3344"': "0","'N5048"': "0","'N57426"': "0","'N55606"': "0","'N55950"': "0","'N8400"': "0","'N19092"': "0","'N23942"': "0","'N49200"': "0","'N9215"': "0","'N55132"': "0","'N45551"': "0","'N23593"': "0","'N17499"': "0","'N47817"': "0","'N65167"': "0"}"
3734,U25395,2019-11-14 08:08:05,"{N64555,N63650,N27448,N871,N16233,N44454,N38591,N39117,N51706,N15034,N21092,N11795,N57737,N34499,N35176,N55326,N40344,N58715,N1603,N3560,N32312,N63411,N34000,N60491,N19813,N53872,N12244,N45736,N42620,N36530,N28311,N52551,N49439,N22466}","{"'N50872"': "0","'N42522"': "0","'N38779"': "0","'N3167"': "0","'N16148"': "0","'N58814"': "0","'N42698"': "0","'N8639"': "0","'N45428"': "0","'N33576"': "0","'N36740"': "0","'N23877"': "0","'N29212"': "0","'N51570"': "0","'N36016"': "0","'N42062"': "0","'N36003"': "0","'N26453"': "0","'N62894"': "0","'N46821"': "0","'N55488"': "0","'N47570"': "0","'N3894"': "0","'N31679"': "0","'N27476"': "0","'N41387"': "0","'N14436"': "0","'N4021"': "1","'N44698"': "0","'N9135"': "0","'N47576"': "0","'N58660"': "0","'N6477"': "0","'N47098"': "0","'N22257"': "0","'N61483"': "0","'N36226"': "0","'N21128"': "0"}"
3759,U32479,2019-11-12 15:21:56,"{N44018,N32028,N24691,N39498,N49229,N17799,N57026,N28992,N51184,N55266,N58722,N19587,N47309,N4985,N30160,N42620,N5776,N31064,N3259,N14349,N32284,N53907,N10350,N21342}","{"'N40380"': "0","'N17059"': "0","'N64851"': "0","'N46607"': "0","'N39317"': "0","'N27560"': "0","'N261"': "0","'N49200"': "1","'N64745"': "0","'N20678"': "0","'N33261"': "0"}"
3787,U27259,2019-11-14 12:31:12,"{N17929,N39556,N55283,N22156,N3908,N12900,N30441,N60615,N31739,N18281,N42299,N49478,N18753,N51885,N41977,N18047,N43208,N36602,N16233,N12907,N65169,N21429,N18777,N20997,N10865,N40912,N31057,N18247,N5290,N50513,N5290,N8197,N6318,N50047,N7044,N49363,N64137,N4866,N46355,N38298,N5297,N25292,N44598,N44442,N11597,N12367,N48970,N36660,N59763,N41460,N20828,N35450,N45794,N53033,N4069,N10823,N22646,N18939,N7376,N7376,N50069,N7834,N36811,N24374,N61388,N61388,N9803,N61388,N61388,N16715,N21347,N8917,N30780,N28058,N39577,N42470,N35452,N22495,N24346,N64554,N64554,N64554,N56753,N41460,N38390,N55763,N13257,N10679,N38758,N26176,N26176,N26176,N26176,N619,N56148,N31801,N20677,N22323,N54225,N54225,N44250,N62546,N13364,N31694,N32852,N18597,N25586,N32852,N18355,N39017,N43142,N41375,N52840,N61486,N38332,N14385,N11512,N35710,N27938,N19429,N38961,N8558,N29802,N23901,N7019,N3264,N1843,N31912,N53049,N9074,N56332,N53049,N62247,N21164,N27766,N46647,N6948,N62058,N6616,N10814,N10814,N732,N22260,N18870,N41218,N41218,N41218,N19110,N21187,N50064,N23958,N3614,N41218,N56527,N42781,N50,N40442,N9317,N43629,N50839,N35385,N44077,N28257,N30612,N26179,N37250,N43778,N20020,N29510,N33502,N52307,N14275,N20824,N5560,N26376,N33666,N58601,N42336,N42336}","{"'N35576"': "0","'N12682"': "0","'N35094"': "0","'N19318"': "0","'N34668"': "0","'N42457"': "0","'N25165"': "0","'N7618"': "0","'N48416"': "0","'N53515"': "0","'N62750"': "0","'N57032"': "0","'N3243"': "0","'N44698"': "0","'N6837"': "0","'N38779"': "0","'N39015"': "0","'N38733"': "0","'N56211"': "0","'N7852"': "0","'N37384"': "0","'N34185"': "0","'N29212"': "0","'N6388"': "0","'N32641"': "0","'N50601"': "0","'N24109"': "0","'N23446"': "0","'N32759"': "0","'N37994"': "0","'N28961"': "0","'N54752"': "0","'N50058"': "0","'N59142"': "0","'N25966"': "0","'N38404"': "0","'N47572"': "0","'N41387"': "0","'N62318"': "0","'N8595"': "0","'N10960"': "0","'N1539"': "0","'N57818"': "0","'N6477"': "0","'N24504"': "0","'N42670"': "0","'N55943"': "0","'N45523"': "0","'N55281"': "1","'N64305"': "0","'N50872"': "0","'N18529"': "0","'N48613"': "0","'N36226"': "0","'N39005"': "0","'N19661"': "0"}"
3821,U9626,2019-11-13 06:43:46,"{N51991,N27448,N25855,N28467,N54069,N39584,N29316,N33998,N30527,N61319,N59053,N17740,N25351,N48263,N3940,N18693,N63513,N32312,N21207,N18939,N38802,N7818,N57967,N40493,N37983,N55995,N32742,N48558,N8448,N27150,N3737,N6266,N26627,N34820,N48253,N54378,N36530,N10747,N49792,N6376,N29757,N17266,N31825,N22101,N42330,N53017,N5379,N35671,N63194,N30295}","{"'N59673"': "1","'N62128"': "0","'N35233"': "0","'N20076"': "0","'N45266"': "0","'N34876"': "0","'N59272"': "0","'N13907"': "0","'N42977"': "0","'N13579"': "0","'N19592"': "0","'N35047"': "0","'N48063"': "0","'N47061"': "0","'N25949"': "0","'N60992"': "0","'N35170"': "0","'N64734"': "0","'N38159"': "0","'N28213"': "0","'N14592"': "0"}"
3839,U73136,2019-11-14 10:36:31,"{N8548,N5227,N48233,N871,N6233,N22525,N37378,N38533,N4020,N63314,N9553,N30114,N13243,N27637,N31931,N1966,N30429,N39376,N35022,N54772,N16420,N3309,N13569,N16715,N62313,N2778,N24298,N58264,N36834,N31801,N38580,N23614,N8557,N52398,N42528,N55042,N64856,N27099,N33096,N62714,N10136,N62231,N23741,N27526,N39858,N49695,N53049,N40207,N35056,N13081,N39414,N26825,N48715,N47810,N43827,N20953}","{"'N58264"': "0","'N35815"': "0","'N25165"': "0","'N103"': "0","'N62750"': "0","'N62318"': "0","'N33064"': "0","'N14809"': "0","'N37994"': "0","'N4021"': "1","'N58660"': "0","'N23877"': "0","'N34600"': "0","'N32015"': "0","'N53515"': "0","'N61760"': "0","'N45428"': "0","'N6579"': "0","'N21030"': "0","'N16148"': "0","'N34185"': "0","'N31406"': "0","'N3297"': "0","'N8538"': "0","'N496"': "0","'N60550"': "0","'N5652"': "0","'N64095"': "0","'N51975"': "0","'N33831"': "0","'N56716"': "0","'N57138"': "0","'N45523"': "0","'N20676"': "0","'N6066"': "0","'N18522"': "0","'N38311"': "0","'N37384"': "0","'N58814"': "0","'N46821"': "0","'N36408"': "0","'N51970"': "0","'N56211"': "1","'N34869"': "0","'N64174"': "0","'N58569"': "0","'N38442"': "0","'N38779"': "0","'N6477"': "0","'N55275"': "0","'N42803"': "0","'N16589"': "0","'N6390"': "0","'N38797"': "0","'N29212"': "0","'N55943"': "1","'N20793"': "0","'N46586"': "0","'N50872"': "0","'N35393"': "0","'N1539"': "0","'N9135"': "0","'N54752"': "0","'N9621"': "0","'N6837"': "0","'N36251"': "0","'N31679"': "0","'N51424"': "0","'N50601"': "0","'N21701"': "0","'N61483"': "0","'N23814"': "0","'N706"': "0","'N62894"': "0","'N4975"': "0","'N44116"': "0","'N29364"': "0","'N24109"': "0","'N59142"': "0","'N41387"': "0","'N25966"': "0","'N10960"': "0","'N61296"': "0","'N23446"': "0","'N44698"': "0","'N26262"': "0","'N47570"': "0","'N12029"': "0","'N55723"': "0","'N43275"': "0","'N3841"': "0","'N50288"': "0","'N16419"': "0","'N36003"': "0"}"
3848,U8315,2019-11-13 10:28:28,"{N32545,N42973,N10078,N50032,N642,N16636,N62058}","{"'N287"': "1","'N39010"': "0"}"
3849,U25330,2019-11-13 11:47:19,"{}","{"'N38695"': "0","'N287"': "0","'N48340"': "0","'N26262"': "1","'N61032"': "0","'N23162"': "0"}"
3911,U74245,2019-11-12 07:13:46,"{N29177,N1150,N27612,N16233,N57737,N51706,N50032,N16908,N46392,N45994,N23614,N306,N47847,N60047,N48603,N39670,N62058,N49492,N48742,N37091,N14006,N37144,N61880,N3449,N54300}","{"'N33619"': "0","'N50675"': "0","'N41020"': "1","'N7319"': "0","'N52122"': "0","'N49180"': "0"}"
3939,U88052,2019-11-12 06:34:39,"{N23045,N13231,N59359,N35946,N36328,N26176,N52257,N8923,N22335,N26655,N3975,N4647,N49846,N58203,N15169,N47329,N32852,N36592,N20752,N41375,N17278,N39542,N5018,N35710,N14586,N29802,N24633,N12596,N58544,N391,N3264,N45331,N13429,N8549,N50790,N21050,N10237,N43667,N18915,N42663,N53157,N48224,N5145,N4607,N18872,N42663,N419,N18870,N31768,N56452,N50710,N2970,N20766,N47458,N25141,N8508,N43441,N22816,N36424,N34520}","{"'N58171"': "0","'N11877"': "0","'N27245"': "0","'N62688"': "0","'N10264"': "1","'N56243"': "0","'N14184"': "1","'N33619"': "0","'N58671"': "0","'N10250"': "1","'N7319"': "0"}"
3940,U72387,2019-11-10 12:03:27,"{N13537,N20263,N40849,N22570,N22185,N30665,N62164,N58391,N719,N11593,N42458,N18247,N53388,N18259,N24421,N25195,N3863,N2543,N34444,N60401,N65169,N18777,N51783,N58668,N56734,N44495,N20997,N10865,N39690,N41997,N995,N15749,N55249,N52648,N58668,N36751,N64742,N30662,N47671,N57582,N4866,N61319,N61277,N22561,N477,N10897,N35452,N38923,N62703,N7981,N63167,N33092,N55266,N18285,N44007,N32852,N43142,N55556,N29802,N24825,N42313,N18238,N61210,N9674,N51330,N29026,N53895,N90,N50195,N10602,N18766,N61803,N18870,N23911,N36333,N16682,N24830,N46811,N14666,N10359,N10353,N46845}","{"'N51764"': "0","'N14520"': "0","'N48015"': "0","'N51185"': "0","'N57614"': "0","'N26179"': "0","'N18213"': "0","'N36837"': "0","'N46878"': "0","'N53245"': "0","'N8061"': "0","'N20413"': "0","'N3825"': "0","'N59640"': "0","'N48657"': "0","'N30619"': "0","'N35738"': "0","'N36703"': "0","'N64513"': "1","'N40071"': "0","'N26706"': "0","'N13575"': "0","'N5135"': "0","'N53907"': "0","'N4273"': "0","'N3339"': "0","'N41220"': "0","'N29341"': "1","'N55353"': "0","'N36545"': "1","'N11830"': "0","'N50389"': "0","'N16280"': "0","'N61145"': "0","'N26130"': "0","'N11406"': "0","'N48578"': "0"}"
3950,U74711,2019-11-11 20:08:47,"{N15745,N9808,N60664,N53387,N30344,N3682,N3532,N56812,N719,N26394,N41944,N35505,N48109,N46443,N62055,N51136,N43087,N35218,N11101,N52626,N64049,N13137,N58518,N47966,N54619,N4069,N64014,N48116,N51163,N9120,N35550,N8960,N3536,N61196,N24267,N34333,N54842,N31801,N58844,N51491,N23105,N44007,N32852,N4777,N11405,N60491,N41375,N18632,N59489,N7019,N47020,N9829,N14761,N44070,N43189,N8148}","{"'N36789"': "0","'N54489"': "0","'N57809"': "1","'N42597"': "0"}"
3979,U78938,2019-11-13 06:26:16,"{}","{"'N51853"': "0","'N5146"': "0","'N57426"': "0","'N50619"': "0","'N23942"': "0","'N7821"': "0","'N46810"': "0","'N45266"': "0","'N16314"': "0","'N60992"': "0","'N61952"': "0","'N3285"': "0","'N14592"': "0","'N25624"': "0","'N11269"': "0","'N34579"': "0","'N41113"': "0","'N9187"': "0","'N33813"': "0","'N12714"': "0","'N24423"': "0","'N19903"': "0","'N10123"': "0","'N29715"': "0","'N12325"': "0","'N24457"': "0","'N39461"': "0","'N25949"': "0","'N29961"': "0","'N46279"': "0","'N55281"': "0","'N7419"': "0","'N12492"': "0","'N38490"': "0","'N20815"': "0","'N18312"': "0","'N43083"': "0","'N31370"': "0","'N24157"': "0","'N24865"': "0","'N40468"': "0","'N54666"': "0","'N26673"': "0","'N7466"': "0","'N32031"': "0","'N21519"': "0","'N56517"': "0","'N58114"': "0","'N11087"': "0","'N6857"': "0","'N20067"': "0","'N3344"': "0","'N59385"': "0","'N26376"': "0","'N7840"': "0","'N32118"': "0","'N49194"': "0","'N11817"': "0","'N23818"': "0","'N18377"': "0","'N35738"': "0","'N1940"': "0","'N43638"': "0","'N57917"': "0","'N28213"': "0","'N52557"': "0","'N51187"': "0","'N20567"': "0","'N11869"': "0","'N42977"': "0","'N21309"': "0","'N37905"': "1","'N20811"': "0","'N53318"': "0","'N62208"': "0","'N48950"': "0","'N56355"': "0","'N22215"': "0","'N36184"': "0","'N34612"': "0","'N47149"': "0","'N26262"': "0","'N15279"': "0","'N51954"': "0","'N29468"': "0","'N17059"': "0","'N36516"': "0","'N8564"': "0","'N27497"': "0","'N23081"': "0","'N45551"': "0","'N2578"': "0","'N18887"': "0","'N55132"': "0","'N62227"': "0","'N20076"': "0","'N4615"': "0","'N43102"': "0","'N57713"': "0","'N23547"': "0","'N25881"': "0","'N15812"': "0","'N9720"': "0","'N22442"': "0","'N6772"': "0","'N35062"': "0","'N19318"': "0","'N60009"': "0","'N16291"': "0","'N35847"': "0","'N25163"': "0","'N1644"': "0","'N26227"': "0","'N62128"': "0","'N28745"': "0","'N30920"': "0","'N59469"': "0","'N19092"': "0","'N22320"': "0","'N22364"': "0","'N58813"': "0","'N4754"': "0","'N58077"': "0","'N62920"': "0","'N38159"': "0","'N16161"': "0","'N36659"': "0","'N17759"': "0","'N63958"': "0","'N6056"': "0","'N20015"': "0","'N13105"': "0","'N31395"': "0","'N23590"': "0","'N3506"': "0","'N42143"': "0","'N59673"': "0","'N45317"': "0","'N27314"': "0","'N31448"': "0","'N58229"': "0","'N2869"': "0","'N49955"': "0","'N20178"': "0","'N13907"': "0","'N34876"': "0","'N19592"': "0","'N25315"': "0","'N20915"': "0","'N35112"': "0","'N31978"': "0","'N64968"': "0","'N30085"': "0","'N5048"': "0","'N8400"': "0","'N47717"': "0","'N41172"': "0","'N2622"': "0","'N55050"': "0","'N9734"': "0","'N22880"': "0","'N41889"': "0","'N35233"': "0","'N28046"': "0","'N6926"': "0","'N35170"': "0","'N15315"': "0","'N59272"': "0","'N22457"': "0","'N28357"': "0","'N59981"': "0","'N35047"': "0","'N926"': "0","'N4428"': "0","'N30089"': "0","'N61571"': "1","'N48077"': "0","'N37793"': "0","'N52723"': "1","'N33005"': "0","'N3123"': "0","'N33240"': "0","'N13579"': "0","'N41122"': "0","'N14726"': "0","'N64734"': "0","'N13540"': "0","'N50389"': "0","'N61023"': "0","'N19444"': "0","'N44786"': "0","'N43386"': "0","'N103"': "0","'N45590"': "0","'N9623"': "0","'N52045"': "0","'N9392"': "0","'N7121"': "0","'N48063"': "0","'N23824"': "0","'N63650"': "0","'N27515"': "0","'N29679"': "0","'N41387"': "0","'N41578"': "0","'N47061"': "0","'N38023"': "0","'N1289"': "0","'N33885"': "0"}"
3999,U42443,2019-11-12 15:11:52,"{N4229,N60615,N37706,N50074,N13304,N8485,N55249,N20039,N47849,N31895,N59740,N35069,N24809,N26099,N32971,N29841,N47783,N23653,N51294,N6751,N17286,N18714,N35481,N34594,N23349,N51389,N58071,N59842,N58956,N15009,N11004,N38917,N19660,N21792,N64436}","{"'N17059"': "0","'N59272"': "1","'N55065"': "0","'N55511"': "0","'N6458"': "0","'N20134"': "0","'N33396"': "0","'N35854"': "0","'N63380"': "0","'N37972"': "0","'N37651"': "0","'N33261"': "0","'N46607"': "0","'N23503"': "0","'N64851"': "0","'N64745"': "0","'N20678"': "1","'N39317"': "0","'N40380"': "0","'N57406"': "0","'N31912"': "0","'N15289"': "0","'N49194"': "0","'N34579"': "0","'N1456"': "0","'N34486"': "0","'N37363"': "0","'N49200"': "0","'N25163"': "0","'N261"': "0","'N64734"': "0","'N7821"': "0","'N26416"': "0","'N28213"': "0","'N61760"': "0","'N27560"': "0","'N16234"': "0","'N25543"': "0"}"
4006,U39862,2019-11-10 20:25:54,"{}","{"'N21882"': "0","'N12109"': "0","'N64153"': "0","'N16915"': "0","'N63478"': "0","'N32144"': "0","'N48578"': "0","'N28047"': "0","'N2869"': "0","'N9158"': "1","'N29128"': "0","'N21758"': "0","'N12523"': "0","'N49685"': "1","'N51330"': "0","'N53373"': "0","'N30814"': "0","'N21519"': "0","'N45561"': "1","'N15855"': "0","'N26952"': "0"}"
4030,U19887,2019-11-12 13:56:41,"{N29788,N15351,N26153,N46091,N5440,N45225,N24187,N56630,N22129,N50069,N46994,N61196,N19238,N53734,N13257,N3395,N62411,N11370,N4526,N8277,N41218,N17246,N4607}","{"'N31029"': "0","'N64851"': "0","'N63970"': "0","'N6975"': "0","'N22339"': "1","'N62360"': "0","'N58363"': "0","'N40839"': "0","'N33212"': "0"}"
4038,U93749,2019-11-14 09:08:07,"{N7432,N3327,N32003,N3046,N50467,N64074,N56630,N56630,N2980,N44369,N13231,N8508}","{"'N47098"': "0","'N6477"': "0","'N36226"': "0","'N44698"': "0","'N29212"': "0","'N45523"': "0","'N9135"': "0","'N38779"': "0","'N48017"': "0","'N1539"': "0","'N45509"': "0","'N5009"': "0","'N50872"': "0","'N23877"': "0","'N10960"': "0","'N41387"': "0","'N38869"': "0","'N11817"': "1","'N51570"': "0","'N40109"': "0","'N23446"': "0"}"
4098,U27135,2019-11-14 11:02:56,"{N55189,N45729,N4121,N5391,N32299,N29088,N25817,N29924,N53234,N10270,N19638,N54962,N76,N60905,N23984,N39718,N17518,N49153,N39235,N53052,N14185,N30867,N46826,N56514,N58264,N46023,N63321,N17397,N13060,N3188,N37811,N4960,N56121,N24999,N6673,N42435,N23157,N40716,N55526,N1475,N54827,N57172,N30310,N4593,N36208,N60184,N13866,N20129,N10417,N49009,N63709,N47309,N306,N2309,N30507,N54850,N7132,N17032,N34862,N56596,N18587,N30448,N4740,N30092,N24453,N62058,N14526,N48715,N23239,N43955,N62107,N33013,N55911,N32004,N45269,N43202,N37586,N7642,N14383,N37889}","{"'N29212"': "0","'N50872"': "0","'N25966"': "0","'N35393"': "0","'N54752"': "0","'N20676"': "0","'N40109"': "0","'N25165"': "0","'N6787"': "0","'N6477"': "0","'N58264"': "0","'N36003"': "0","'N10960"': "0","'N44698"': "0","'N38779"': "0","'N38311"': "0","'N22257"': "0","'N53515"': "0","'N60858"': "0","'N23446"': "0","'N8559"': "0","'N41387"': "0","'N3415"': "0","'N38442"': "0","'N56573"': "0","'N49284"': "0","'N16148"': "0","'N7618"': "0","'N14523"': "0","'N14713"': "0","'N6837"': "0","'N57368"': "0","'N51553"': "0","'N36226"': "0","'N35815"': "0","'N38215"': "0","'N55275"': "0","'N57081"': "1","'N64184"': "0","'N31679"': "0","'N42803"': "0","'N5652"': "1","'N18529"': "0","'N45523"': "0","'N62318"': "0","'N14436"': "0","'N24109"': "0","'N4021"': "0","'N47098"': "0","'N1539"': "0"}"
4105,U41010,2019-11-12 16:15:02,"{N17933,N8794,N55829,N28278,N26619,N37911,N3501,N54594,N19760,N40218,N8298,N24286,N4690,N56253,N30589,N29395,N16715,N8917,N58090,N33764,N56922,N52735,N10795,N19028,N7232,N7818,N32939,N16892,N42586,N27766,N10152,N56877,N45581,N14366,N53057,N43827,N43195,N55521,N40509,N2735,N15676,N53428,N52593,N59380,N50427,N6289,N35305,N19773,N26130,N47020,N62801,N48427,N64536}","{"'N64745"': "0","'N16096"': "0","'N40380"': "0","'N33212"': "0","'N39317"': "0","'N46607"': "0","'N44422"': "0","'N62386"': "0","'N33261"': "0","'N28046"': "0","'N17059"': "0","'N3344"': "0","'N261"': "0","'N14726"': "0","'N27560"': "0","'N305"': "0","'N16463"': "1"}"
4107,U66522,2019-11-13 09:30:39,"{N33513,N38629,N36676,N45355,N53759,N32483,N18381,N4020,N20286,N44292,N36236,N64408,N48569,N50032,N36853,N34087,N33969,N24691,N31057,N34172,N16231,N21004,N36851,N20792,N24356,N17990,N61313,N46392,N8401,N51692,N39336,N45491,N4848,N42435,N38923,N60170,N54827,N10016,N28550,N35902,N17968,N33063,N63411,N61017,N17387,N7062,N10414,N37549,N38909,N37033,N21136,N48276,N23718,N23864,N42528,N13081,N11415,N16239,N6616,N27766,N1969,N6342,N60212,N57924,N55911,N47277,N5886,N44423,N51983,N23431,N54235,N16344,N55055,N16043,N7327,N60364,N53017}","{"'N24176"': "0","'N64632"': "0","'N4754"': "0","'N64094"': "0","'N3841"': "0","'N22145"': "0","'N41122"': "0","'N47061"': "0","'N35233"': "0","'N26795"': "0","'N51853"': "0","'N10812"': "0","'N13907"': "0","'N28213"': "0","'N31448"': "0","'N25437"': "0","'N55281"': "0","'N21701"': "0","'N19444"': "0","'N42143"': "0","'N53470"': "0","'N39187"': "0","'N59088"': "0","'N2562"': "0","'N39010"': "1","'N47748"': "0","'N12839"': "0","'N29340"': "0","'N36624"': "0","'N35767"': "0","'N18887"': "0","'N3465"': "0","'N6857"': "0","'N14592"': "0","'N17759"': "0","'N39269"': "0","'N19592"': "1","'N31050"': "0","'N43386"': "0","'N34048"': "0","'N35486"': "0","'N11551"': "0","'N33501"': "0","'N47149"': "0","'N59673"': "0","'N4913"': "0","'N41172"': "0","'N15719"': "0","'N45266"': "0","'N34876"': "0","'N36659"': "0","'N51048"': "0","'N5048"': "0","'N287"': "0","'N22417"': "0","'N21420"': "0"}"
4121,U43090,2019-11-09 16:54:47,"{N38621,N27407,N4690,N22185,N52491,N28296,N51706,N11288,N13669,N19001,N20039,N10107,N19638,N11894,N58641,N27644,N36065,N59677,N57582,N24436,N35820,N841,N57728,N63054,N58771,N20790,N33063,N61196,N8952,N17811,N30353,N41579,N15394,N7812,N228,N17317,N54225,N52257,N62163,N51693,N34000,N6040,N52398,N15789,N60360,N64467,N32924,N4526,N10559,N63688,N13935,N35710,N28088,N64474,N46301,N14761,N46818,N13429,N61664,N19660,N42128,N3933,N60985,N32004,N21317,N40442,N22816}","{"'N6658"': "0","'N5737"': "0","'N3930"': "0","'N26706"': "1","'N47267"': "0","'N48578"': "1","'N30202"': "0","'N7128"': "0","'N20281"': "0","'N31706"': "0","'N18708"': "0","'N38783"': "0","'N43595"': "0","'N26130"': "0","'N50302"': "0","'N39342"': "0","'N14780"': "0","'N45211"': "0","'N54406"': "0","'N3491"': "0","'N7850"': "0","'N49879"': "0","'N5442"': "0","'N10350"': "0","'N33981"': "0","'N50575"': "0","'N1034"': "1","'N12579"': "0","'N27143"': "0","'N19911"': "0","'N59852"': "1","'N43377"': "0","'N26721"': "0","'N53017"': "1","'N33799"': "0","'N44616"': "0","'N3894"': "0","'N37394"': "0","'N51398"': "0","'N23548"': "0","'N18870"': "0","'N45190"': "0","'N60374"': "0","'N12168"': "0","'N17468"': "0","'N11484"': "0","'N732"': "0","'N25764"': "0","'N44679"': "0","'N31062"': "0","'N8929"': "0","'N42028"': "0","'N39115"': "0","'N47020"': "0","'N11830"': "0","'N48958"': "0","'N8061"': "0"}"
4150,U86240,2019-11-11 09:52:04,"{N34124,N25971,N58226,N29530,N4304,N10646,N50454,N55312,N45729,N6702,N42458,N59754,N32483,N42208,N63740,N51706,N47954,N9899,N49229,N26040,N51238,N62703,N4408,N45794,N62703,N36019,N53662,N63003,N17565,N17070,N32852,N64631,N50710,N37663,N58837,N59407}","{"'N21707"': "0","'N52622"': "0","'N63550"': "0","'N35729"': "1","'N55689"': "0","'N7809"': "0","'N59981"': "0"}"
4166,U59513,2019-11-11 06:40:32,"{N42601,N59549,N60615,N58584,N35375,N12384,N6511,N29924,N12822,N60223,N30682,N10078,N42458,N33117,N16695,N27612,N24148,N19131,N196,N50032,N16868,N51706,N14102,N60241,N4962,N29041,N49223,N36848,N2506,N46527,N39498,N10055,N35218,N60033,N15402,N48553,N14185,N5297,N61997,N1066,N46023,N45794,N37047,N34574,N38505,N46392,N45491,N43864,N9786,N30531,N63003,N6266,N28139,N1506,N1766,N33112,N38546,N44472,N59359,N8952,N56753,N35295,N56240,N34394,N1322,N9441,N64994,N51260,N63436,N28852,N40201,N1850,N30160,N35643,N14385,N2618,N46671,N50346,N51058,N45736,N42620,N51464,N29802,N3259,N31802,N18870,N56066,N4607,N55911,N43202,N55948,N43202,N9317,N40171,N52307,N35671,N4080,N19773}","{"'N6693"': "0","'N35729"': "0","'N27581"': "0","'N55689"': "1"}"
4186,U7453,2019-11-13 04:53:42,"{N25436,N35715,N16233,N6233,N12709,N47993,N32312,N64955,N9803,N48325,N25109,N55743,N51184,N12349,N8448,N55556,N11415}","{"'N52723"': "1","'N62128"': "0","'N64734"': "0","'N48063"': "0","'N60992"': "0","'N37905"': "0","'N24457"': "0","'N45266"': "0","'N36659"': "0","'N59272"': "0","'N28213"': "0","'N26262"': "0","'N13579"': "0","'N19592"': "0","'N49194"': "0","'N59673"': "0","'N47061"': "0","'N42977"': "0","'N35047"': "0","'N26415"': "0","'N35170"': "0","'N14592"': "0","'N17924"': "0","'N38159"': "0","'N11087"': "0","'N7821"': "0"}"
4211,U12462,2019-11-14 05:51:30,"{N62931,N54359,N11885,N58644,N835,N60651,N36431,N3682,N47558,N13008,N53784,N871,N4020,N56447,N64591,N36065,N30665,N57582,N56109,N61319,N59704,N501,N10897,N57318,N30698,N10414,N18285,N61568,N8258,N60985}","{"'N29739"': "0","'N55555"': "0","'N49712"': "0","'N10960"': "0","'N40109"': "0","'N58660"': "0","'N60550"': "1","'N51570"': "0","'N11817"': "0","'N47098"': "0","'N9135"': "0","'N8015"': "0","'N64227"': "0","'N56711"': "0","'N3841"': "0","'N45509"': "0","'N36226"': "0","'N55488"': "0","'N55325"': "0","'N42860"': "0","'N18522"': "0","'N64174"': "0","'N10594"': "0","'N31679"': "0","'N50872"': "0","'N4021"': "0","'N50592"': "0","'N16148"': "0","'N59138"': "0","'N38442"': "0","'N33831"': "0","'N645"': "0","'N58814"': "0","'N7224"': "0","'N16844"': "0","'N23446"': "0","'N64412"': "0","'N11940"': "0","'N62750"': "0","'N23877"': "0","'N53875"': "0","'N48063"': "1","'N15842"': "0","'N8595"': "0","'N48017"': "0","'N38779"': "0","'N21701"': "0","'N496"': "0","'N30071"': "0"}"
4268,U27616,2019-11-13 04:17:29,"{N37720,N14102,N35022,N22455,N13754,N36780,N13239,N43945,N21178,N21831,N21789,N37033,N31709,N63779,N62471,N61914,N32924,N60491,N34983,N9056,N21184,N26874,N14318,N5270,N21876,N14761,N60671,N42137,N22036,N732,N56527,N40448,N52121,N11484,N14305,N41244}","{"'N849"': "0","'N59272"': "0","'N50122"': "0","'N3841"': "0","'N52723"': "0","'N14592"': "0","'N28213"': "0","'N55281"': "0","'N1289"': "0","'N47717"': "0","'N19903"': "0","'N29961"': "0","'N36659"': "0","'N48063"': "0","'N38159"': "0","'N61023"': "0","'N36184"': "0","'N17831"': "0","'N57426"': "0","'N64734"': "0","'N33885"': "0","'N29468"': "0","'N20076"': "0","'N37905"': "0","'N62128"': "0","'N60336"': "1","'N35170"': "0"}"
4307,U73657,2019-11-11 08:14:59,"{N3501,N50155,N1205,N13008,N15293,N63276,N871,N31057,N9643,N35597,N18094,N20057,N63180,N11005,N27608,N45829,N63180,N32852,N34069,N40944,N51464,N42620,N22897,N4864,N62058,N10978,N53895,N51992,N33163,N4607,N14742,N11249,N6007,N2970,N24830,N54571,N19265,N26526,N15676,N5560,N22816,N37377,N40509,N11911,N35671}","{"'N35729"': "0","'N55689"': "1"}"
4373,U73145,2019-11-12 06:26:03,"{N21577,N32808,N25908,N45395,N63875,N25008,N38963,N60559,N46759,N58936,N47069,N44251,N56586,N49469,N19620,N26642,N33454,N17243,N13180,N356,N18077,N4020,N16868,N3926,N44361,N33969,N54581,N57886,N1333,N64777,N60098,N29769,N20769,N46990,N4705,N22649,N1066,N60587,N37942,N17990,N20483,N59156,N57551,N5663,N26718,N5828,N36312,N1825,N16658,N370,N63864,N6632,N14801,N46125,N38488,N55051,N62479,N19823,N51232,N19594,N63411,N20857,N34824,N36780,N13693,N45954,N31709,N10417,N10414,N25677,N55743,N56399,N40526,N39520,N33921,N30110,N48076,N9120,N26544,N54842,N63302,N54226,N306,N52382,N44551,N64512,N63779,N58232,N58232,N13081,N21118,N23106,N12254,N174,N32591,N23518,N53948,N43955,N19660,N3122,N14742,N25582,N58102,N33013,N47686,N12732,N23431,N53043,N31381,N53436,N31381,N24075,N54077,N24261,N55449,N16043,N53017,N17340,N26319}","{"'N63390"': "0","'N23563"': "0","'N62395"': "0","'N24207"': "0","'N62360"': "1","'N31978"': "0","'N31947"': "0","'N60105"': "0","'N41020"': "0","'N32544"': "0","'N43519"': "0","'N14184"': "0","'N2054"': "0","'N36789"': "0","'N47578"': "0","'N49180"': "0","'N28188"': "0","'N50675"': "0","'N7319"': "0","'N33619"': "0","'N4985"': "0"}"
4397,U46241,2019-11-12 18:00:39,"{N6156,N477,N56581,N61386,N47186}","{"'N46607"': "0","'N17059"': "0","'N42977"': "0","'N27560"': "0","'N45704"': "0","'N39631"': "0","'N22407"': "0","'N33212"': "0","'N20678"': "0","'N39317"': "0","'N24157"': "0","'N33885"': "0","'N58114"': "0","'N7821"': "1","'N14592"': "0","'N34382"': "0","'N20495"': "0","'N62386"': "0","'N6890"': "0","'N16096"': "0","'N33677"': "0","'N44422"': "0"}"
4405,U88515,2019-11-14 07:27:28,"{N47886,N64777,N46759,N40453,N44251,N26531,N58964,N4922,N46091,N872,N46978,N28296,N995,N20121,N941,N33969,N8422,N848,N848,N37156,N30531,N56514,N48865,N21103,N49809,N31748,N50221,N64661,N35607,N43333,N16384,N22129,N47737,N18569,N45491,N55922,N63180,N52551,N46795,N55434}","{"'N23446"': "0","'N47098"': "0","'N38779"': "0","'N45509"': "0","'N40109"': "0","'N50872"': "0","'N23877"': "0","'N36226"': "0","'N64174"': "0","'N49712"': "0","'N50592"': "0","'N48017"': "1","'N46821"': "0","'N51570"': "0"}"
4407,U66189,2019-11-12 05:30:04,"{N21658,N38118,N13008,N51883,N58227,N24148,N20792,N39276,N51180,N56630,N13995,N45794,N39867,N31666,N7499,N9803,N16715,N57967,N58090,N38585,N10803,N10721,N21288,N63063,N47175,N60184,N60605,N46011,N49495,N21136,N157,N306,N40944,N59254,N33742,N12594,N57398,N25485,N61126,N38961,N38105,N60702,N39798,N18132,N22101,N64273,N25712,N60364,N18106,N11020,N21358,N53428}","{"'N7319"': "0","'N32544"': "0","'N14184"': "1","'N33619"': "0","'N50675"': "0","'N31947"': "0","'N49180"': "0","'N47578"': "0","'N36789"': "0","'N41020"': "0","'N53012"': "0"}"
4438,U77090,2019-11-13 16:31:03,"{N19829,N55846,N9808,N42989,N46567,N4001,N21277,N17403,N8485,N55312,N55189,N28810,N49745,N871,N3345,N14374,N29621,N45530,N29523,N13893,N1825,N37067,N4593,N56121,N56390,N23394,N55727,N51385,N26265,N48216,N39533,N34287,N38179,N52536,N20078,N32852,N35685,N38197,N18587,N63688,N11415,N39380,N43427,N1880,N4607,N37394,N51705,N32830}","{"'N38215"': "0","'N21420"': "0","'N4404"': "0","'N4642"': "0","'N48705"': "0","'N4510"': "0","'N37437"': "0","'N35273"': "0","'N56214"': "0","'N51048"': "0","'N17117"': "0","'N14029"': "1","'N33831"': "0","'N36261"': "0","'N64252"': "0","'N51287"': "0"}"
4450,U93005,2019-11-14 05:01:08,"{N22279,N55435,N8548,N56817,N26136,N51289,N33513,N27448,N4830,N16233,N25889,N51706,N51569,N15122,N63019,N55435,N21352,N33276,N12096,N16715,N61959,N45994,N6759,N55435,N51618,N32874,N31801,N306,N23614,N34069,N38580,N43142,N54469,N6734,N41562,N11905,N35710,N15288,N51464,N62231,N27181,N9053,N11729,N42729,N46818,N51616,N48829,N52551,N20358,N20342,N6218,N9397,N49040,N20575,N32555,N40509,N20874,N2735,N35671}","{"'N64174"': "1","'N10552"': "0","'N8015"': "0"}"
4457,U7419,2019-11-13 06:29:58,"{N8277,N55714,N63062,N14522,N46811}","{"'N52557"': "0","'N48063"': "0","'N31333"': "1","'N1644"': "1","'N19592"': "0","'N5146"': "0","'N64734"': "0","'N38159"': "0","'N8400"': "0","'N3123"': "0","'N13907"': "0","'N3344"': "0","'N55132"': "0","'N61623"': "0","'N14726"': "0","'N29679"': "0","'N40468"': "0","'N3769"': "0","'N64968"': "0","'N34876"': "0","'N35047"': "0","'N47061"': "0","'N14592"': "0","'N4754"': "0","'N20067"': "0","'N62128"': "0","'N28213"': "0","'N35233"': "0","'N18377"': "0","'N37416"': "0","'N20495"': "0","'N59673"': "0","'N57426"': "0","'N20076"': "0","'N19903"': "0","'N26262"': "0","'N62208"': "0","'N60992"': "0","'N42977"': "0","'N18887"': "0","'N35170"': "0","'N58813"': "0","'N59272"': "1","'N25949"': "0","'N11869"': "0","'N13579"': "0","'N45266"': "0","'N17759"': "0","'N52723"': "0","'N20811"': "0","'N12731"': "0","'N13540"': "0","'N30085"': "0","'N35112"': "0","'N3841"': "0"}"
4545,U39367,2019-11-11 08:44:54,"{N52097,N1150,N6056,N39693,N17518,N49436,N17157,N30955,N5120,N62325,N55148,N48332,N38747,N13008,N64555,N63276,N26642,N14644,N57524,N2415,N30102,N13298,N3345,N2234,N44957,N14374,N53354,N18663,N7521,N62699,N7563,N54793,N20710,N16965,N64669,N9653,N9554,N593,N14873,N28576,N11101,N64505,N7158,N48124,N34399,N32939,N53531,N23887,N33976,N12145,N51163,N37067,N47143,N46392,N60730,N25302,N60033,N29621,N26017,N60340,N59027,N17498,N17966,N27154,N1322,N51692,N264,N21576,N10897,N5978,N61623,N34649,N42435,N6673,N2663,N434,N45807,N7818,N13925,N48216,N1475,N5092,N22455,N59807,N23476,N23949,N61388,N6266,N13132,N35084,N12676,N58090,N51184,N12349,N13374,N19594,N49009,N47175,N61342,N63302,N45909,N41225,N58722,N17387,N56290,N48477,N962,N306,N36557,N54695,N32852,N26947,N37075,N37694,N36453,N10821,N47482,N41375,N14452,N30190,N56596,N49364,N28088,N31090,N33096,N63779,N51393,N22705,N30681,N35710,N24326,N42620,N63574,N64193,N44110,N4740,N13472,N28856,N48356,N51613,N39380,N48699,N63573,N3933,N32004,N4607,N41139,N3077,N32610,N6102,N59143,N1864,N49023,N55714,N63062,N2003,N49050,N37509,N45561,N13539,N57726,N60826}","{"'N58054"': "0","'N33848"': "0","'N36232"': "0","'N56598"': "0","'N40318"': "0","'N53237"': "0","'N21428"': "0","'N55936"': "0","'N14713"': "0","'N15855"': "0","'N45076"': "0","'N35729"': "0","'N6099"': "0","'N48759"': "0","'N45616"': "0","'N35172"': "0","'N35937"': "0","'N55689"': "0","'N26712"': "0","'N13801"': "0","'N40530"': "0","'N56193"': "0","'N24176"': "0","'N41578"': "0","'N26286"': "0","'N11830"': "0","'N4815"': "0","'N29128"': "0","'N45375"': "0","'N61214"': "0","'N49157"': "0","'N59981"': "0","'N31370"': "0","'N29001"': "0","'N47981"': "0","'N54300"': "0","'N61623"': "0","'N30108"': "0","'N16342"': "0","'N42961"': "0","'N2869"': "0","'N47067"': "0","'N32791"': "0","'N4912"': "0","'N63538"': "0","'N12028"': "0","'N154"': "0","'N1914"': "0","'N18870"': "0","'N48890"': "0","'N26179"': "0","'N43415"': "0","'N36621"': "0","'N50406"': "0","'N31727"': "0","'N18708"': "0","'N53318"': "0","'N7809"': "0","'N40431"': "0","'N63550"': "0","'N22999"': "0","'N3541"': "0","'N17140"': "0","'N30135"': "0","'N7128"': "0","'N24180"': "1","'N47229"': "0"}"
4549,U51597,2019-11-14 07:35:32,"{N64408,N65128,N47090,N51396,N44230,N39867,N63726,N21685,N14947,N9120,N52883,N19823,N30531,N63411,N6484,N37857,N24578,N306,N8331,N15765,N9056,N55556,N45314,N36530,N29802,N29802,N55885,N16770,N50456,N5353,N5353,N18870,N64836,N2003,N23431,N13876,N28614,N4550}","{"'N42634"': "0","'N61787"': "0","'N47098"': "0","'N64543"': "0","'N19019"': "0","'N17231"': "0","'N22353"': "0","'N56300"': "0","'N23446"': "1","'N38779"': "0","'N5652"': "0","'N32567"': "0","'N31893"': "0","'N13486"': "0","'N28072"': "0","'N10552"': "0","'N13604"': "0","'N54752"': "1","'N13131"': "0","'N58086"': "0","'N42457"': "0","'N33831"': "0","'N8928"': "0","'N6477"': "0","'N23877"': "0","'N38869"': "0","'N58660"': "0","'N21128"': "0","'N62894"': "0","'N3841"': "0","'N1180"': "0","'N40109"': "0","'N59186"': "0","'N47570"': "0","'N55555"': "0","'N20729"': "0","'N496"': "0","'N22257"': "0","'N62992"': "0","'N25165"': "0","'N50872"': "0","'N50601"': "0","'N4021"': "0","'N38080"': "0","'N61483"': "0","'N16148"': "0"}"
4578,U23667,2019-11-11 01:36:49,"{N16215,N65039,N12889,N9666,N43854,N21598,N41229,N20304,N38118,N64555,N63650,N13180,N1633,N23874,N10815,N39584,N10444,N25114,N5491,N40837,N50098,N46987,N8953,N34300,N25300,N19236,N40349,N31802,N32202,N30145,N60350,N995,N40517,N17489,N18505,N10530,N40545,N41997,N63210,N27040,N20899,N19594,N55326,N40545,N52333,N741,N19079,N962,N21215,N35607,N55856,N17432,N28769,N16172,N26017,N31906,N30531,N50726,N61623,N36488,N1902,N62628,N58860,N60470,N48878,N17991,N55051,N53216,N16384,N34584,N14150,N6266,N33063,N49854,N47737,N50030,N41526,N27759,N53196,N63302,N3867,N55000,N60585,N39533,N37304,N60314,N10821,N62445,N19650,N49282,N23614,N23202,N39221,N40070,N54834,N36557,N23403,N16770,N14349,N32924,N64172,N54163,N54571,N21460,N47698,N9190,N40207,N41935,N28788,N43955,N18870,N17128,N20284,N42137,N56301,N29276,N58885,N62853,N59923,N21272,N33630,N11484,N40324,N23784,N28240,N23196,N30680,N40171,N5791,N27140}","{"'N49685"': "0","'N37870"': "0","'N9475"': "0","'N58166"': "0","'N54161"': "0","'N53318"': "0","'N54300"': "0","'N31273"': "0","'N64542"': "0","'N40495"': "0","'N43309"': "0","'N14531"': "0","'N28047"': "0","'N22029"': "0","'N49279"': "0","'N27581"': "0","'N62729"': "0","'N25414"': "0","'N48759"': "0","'N18870"': "0","'N27486"': "0","'N4912"': "1","'N35738"': "0","'N35729"': "0","'N5497"': "0","'N46972"': "0","'N43073"': "0","'N9271"': "0","'N56193"': "0","'N2886"': "0"}"
4637,U16835,2019-11-11 06:50:18,"{N37047,N60491,N54469}","{"'N9271"': "0","'N4912"': "0","'N9475"': "0","'N61214"': "0","'N35729"': "0","'N63550"': "0","'N55689"': "0","'N38201"': "0","'N62570"': "0","'N12042"': "1","'N63538"': "0","'N27581"': "0","'N32437"': "0","'N56193"': "0","'N57090"': "0","'N53318"': "0","'N33848"': "0","'N15830"': "0","'N1914"': "0","'N50469"': "0","'N6693"': "0","'N56598"': "0","'N45076"': "0","'N48759"': "0","'N35937"': "0","'N18870"': "0","'N25366"': "0"}"
4648,U48790,2019-11-14 14:13:44,"{N42308,N24421,N6590,N18893,N39293,N36759,N32098,N43751,N62705,N22545,N31927,N6264,N22649,N51305,N59549,N9843,N46990,N6044,N49903,N46151,N49048,N5809,N16363,N27311,N55051,N63123,N30308,N23949,N51391,N22010,N30967,N6878,N24492,N26176,N40639,N53118,N54449,N34287,N6932,N60895,N61239,N52398,N8201,N13157,N23162,N39670,N17391,N6506,N51089,N29247,N48356,N18730,N36286,N23401,N47692,N26333,N54860,N56501,N31699,N25828,N19495,N7771,N65200,N65172,N19690,N3122,N16416,N1247,N48596,N62959,N8170,N55558,N1774,N55645,N58574}","{"'N4021"': "0","'N5535"': "0","'N25165"': "0","'N31679"': "0","'N38215"': "0","'N15882"': "0","'N17031"': "0","'N37204"': "0","'N19661"': "0","'N61233"': "0","'N3726"': "0","'N65027"': "0","'N36612"': "0","'N26918"': "0","'N59267"': "0","'N64305"': "0","'N64095"': "0","'N28072"': "0","'N60592"': "0","'N37994"': "1","'N3415"': "0","'N25491"': "0","'N3380"': "0","'N37384"': "0","'N57818"': "0","'N48487"': "0","'N61595"': "0","'N62805"': "0","'N1228"': "0","'N25605"': "0","'N9944"': "0","'N51725"': "0","'N39015"': "0","'N57081"': "0","'N7494"': "0","'N28918"': "0","'N33828"': "0","'N55281"': "0","'N17759"': "0","'N16439"': "0","'N16931"': "0","'N45284"': "0","'N31289"': "0","'N55275"': "0","'N47612"': "0","'N48416"': "1","'N59501"': "0","'N63342"': "0","'N64174"': "0","'N21077"': "0","'N54752"': "0","'N59925"': "0","'N35773"': "0","'N38697"': "0","'N58171"': "0","'N12446"': "0","'N62894"': "0","'N38404"': "0","'N23767"': "0","'N17628"': "0","'N17986"': "0","'N35576"': "0","'N64543"': "0","'N28961"': "0","'N6388"': "0","'N7618"': "0"}"
4654,U5008,2019-11-13 13:56:17,"{N39556,N13395,N54359,N3493,N1954,N31145,N21658,N29177,N5248,N44665,N36128,N11885,N49995,N36431,N10059,N45549,N871,N10392,N14644,N59546,N39600,N56708,N54247,N5034,N21087,N32483,N57737,N20286,N51706,N20121,N3797,N44547,N29249,N28081,N52648,N24691,N5861,N40508,N54434,N31760,N22772,N31318,N39118,N28678,N42458,N9791,N47729,N30974,N6154,N50085,N61005,N46984,N31795,N17799,N14414,N13137,N46023,N1966,N33976,N60046,N17966,N46392,N477,N61702,N32403,N30003,N63049,N39437,N24999,N64476,N30353,N56753,N36165,N48284,N61196,N20214,N28313,N17050,N10414,N48904,N12264,N31801,N10454,N29599,N42136,N3954,N306,N52057,N4777,N41241,N9629,N43142,N24448,N18355,N40315,N58391,N28088,N26407,N35710,N1171,N48405,N56199,N16421,N58134,N14552,N26905,N54512,N6831,N27181,N32229,N46818,N25258,N43452,N45314,N18532,N22345,N39414,N48699,N34564,N51330,N61972,N49439,N601,N4151,N20345,N47323,N36498,N29612,N50710,N49023,N47889,N18933,N8148,N31996,N62258,N35671,N13355,N36253,N19783}","{"'N56214"': "0","'N4510"': "0","'N38215"': "0","'N21420"': "0","'N21128"': "0","'N4956"': "0","'N38695"': "1","'N36261"': "0","'N22417"': "0","'N50415"': "0","'N4642"': "0","'N13907"': "0","'N17117"': "0","'N6930"': "0","'N35273"': "0"}"
4667,U42184,2019-11-10 15:50:31,"{N20651,N33513,N52632,N29177,N2203,N44559,N65123,N32483,N61103,N34694,N33276,N46194,N37942,N31225,N306,N2309,N43142,N19429,N20199,N53872,N57140,N63855,N13081,N49475,N60212,N22558,N46239,N40442,N11875,N2735}","{"'N11830"': "0","'N21228"': "1","'N49279"': "0","'N54161"': "0","'N4247"': "0","'N50302"': "0","'N20729"': "0","'N2702"': "0","'N49178"': "0","'N35293"': "0","'N25138"': "0","'N6926"': "0"}"
4668,U85540,2019-11-14 10:11:21,"{N6956,N1150,N32072,N19494,N47069,N33816,N3346,N16497,N42902,N11291,N39888,N41376,N871,N10235,N11291,N36699,N4020,N33969,N14302,N6023,N31057,N46573,N18459,N61313,N29523,N51299,N16363,N37942,N46392,N45794,N32978,N60046,N9120,N51692,N35022,N10897,N24999,N39374,N10897,N54827,N250,N37084,N44396,N50299,N34669,N40716,N22161,N18526,N28313,N45954,N55743,N48276,N21789,N904,N619,N31801,N54225,N23105,N44007,N306,N10843,N3086,N30160,N56889,N21789,N10559,N16864,N40640,N33096,N33096,N31248,N35710,N63688,N5917,N13081,N62302,N20342,N34476,N27766,N64631,N6616,N28444,N50710,N40448,N49023,N52555,N54536,N13876,N35403,N13539,N53017}","{"'N11817"': "0","'N23805"': "0","'N51570"': "0","'N8029"': "0","'N37204"': "0","'N42803"': "0","'N47570"': "0","'N23446"': "0","'N25165"': "0","'N16439"': "0","'N50872"': "0","'N9135"': "0","'N47098"': "0","'N41387"': "0","'N29212"': "0","'N36226"': "0","'N4404"': "0","'N38779"': "0","'N6578"': "0","'N38306"': "0","'N37673"': "0","'N14809"': "0","'N64095"': "1","'N6477"': "0","'N35815"': "0","'N44698"': "0","'N1539"': "0","'N35393"': "0","'N28203"': "0","'N10960"': "0","'N60272"': "0","'N45523"': "0","'N496"': "0","'N38215"': "0","'N23877"': "0","'N32567"': "1","'N46283"': "1","'N58264"': "0"}"
4739,U43493,2019-11-11 12:27:45,"{N31759,N15771,N22745,N10059,N16695,N7563,N36346,N7875,N63906,N36759,N33998,N44306,N31795,N32203,N17165,N1895,N12194,N4593,N60038,N40716,N42726,N58090,N39627,N12349,N62058,N53948,N22836,N15528,N18870,N54966,N60702,N12254,N18766}","{"'N28132"': "0","'N8957"': "0","'N47401"': "0","'N4936"': "0","'N20729"': "0","'N29128"': "0","'N9139"': "0","'N52622"': "0","'N10688"': "0","'N59436"': "0","'N20018"': "0","'N21707"': "1","'N41172"': "0","'N6099"': "0","'N47067"': "0","'N45554"': "0","'N62212"': "0","'N47981"': "0","'N33964"': "0","'N40725"': "0","'N48890"': "0","'N65118"': "0","'N64482"': "0","'N23174"': "0","'N26286"': "0","'N58003"': "0","'N65036"': "0","'N30172"': "0","'N23081"': "0","'N43502"': "0","'N1914"': "0","'N14713"': "0","'N40431"': "0","'N55204"': "0","'N21428"': "0","'N54988"': "0","'N25587"': "0","'N13259"': "0","'N55689"': "0","'N30108"': "0","'N58572"': "0","'N17586"': "0","'N11363"': "0","'N21119"': "0","'N53237"': "0","'N24550"': "0","'N42144"': "0","'N59981"': "0","'N7128"': "0","'N13730"': "0","'N3541"': "0","'N22457"': "0","'N1062"': "0","'N46029"': "0","'N63538"': "0","'N14652"': "0","'N61359"': "0","'N23414"': "0","'N45660"': "0","'N25428"': "0","'N24176"': "0","'N42961"': "0","'N61623"': "0","'N60872"': "0","'N45616"': "0","'N12280"': "0","'N7313"': "0","'N555"': "0","'N56598"': "0","'N154"': "0","'N12800"': "0","'N3697"': "0","'N63550"': "0","'N33848"': "0","'N57713"': "0","'N45270"': "0","'N64397"': "0","'N37199"': "0","'N13486"': "0"}"
4752,U10166,2019-11-13 05:33:52,"{N13008,N32643,N21623,N48504,N4490,N62703,N4069,N25905,N8569,N28058,N37857,N26606,N54225,N46357,N6750,N4526,N15620,N60826,N40944,N48918,N32049,N60714,N24865,N23094,N62714,N6419,N57987,N53237,N21970,N40509}","{"'N51553"': "0","'N7121"': "0","'N14726"': "0","'N51853"': "0","'N41172"': "0","'N20076"': "0","'N22320"': "0","'N38159"': "0","'N7540"': "0","'N36184"': "0","'N35233"': "0","'N59673"': "0","'N15279"': "0","'N62128"': "0","'N36659"': "0","'N35047"': "0","'N50004"': "0","'N28213"': "0","'N24157"': "0","'N24423"': "0","'N65230"': "0","'N26376"': "0","'N19592"': "0","'N14592"': "0","'N42977"': "1","'N48063"': "0","'N19318"': "0","'N43386"': "0","'N2104"': "0","'N59272"': "0","'N47061"': "0","'N60992"': "0","'N13907"': "0","'N42143"': "0","'N13579"': "0","'N35170"': "0","'N64734"': "0","'N34876"': "0","'N14535"': "0","'N19444"': "0","'N57426"': "0","'N45266"': "0"}"
4788,U65856,2019-11-09 11:42:40,"{N24215,N49770,N57303,N41840,N39118,N35519,N14566,N50328,N61315,N60699,N16715,N18774,N31801,N22126,N12110,N26598,N57485,N1761,N40207,N50019,N24471,N14741,N20953}","{"'N26130"': "0","'N59852"': "0","'N7128"': "0","'N51763"': "0","'N24176"': "0","'N37009"': "0","'N12168"': "0","'N39115"': "0","'N732"': "0","'N21342"': "0","'N63685"': "0","'N41178"': "0","'N7850"': "0","'N14522"': "0","'N32846"': "0","'N2516"': "0","'N60374"': "0","'N58051"': "0","'N53017"': "0","'N13423"': "1","'N51398"': "0","'N24272"': "0","'N27845"': "0","'N43370"': "0","'N45550"': "0","'N30295"': "0","'N53373"': "0","'N37088"': "0","'N3930"': "0","'N41881"': "0","'N15855"': "0","'N5442"': "0","'N52000"': "0","'N58075"': "0","'N18870"': "0","'N16209"': "0","'N55582"': "0","'N43595"': "0"}"
4811,U6827,2019-11-13 11:43:42,"{N29249,N56247,N52589,N34522,N4920,N33969,N7004,N39235,N26734,N33276,N64014,N50328,N59704,N45491,N42726,N23949,N22161,N8469,N57318,N24591,N31801,N28074,N54225,N11851,N306,N62940,N14452,N14218,N42620,N8549,N18360,N4607,N22976,N12254,N5886,N47686,N2350,N56011,N2137,N49067,N36424,N61880,N36615}","{"'N41511"': "0","'N33831"': "0","'N3517"': "0","'N51006"': "0","'N57426"': "0","'N25295"': "0","'N23942"': "0","'N21297"': "0","'N36660"': "0","'N15719"': "0","'N33501"': "0","'N3123"': "0","'N37753"': "0","'N39010"': "0","'N6865"': "0","'N38215"': "0","'N7431"': "0","'N7618"': "0","'N766"': "0","'N14523"': "0","'N14029"': "0","'N51048"': "0","'N8643"': "0","'N26025"': "0","'N48340"': "0","'N10812"': "1","'N45742"': "0","'N22417"': "0","'N11769"': "0","'N45442"': "0","'N13907"': "0","'N13112"': "0","'N4913"': "0","'N49483"': "0","'N8509"': "0","'N56227"': "0","'N21420"': "0","'N41172"': "0","'N4642"': "0","'N64968"': "0","'N47061"': "0","'N34876"': "1","'N19592"': "0","'N50415"': "0","'N10913"': "0","'N53470"': "0","'N55132"': "0","'N59673"': "0","'N8687"': "0","'N63656"': "0"}"
4847,U2939,2019-11-11 17:01:22,"{N39258,N61490,N650,N27927,N57886,N39842,N38043,N38043,N46125,N45994,N28852,N41197,N56638,N1066,N56647,N2231,N38182,N13117,N24998,N47508,N47479,N32573,N32573,N27526,N27526,N47508,N63489,N43427,N15670,N64248,N2155,N34937,N52433}","{"'N8191"': "1","'N46029"': "0","'N54489"': "0","'N46526"': "0"}"
4864,U67545,2019-11-10 09:02:07,"{N37083,N44251,N22736,N22545,N51076,N34047,N52049,N60781,N62746,N6156,N49731,N2805,N12098,N54974,N28926,N17539,N19913,N8952,N48284,N19434,N34140,N21889,N57383,N47953,N35710,N17640,N60611,N6419,N34236,N44110,N48411,N1524,N4717,N3162,N21460,N35554,N3933,N36271,N18870,N11249,N46846,N60519,N64829}","{"'N49279"': "1","'N21882"': "0","'N15160"': "0","'N64513"': "0","'N56051"': "0","'N61022"': "0"}"
4919,U84402,2019-11-13 09:25:04,"{}","{"'N47061"': "1","'N287"': "0","'N59673"': "0","'N51048"': "0"}"
4934,U39588,2019-11-11 06:46:40,"{N30955,N56037,N13180,N6511,N51112,N19620,N35907,N20145,N36808,N14607,N13679,N16233,N60350,N13241,N36526,N55422,N58641,N6576,N3818,N63332,N25113,N4786,N53074,N55326,N25113,N1998,N57886,N4719,N21104,N50481,N60587,N8226,N31906,N59156,N37156,N47954,N8305,N33276,N57551,N29523,N49699,N11276,N17966,N48216,N38282,N61388,N26900,N3395,N6484,N57463,N4294,N61561,N49319,N23025,N39986,N11611,N23864,N11611,N47302,N56889,N42528,N61535,N3388,N21460,N52551,N23239,N59335,N60212,N28879,N6727}","{"'N63550"': "0","'N61214"': "0","'N50469"': "0","'N15830"': "0","'N47035"': "0","'N6693"': "0","'N4912"': "0","'N2886"': "0","'N54300"': "0","'N1914"': "0","'N62570"': "0","'N57090"': "0","'N35738"': "1","'N27581"': "0","'N9475"': "0","'N53318"': "0","'N56598"': "0","'N48759"': "0","'N18870"': "0","'N33848"': "0","'N35729"': "0","'N35937"': "0","'N56193"': "0","'N55689"': "0","'N63538"': "0"}"
5031,U87270,2019-11-14 10:43:09,"{N29177,N21383,N38118,N63650,N10059,N55189,N18127,N14629,N51112,N46978,N871,N31191,N44559,N53234,N47347,N16233,N32483,N12907,N770,N28296,N18381,N20710,N10865,N6023,N29041,N44361,N33969,N57886,N9653,N33276,N12950,N18094,N49229,N8893,N46868,N6156,N17498,N37942,N60587,N41899,N38298,N13137,N42526,N10935,N49731,N60340,N29523,N9226,N228,N47966,N12367,N46392,N8834,N51692,N26264,N48497,N46909,N59704,N11276,N50126,N18075,N44230,N46513,N12194,N58860,N4593,N40406,N37920,N56390,N26509,N22455,N7499,N16617,N39963,N16715,N28058,N51184,N45999,N62875,N45954,N26176,N31801,N306,N13895,N32284,N62940,N61708,N54655,N10091,N24614,N38182,N13710,N26026,N45933,N59328,N29867,N15765,N54469,N15402,N17349,N52551,N27766,N62058,N6616,N43955,N60702,N41244,N33548,N38285,N3240,N37814,N59574,N18870,N5629,N8148,N46811,N18106,N13812,N35671,N2735,N1702,N36615,N29857,N17350,N21970,N58649,N37377,N41449,N37889,N33981}","{"'N14436"': "0","'N53515"': "0","'N22257"': "1","'N38442"': "0","'N47098"': "0","'N44116"': "0","'N37204"': "0","'N56287"': "0","'N6477"': "0","'N35393"': "0","'N34185"': "0","'N62318"': "0","'N4021"': "0","'N64305"': "0","'N44698"': "0","'N28203"': "0","'N31679"': "0","'N52069"': "0","'N50872"': "0","'N41950"': "0","'N38311"': "0","'N25165"': "0","'N3415"': "0","'N41387"': "0","'N13981"': "0","'N34092"': "0","'N36003"': "0","'N496"': "0","'N9135"': "0","'N35815"': "1","'N36226"': "0","'N8260"': "0","'N38779"': "0","'N45523"': "0","'N59267"': "0","'N42868"': "0","'N10960"': "0","'N17231"': "0","'N63060"': "0","'N58152"': "0","'N24109"': "0","'N6837"': "0","'N16148"': "0","'N28072"': "0","'N58945"': "0","'N20676"': "0","'N42803"': "0","'N23446"': "0"}"
5034,U30480,2019-11-13 14:18:12,"{N48021,N54359,N46346,N22570,N20290,N45020,N27448,N27448,N38118,N16233,N770,N20997,N20710,N23119,N39634,N58379,N593,N54367,N53137,N32203,N61319,N33969,N56109,N18094,N17784,N39638,N14000,N27501,N8226,N59156,N36490,N3258,N49436,N56630,N6464,N33438,N45794,N9302,N38967,N37811,N18275,N4069,N43175,N4250,N16292,N43462,N37811,N4593,N56121,N32312,N2533,N58580,N64554,N6655,N31801,N47791,N43376,N31801,N31801,N63180,N34140,N50049,N41375,N58232,N35710,N42762,N42620,N48356,N51089,N5270,N4486,N22270,N7019,N5283,N58367,N28736,N23106,N49400,N24847,N17589,N56668,N13329,N48411,N20522,N27526,N15533,N19495,N52551,N29561,N26304,N4607,N26304,N52363,N40783,N16344,N381,N20575,N22881,N59451,N19773,N5379,N54300}","{"'N56214"': "0","'N51048"': "0","'N31027"': "0","'N4510"': "0","'N35273"': "0","'N13907"': "0","'N14029"': "0","'N8509"': "0","'N38215"': "0","'N21701"': "0","'N17117"': "0","'N57426"': "0","'N36261"': "0","'N21128"': "0","'N4642"': "0","'N24372"': "0","'N21420"': "0","'N36221"': "0","'N22417"': "0","'N7618"': "0","'N47061"': "0","'N62049"': "1","'N50415"': "0"}"
5053,U38219,2019-11-12 12:43:02,"{N10732,N6956,N55846,N29177,N1150,N51076,N19620,N3046,N54959,N36699,N44510,N44399,N46844,N33969,N42603,N20769,N20483,N21019,N49903,N48739,N37929,N9207,N50628,N27154,N56486,N51163,N14143,N51692,N40555,N4593,N39374,N10897,N40406,N5978,N49758,N39223,N58264,N42,N46049,N42998,N49168,N14947,N46049,N42435,N54435,N54827,N13057,N41298,N40944,N10487,N46229,N26026,N36530,N11855,N38924,N33740,N55556,N45535,N55556,N51464,N19386,N30771,N30016,N49475,N12254,N52893,N54536,N2003,N63034,N41244,N15023,N13136,N42986,N19005,N36754,N50,N37509,N52782,N62772,N20575,N28257,N36615,N40785}","{"'N6975"': "0","'N62360"': "0","'N16096"': "0","'N40839"': "0","'N29945"': "0","'N33212"': "0","'N32182"': "0","'N41020"': "0","'N57754"': "0","'N49180"': "0","'N34998"': "1","'N42634"': "0","'N31029"': "0","'N58363"': "0","'N63970"': "0","'N3344"': "0"}"
5064,U80878,2019-11-14 12:04:51,"{N23571,N22570,N60615,N20290,N1150,N56586,N44251,N36739,N55846,N42989,N27954,N55189,N21383,N30665,N16695,N10575,N3567,N46978,N33458,N36526,N60350,N19861,N63405,N44495,N33969,N14302,N48038,N33276,N45794,N32312,N24999,N52403,N31801,N63889,N63779,N11512,N55556,N5283,N19495,N23715,N32004,N1985,N53713,N52555,N55911,N51983,N8148,N20575,N37091,N11020,N43195,N58006}","{"'N50872"': "0","'N62318"': "0","'N44698"': "1","'N36226"': "0","'N16148"': "0","'N45523"': "0","'N23446"': "0","'N6837"': "0","'N1539"': "0","'N41387"': "1","'N6477"': "0","'N38442"': "0","'N29212"': "0","'N40109"': "0","'N18529"': "0","'N25165"': "0","'N10960"': "0","'N34185"': "1","'N53515"': "0","'N50058"': "0"}"
5108,U43567,2019-11-14 08:55:24,"{N16874,N40231,N50027,N744,N51724,N51238,N23653,N9003,N60605,N26176,N62471,N11512,N24409,N21984,N51089,N46267,N62058,N48715,N3566}","{"'N366"': "0","'N38404"': "0","'N9135"': "0","'N11817"': "0","'N48017"': "0","'N37384"': "0","'N14436"': "0","'N34869"': "0","'N1539"': "0","'N16118"': "0","'N41387"': "0","'N44698"': "0","'N496"': "0","'N35393"': "0","'N29801"': "0","'N45509"': "0","'N36226"': "0","'N2787"': "1","'N10960"': "0","'N51570"': "0","'N23877"': "0","'N36251"': "0","'N45523"': "0","'N57081"': "0","'N42803"': "0","'N42698"': "0","'N32641"': "0"}"
5133,U37033,2019-11-14 15:23:35,"{N41420,N39481,N50155,N1150,N8129,N35009,N29177,N61131,N62706,N23525,N29529,N10059,N39041,N20530,N871,N24920,N6233,N48582,N65169,N14629,N22851,N34627,N33037,N25080,N7875,N41954,N42289,N22469,N20710,N16290,N6023,N6264,N43635,N59321,N17784,N59026,N31927,N37929,N30867,N37123,N64387,N13137,N51630,N40704,N45794,N1258,N9120,N44154,N20109,N16617,N9803,N19105,N45042,N22161,N9012,N61196,N24492,N24298,N5012,N30698,N54453,N31801,N52257,N54225,N16701,N43213,N14385,N47180,N39542,N30681,N3280,N37225,N53267,N47550,N60714,N28766,N48356,N31639,N48424,N18532,N6785,N16199,N25739,N21317,N14417,N25608,N50710,N2003,N9317,N20575,N37018,N37509,N55055,N13797,N37091,N20953,N18574,N31213,N24680,N37174,N40509,N50595,N57972,N50921,N15676,N9296,N53617}","{"'N62750"': "0","'N5146"': "0","'N59142"': "0","'N17031"': "0","'N31679"': "0","'N52867"': "0","'N19661"': "0","'N14478"': "0","'N20394"': "0","'N47652"': "0","'N42515"': "0","'N48487"': "0","'N6471"': "0","'N57081"': "0","'N27737"': "0","'N27318"': "0","'N36725"': "0","'N41934"': "0","'N59267"': "0","'N36612"': "0","'N61233"': "0","'N28072"': "0","'N38779"': "0","'N17115"': "0","'N33828"': "0","'N23089"': "0","'N4021"': "0","'N34436"': "0","'N34185"': "0","'N28918"': "0","'N59501"': "0","'N47572"': "0","'N52113"': "0","'N56211"': "1","'N57818"': "0"}"
5137,U30022,2019-11-10 03:29:02,"{N22279,N62931,N21241,N42975,N30344,N47886,N21555,N29438,N65039,N16215,N56360,N7208,N29177,N25050,N56253,N62931,N3500,N3682,N21623,N57134,N9282,N196,N20997,N34731,N27431,N9282,N38747,N42458,N6156,N15253,N49103,N20147,N22344,N49647,N9721,N53531,N46392,N12194,N21265,N63049,N40406,N5978,N4593,N42726,N38802,N28139,N28139,N26265,N34105,N37708,N64554,N44310,N51079,N59359,N64554,N8448,N45954,N56399,N34896,N26176,N39511,N32742,N27919,N306,N60360,N62940,N14647,N54695,N63725,N138,N64467,N35926,N60491,N43142,N17070,N24326,N30448,N58391,N28088,N61563,N62009,N36892,N49400,N20513,N3264,N42137,N20522,N30806,N13532,N27526,N14761,N61210,N52551,N38105,N19414,N62714,N16190,N26009,N42128,N20619,N60604,N19660,N35813,N8258,N23196,N22817,N6785,N22976,N49475,N4607,N12761,N11267,N60300,N53733,N6225,N12283,N51161,N36453,N37377}","{"'N57097"': "0","'N61022"': "0","'N64916"': "0","'N288"': "0","'N42346"': "0","'N1034"': "0","'N61768"': "1"}"
5150,U40859,2019-11-11 04:18:32,"{N61864,N47020,N26436,N47020,N47020,N47020,N47020,N47020,N47020}","{"'N62729"': "0","'N47020"': "1"}"
5195,U4241,2019-11-14 18:25:07,"{}","{"'N41934"': "0","'N30290"': "0","'N61233"': "0","'N9621"': "0","'N16118"': "0","'N42515"': "0","'N3380"': "0","'N6837"': "0","'N14478"': "0","'N52867"': "0","'N29363"': "1","'N54752"': "0","'N22755"': "0","'N11784"': "0","'N56211"': "0","'N4485"': "1","'N48707"': "0","'N41979"': "0","'N57081"': "0","'N7494"': "0","'N37204"': "0","'N1031"': "0","'N55322"': "0","'N22975"': "0","'N36931"': "0","'N29735"': "0","'N27737"': "0","'N63913"': "0","'N61811"': "0","'N21077"': "0","'N48487"': "0","'N45523"': "0","'N12446"': "0"}"
5210,U57439,2019-11-12 12:26:19,"{N33713,N53526,N35518,N1150,N15771,N21383,N24920,N55805,N57258,N33683,N21117,N17089,N871,N45306,N40837,N6233,N18663,N59754,N14374,N3863,N42208,N36759,N56447,N38876,N27864,N23203,N57660,N43983,N6264,N34283,N52067,N26005,N56109,N39206,N26005,N56403,N46865,N21298,N38465,N11101,N19957,N51238,N39670,N48356,N64482,N30771,N32039,N51089,N46795,N32004,N8258,N58515,N51992,N50710,N42781,N44278,N17109,N48742,N47889,N3566,N37509,N49553,N10350,N13797,N32555,N32830,N13303,N24365,N10353}","{"'N11856"': "0","'N41578"': "0","'N3344"': "0","'N13981"': "0","'N60105"': "0","'N34977"': "0","'N58155"': "0","'N61463"': "0","'N37020"': "0","'N926"': "0","'N46779"': "0","'N32691"': "0","'N54666"': "0","'N6903"': "0","'N55631"': "0","'N61885"': "0","'N5364"': "0","'N6975"': "0","'N31947"': "0","'N15881"': "0","'N31035"': "0","'N32789"': "0","'N4241"': "0","'N41354"': "0","'N10532"': "0","'N28585"': "0","'N63390"': "0","'N62533"': "0","'N30088"': "0","'N62360"': "0","'N57005"': "0","'N20043"': "0","'N16096"': "0","'N6066"': "0","'N42634"': "0","'N57327"': "0","'N26673"': "0","'N20486"': "0","'N1644"': "0","'N61397"': "0","'N1767"': "0","'N3748"': "0","'N36850"': "0","'N46751"': "0","'N15654"': "0","'N41020"': "0","'N55281"': "0","'N5370"': "0","'N57713"': "0","'N12424"': "0","'N50005"': "0","'N7466"': "0","'N6113"': "0","'N1940"': "0","'N3663"': "0","'N51896"': "0","'N13263"': "1","'N55950"': "0","'N20041"': "0","'N18377"': "0","'N21741"': "0","'N34724"': "0","'N32118"': "0","'N24176"': "0","'N45173"': "0","'N9215"': "0","'N33883"': "0","'N58363"': "0","'N17571"': "0","'N41220"': "0","'N3179"': "0","'N54125"': "0","'N18685"': "0","'N34998"': "0","'N11817"': "0","'N1468"': "0","'N59805"': "0","'N7947"': "0","'N19318"': "0","'N57754"': "0","'N21342"': "0","'N6929"': "0","'N5516"': "0","'N6953"': "0","'N57535"': "0","'N63154"': "0","'N38690"': "0","'N9734"': "0","'N45389"': "0","'N17896"': "0","'N17168"': "0","'N17195"': "0","'N25406"': "0","'N62386"': "0","'N29128"': "0","'N57319"': "0","'N14184"': "0","'N5048"': "0","'N357"': "0","'N62688"': "0","'N31978"': "0","'N24750"': "0","'N40438"': "0","'N31370"': "0","'N30475"': "0","'N3045"': "0","'N57258"': "0","'N27932"': "0","'N39537"': "1","'N41726"': "0","'N47631"': "0","'N36786"': "0","'N11793"': "0","'N63328"': "0","'N36436"': "0","'N61822"': "0","'N43266"': "0","'N55309"': "0","'N33755"': "0","'N64851"': "0","'N53084"': "0","'N40565"': "0","'N31630"': "0","'N17069"': "0","'N44516"': "0","'N28414"': "0","'N38309"': "0","'N20930"': "0","'N52122"': "0","'N59469"': "0","'N34956"': "0","'N23593"': "0","'N33425"': "0","'N32182"': "0","'N30870"': "0","'N36049"': "0","'N26376"': "0","'N58499"': "0","'N61878"': "0","'N7470"': "0","'N46495"': "0","'N36532"': "0","'N35273"': "0","'N5688"': "0","'N16331"': "0","'N25722"': "0","'N19241"': "0","'N50508"': "0","'N28413"': "0","'N23347"': "0","'N32890"': "0","'N23942"': "0","'N33212"': "0","'N56243"': "0","'N20755"': "0","'N27289"': "1","'N58965"': "0","'N61760"': "0","'N23060"': "0","'N1705"': "0","'N35131"': "0","'N11768"': "0","'N60577"': "0","'N2869"': "0","'N45551"': "0","'N64152"': "0","'N16166"': "0","'N57426"': "0","'N15315"': "0","'N26425"': "0","'N27245"': "0","'N7685"': "0","'N28324"': "0","'N32544"': "0","'N57814"': "0","'N3123"': "0","'N33677"': "0","'N36050"': "0","'N47412"': "0","'N33872"': "0","'N23563"': "0","'N29340"': "0","'N17389"': "0","'N59887"': "0","'N49908"': "0","'N61274"': "0","'N8349"': "0","'N43102"': "0","'N44422"': "0","'N17524"': "0","'N3841"': "0","'N20134"': "0","'N962"': "0","'N23935"': "0","'N37019"': "0","'N31029"': "0","'N62633"': "0","'N22407"': "0","'N23547"': "0","'N6379"': "0","'N15855"': "0","'N2823"': "0","'N38263"': "0","'N834"': "0","'N49180"': "0","'N61408"': "0","'N9719"': "0","'N4635"': "0","'N22457"': "0","'N18708"': "0","'N56493"': "0","'N22825"': "0","'N19092"': "0","'N34657"': "0","'N48046"': "1","'N9139"': "0","'N16291"': "0","'N10413"': "0","'N51711"': "0","'N41627"': "0","'N36351"': "0","'N22339"': "0","'N59461"': "0","'N50675"': "0","'N21"': "0","'N60904"': "0","'N6099"': "0","'N7821"': "0","'N13974"': "0","'N30135"': "0","'N21611"': "0","'N6056"': "0","'N30089"': "0","'N4936"': "0","'N57402"': "0","'N8687"': "0","'N19075"': "0","'N51285"': "0","'N61497"': "0"}"
5241,U68206,2019-11-12 10:30:59,"{N29177,N38629,N63248,N7333,N31686,N65208,N55846,N33314,N19829,N53526,N48690,N19594,N31551,N32089,N25113,N17498,N714,N46868,N43561,N17102,N3516,N14439,N22129,N37811,N37915,N29207,N9533,N5978,N55051,N64819,N7499,N27457,N26509,N45994,N53196,N52536,N29867,N43142,N11855,N24625,N42620,N62111,N25885,N55714,N18132,N64836,N58262,N42416,N50,N10359}","{"'N7319"': "0","'N23081"': "0","'N62386"': "0","'N3344"': "0","'N32182"': "0","'N62360"': "0","'N47981"': "0","'N63970"': "0","'N24111"': "0","'N40839"': "0","'N45551"': "0","'N41020"': "0","'N64734"': "0","'N26262"': "0","'N20755"': "0","'N49180"': "0","'N60105"': "0","'N60272"': "0","'N17069"': "0","'N13974"': "0","'N3123"': "1","'N33677"': "0","'N57426"': "0","'N42634"': "0","'N6056"': "0","'N29715"': "0","'N16096"': "0","'N32544"': "0"}"
5247,U49742,2019-11-11 03:31:39,"{N50155,N38118,N55189,N27448,N48589,N30709,N55326,N41526,N35899,N21695,N21815,N9070,N21396,N22561,N49528,N12272,N13139,N41017,N28992,N42127,N52908,N14801,N32933,N2061,N45411,N42394,N54627,N49495,N49528,N51089,N1851,N48543,N54347,N52551,N29026,N41795,N30680,N3778,N23784}","{"'N49685"': "1","'N27581"': "0","'N62729"': "0","'N28047"': "0","'N43073"': "0","'N31273"': "0","'N54161"': "0","'N18870"': "0","'N48759"': "0","'N14531"': "0","'N37870"': "0","'N35729"': "0","'N46972"': "0","'N56193"': "0","'N9271"': "0","'N25414"': "0","'N62570"': "0","'N64542"': "0","'N58166"': "0","'N47067"': "0"}"
5259,U42234,2019-11-11 08:25:38,"{N14734,N11885,N3500,N13008,N28818,N38974,N49745,N30616,N25336,N65142,N57582,N16636,N39638,N23329,N49926,N46151,N9842,N10896,N53494,N31931,N61005,N4866,N39235,N33976,N45794,N40716,N16112,N47796,N24492,N3471,N24425,N32662,N47175,N19183,N17769,N42426,N63469,N54796,N34616,N33426,N57528,N24243,N28171,N26753,N18587,N35877,N41233,N10136,N6419,N17050,N17303,N17099,N25010,N13429,N29747,N17449,N11804,N62302,N64983,N53895,N10608,N4607,N33013,N22578,N29757,N37663,N63062,N47541,N46845,N61880,N5379,N2678}","{"'N63086"': "0","'N6379"': "0","'N32144"': "0","'N61214"': "0","'N32087"': "0","'N35737"': "0","'N5171"': "0","'N60162"': "0","'N14372"': "0","'N15462"': "0","'N51346"': "0","'N49842"': "0","'N26577"': "0","'N55411"': "0","'N52039"': "0","'N31025"': "0","'N9271"': "0","'N18613"': "0","'N39983"': "0","'N28047"': "0","'N62729"': "0","'N990"': "0","'N36273"': "0","'N32791"': "0","'N61742"': "0","'N40300"': "0","'N34099"': "0","'N33848"': "0","'N30108"': "0","'N33796"': "0","'N23394"': "0","'N32753"': "0","'N63646"': "0","'N36336"': "0","'N13793"': "0","'N55936"': "0","'N3476"': "0","'N54161"': "0","'N39731"': "0","'N20413"': "0","'N35776"': "0","'N35029"': "0","'N53111"': "0","'N20843"': "0","'N27879"': "0","'N63538"': "0","'N50195"': "0","'N20231"': "0","'N3339"': "0","'N56061"': "0","'N60858"': "0","'N29696"': "0","'N46878"': "0","'N36232"': "0","'N59981"': "0","'N42572"': "0","'N20660"': "0","'N39380"': "0","'N35729"': "0","'N21882"': "0","'N5783"': "0","'N37814"': "0","'N26376"': "0","'N57260"': "0","'N45616"': "0","'N49050"': "0","'N58941"': "0","'N24759"': "0","'N61022"': "1","'N53237"': "0","'N3392"': "0","'N37279"': "0","'N37022"': "0","'N21428"': "0","'N36584"': "1","'N154"': "0","'N28668"': "0","'N59252"': "0","'N10840"': "0","'N35051"': "0","'N41893"': "0","'N2749"': "0","'N33632"': "0","'N8855"': "0","'N48504"': "0","'N3734"': "1","'N60826"': "0","'N23988"': "0","'N20742"': "0","'N57368"': "0","'N27581"': "0","'N707"': "0","'N35937"': "0","'N61688"': "0","'N54397"': "0","'N43492"': "0","'N40318"': "0","'N12767"': "0","'N9158"': "0","'N45896"': "0","'N51156"': "0","'N50059"': "0","'N64542"': "0","'N52600"': "0","'N31037"': "0","'N50469"': "0","'N23085"': "0","'N6099"': "0","'N9652"': "0","'N57385"': "0","'N47556"': "0","'N4912"': "0","'N42614"': "0","'N56193"': "0","'N54988"': "0","'N46845"': "0","'N23452"': "0","'N16833"': "0","'N4936"': "0","'N29488"': "0","'N16809"': "0","'N61252"': "0","'N12028"': "0","'N62107"': "0","'N62093"': "0","'N62599"': "0","'N17965"': "0","'N31273"': "0","'N19249"': "0","'N38998"': "0","'N16710"': "0","'N14713"': "0","'N13341"': "0","'N37545"': "0","'N49853"': "0","'N25414"': "0","'N15830"': "0","'N43432"': "0","'N47889"': "0","'N33533"': "0","'N2243"': "0","'N37925"': "0","'N21707"': "0","'N26043"': "0","'N1657"': "0","'N20602"': "0","'N5497"': "0","'N15134"': "0","'N18870"': "0","'N36675"': "0","'N54595"': "0","'N18405"': "0","'N17104"': "0","'N33985"': "0","'N58143"': "1","'N26902"': "0","'N20240"': "0","'N45798"': "0","'N31688"': "0","'N48759"': "0","'N24599"': "0","'N30847"': "0","'N20854"': "0","'N26091"': "0","'N5975"': "0","'N61229"': "0","'N55689"': "0","'N52622"': "0","'N241"': "0","'N12379"': "0","'N30374"': "0","'N36621"': "0","'N42961"': "0","'N1100"': "0","'N28578"': "0","'N57783"': "0","'N63478"': "0","'N26539"': "1","'N13801"': "0","'N21019"': "0","'N6693"': "0","'N36712"': "0","'N36424"': "0","'N39471"': "0","'N41224"': "0","'N49354"': "0","'N57987"': "0","'N26607"': "0","'N60606"': "0","'N43629"': "0","'N26286"': "0","'N63550"': "0","'N63601"': "0","'N53318"': "0","'N15931"': "0","'N24301"': "0","'N10799"': "0","'N29001"': "0","'N21758"': "0","'N45260"': "0","'N36741"': "0","'N61549"': "0","'N28862"': "0","'N32387"': "0","'N45076"': "0"}"
5268,U49626,2019-11-12 08:18:22,"{N1145,N16215,N60470,N1150,N56253,N55846,N6956,N21383,N32089,N36536,N62002,N59496,N17432,N7333,N22141,N8024,N3471,N60474,N43446,N48276,N13138,N47277,N48715,N8549,N6074,N39949,N4247}","{"'N43519"': "0","'N6056"': "0","'N62360"': "1","'N32544"': "0","'N14184"': "0","'N60105"': "0","'N23547"': "0","'N7715"': "0","'N57319"': "0","'N21741"': "0","'N32182"': "0","'N64152"': "0","'N56243"': "0","'N55606"': "0","'N31947"': "0","'N61408"': "0","'N48473"': "0","'N49487"': "0","'N31978"': "0","'N55281"': "0","'N48019"': "0","'N52122"': "0","'N34998"': "0","'N33619"': "0","'N54666"': "0","'N32589"': "0","'N48046"': "0","'N21656"': "0","'N49180"': "0","'N7319"': "0","'N42634"': "0","'N9734"': "1","'N50675"': "0","'N63970"': "0","'N36789"': "0","'N58363"': "0","'N5516"': "0","'N41020"': "0","'N24423"': "0","'N3123"': "0","'N38490"': "0"}"
5281,U41813,2019-11-13 12:54:50,"{N1430,N54625,N16715,N55020,N23949,N28058,N61196,N48105,N10679,N13374,N46512,N39101,N19439,N2204,N28030,N20855,N4777,N56575,N23362,N41375,N63053,N41375,N13787,N32310,N20157,N15603,N42677,N25019,N40376,N2262,N37394,N4824,N63034,N42781,N32194,N44440,N54980,N52555,N42986,N59569,N38622,N31025,N35687,N64273,N17468,N56877,N3609,N42154,N37250,N29385,N18884,N39979,N20824,N33666,N34520}","{"'N10913"': "0","'N24376"': "0","'N55281"': "0","'N17117"': "0","'N41258"': "0","'N41122"': "0","'N46186"': "0","'N22880"': "0","'N28496"': "0","'N4510"': "0","'N51048"': "0","'N41380"': "0","'N10812"': "0","'N29254"': "1","'N22417"': "0","'N61027"': "0","'N16328"': "0","'N37609"': "0","'N19444"': "0","'N46477"': "0","'N39187"': "0","'N38215"': "0","'N59088"': "0","'N3344"': "0","'N35047"': "0","'N63106"': "0","'N24581"': "0","'N40705"': "0","'N31448"': "0","'N6787"': "0","'N23134"': "0","'N25315"': "0","'N34048"': "0","'N62920"': "0","'N38695"': "0","'N38550"': "0","'N16291"': "0","'N11769"': "0","'N55132"': "0","'N53861"': "0","'N30089"': "0","'N13907"': "0","'N20576"': "0","'N27198"': "0","'N60619"': "0","'N9623"': "0","'N41172"': "0","'N26081"': "0","'N50381"': "0","'N36638"': "0","'N15719"': "0","'N45742"': "0","'N26262"': "0","'N23028"': "0","'N1644"': "0","'N33332"': "0","'N18403"': "0","'N32519"': "1","'N57426"': "0","'N14029"': "0","'N35847"': "0","'N50415"': "0","'N35170"': "0","'N50601"': "0","'N36660"': "0","'N17031"': "0","'N7121"': "0","'N47149"': "0","'N37753"': "0","'N21420"': "0","'N47061"': "0","'N32211"': "0","'N63796"': "0","'N48937"': "0","'N62049"': "0","'N17759"': "0","'N8559"': "0","'N25040"': "0","'N22457"': "0","'N47717"': "0","'N27540"': "0","'N21712"': "0","'N51006"': "0","'N23162"': "0","'N5048"': "0","'N54291"': "0","'N15195"': "0","'N20746"': "0","'N4642"': "0","'N8084"': "0","'N5146"': "0","'N4754"': "0","'N61032"': "0","'N49704"': "0","'N24157"': "0","'N3589"': "0","'N35958"': "0","'N7618"': "0","'N27789"': "0","'N36261"': "0","'N9354"': "0","'N49483"': "0","'N42634"': "0","'N28523"': "0","'N8509"': "0","'N59385"': "0","'N21128"': "0","'N28403"': "0","'N54794"': "0","'N18887"': "0","'N19592"': "0","'N43386"': "0","'N43102"': "0","'N31948"': "0","'N31050"': "0","'N64632"': "0"}"
5405,U1028,2019-11-13 11:12:31,"{N59873,N49944,N12384,N63842,N63842,N56586,N11291,N6233,N33969,N34694,N57886,N2399,N28691,N593,N19823,N25532,N26265,N28992,N61388,N9441,N39520,N46229,N23864,N42620,N51464,N33476,N2018,N12254,N19495,N52437,N32004,N23062,N23958,N27922,N62615,N24023,N5791,N58553,N15855}","{"'N39010"': "1","'N64094"': "0"}"
5419,U77134,2019-11-13 08:20:36,"{N31444,N39572,N10732,N22570,N8473,N33513,N56537,N55846,N53526,N10340,N13304,N43854,N9612,N16055,N24406,N8953,N52491,N54177,N64408,N19620,N4020,N51566,N10530,N1333,N10989,N55326,N4719,N44212,N36488,N31906,N33276,N32208,N7013,N52064,N37752,N60669,N54936,N12722,N64906,N46994,N15578,N63864,N60340,N57551,N55493,N16292,N33438,N3615,N27113,N6464,N32110,N12194,N7812,N2607,N5978,N53883,N1430,N58744,N7818,N40406,N26509,N41439,N16128,N5521,N62479,N28058,N13763,N3676,N55743,N62445,N37857,N63302,N24591,N10836,N26176,N47302,N306,N58232,N28088,N33172,N43095,N42620,N22997,N6778,N2142,N19665,N7328,N56011,N63685,N46966,N8555,N43847,N10969,N123,N29385,N50333,N55645}","{"'N3285"': "0","'N12377"': "0","'N14592"': "0","'N45590"': "0","'N5048"': "0","'N4428"': "0","'N18153"': "0","'N10812"': "0","'N62920"': "0","'N22457"': "0","'N41172"': "0","'N9623"': "0","'N48410"': "0","'N55132"': "0","'N35336"': "0","'N23081"': "0","'N45266"': "0","'N33"': "0","'N36659"': "0","'N41122"': "0","'N51853"': "0","'N46279"': "0","'N31448"': "0","'N13907"': "0","'N59088"': "1","'N3745"': "0","'N19592"': "0","'N64632"': "0","'N19444"': "0","'N40468"': "0","'N29801"': "0","'N36624"': "0","'N6857"': "0","'N61571"': "0","'N44786"': "0","'N35170"': "0","'N41380"': "0","'N42143"': "0","'N41113"': "0","'N47061"': "0","'N53886"': "0","'N59673"': "0","'N56227"': "0","'N58114"': "0","'N3517"': "0","'N47717"': "0","'N37753"': "0","'N22880"': "1","'N30085"': "0","'N29468"': "0","'N35233"': "0","'N52944"': "0","'N3344"': "0","'N24865"': "0","'N36186"': "0","'N64734"': "0","'N8559"': "0","'N24157"': "0","'N57426"': "0","'N287"': "0","'N58813"': "0","'N38550"': "0","'N7462"': "0","'N26262"': "0","'N27437"': "0","'N1644"': "0","'N64968"': "0","'N16502"': "0","'N10674"': "0","'N26227"': "0","'N51048"': "0","'N62894"': "0","'N52102"': "0","'N25881"': "0","'N19092"': "0","'N41258"': "0","'N36184"': "0","'N28496"': "0","'N48705"': "0","'N4754"': "0","'N22029"': "0","'N8084"': "0","'N4201"': "0","'N9349"': "0","'N31769"': "0","'N12839"': "0","'N47149"': "0","'N60992"': "0","'N61027"': "0","'N34876"': "0","'N39269"': "0","'N39187"': "0","'N38159"': "0","'N52409"': "0","'N59385"': "0","'N43386"': "0","'N43102"': "0","'N53848"': "0","'N29715"': "0","'N17586"': "0","'N62128"': "0","'N21216"': "0","'N18887"': "0","'N61023"': "0","'N37170"': "0"}"
5438,U80905,2019-11-11 09:25:55,"{N5227,N45020,N62931,N11071,N8419,N33780,N29464,N45653,N41089,N6233,N14340,N642,N51706,N996,N33998,N3345,N27644,N7044,N62746,N30665,N54612,N51124,N17102,N20680,N30974,N14185,N49436,N5727,N40821,N11101,N12096,N1595,N13137,N40355,N34649,N62703,N63229,N47993,N21217,N59426,N53883,N54827,N16617,N42470,N7080,N47566,N32836,N34140,N24591,N38701,N20057,N48171,N11005,N54225,N62546,N24243,N15789,N26695,N4764,N61249,N52398,N48061,N47672,N24448,N36787,N33096,N11405,N41375,N21075,N10520,N47180,N16571,N13138,N56199,N14723,N53872,N44060,N44110,N50020,N6419,N4233,N20522,N64482,N63539,N14761,N43902,N61664,N17099,N55408,N52515,N29544,N4607,N732,N32004,N60702,N21317,N40783,N53436,N1345,N43202,N54536,N24075,N2155,N37250,N4741,N48366}","{"'N57987"': "0","'N48280"': "0","'N20811"': "0","'N58553"': "0","'N24301"': "0","'N36712"': "0","'N57368"': "0","'N47851"': "0","'N35738"': "0","'N17140"': "0","'N40065"': "0","'N58710"': "0","'N11459"': "0","'N7809"': "0","'N57030"': "0","'N40171"': "0","'N43338"': "0","'N51156"': "0","'N46992"': "0","'N61214"': "0","'N51639"': "0","'N25953"': "0","'N33159"': "0","'N43492"': "0","'N60872"': "0","'N36351"': "0","'N2874"': "0","'N53237"': "0","'N45076"': "0","'N24686"': "0","'N10961"': "0","'N21428"': "0","'N51563"': "0","'N60580"': "0","'N15761"': "0","'N43748"': "0","'N5001"': "0","'N52622"': "0","'N13801"': "1","'N40431"': "0","'N3541"': "0","'N26331"': "0","'N64243"': "0","'N23254"': "0","'N65088"': "0","'N18423"': "0","'N24180"': "0","'N5370"': "0","'N7891"': "0","'N60826"': "0","'N47229"': "0","'N49908"': "0","'N28413"': "0","'N41578"': "0","'N20413"': "0","'N64734"': "0","'N45616"': "0","'N20729"': "0","'N56227"': "0","'N7535"': "0","'N18870"': "0","'N45375"': "0","'N62391"': "0","'N3128"': "0","'N31763"': "0","'N57385"': "0","'N16804"': "0","'N64542"': "0","'N47067"': "0","'N19735"': "0","'N14961"': "0","'N1920"': "0","'N53867"': "0","'N54988"': "0","'N11363"': "0","'N41726"': "0","'N50389"': "0","'N26940"': "0","'N47981"': "0","'N39978"': "0","'N6926"': "0","'N15855"': "0","'N10840"': "0","'N54274"': "0","'N51346"': "0","'N1914"': "0","'N15830"': "0","'N62212"': "0","'N21707"': "0","'N43789"': "0","'N35776"': "0","'N59981"': "0","'N5075"': "0","'N32791"': "0","'N48015"': "0","'N9271"': "0","'N62093"': "0","'N21611"': "0","'N26702"': "0","'N39461"': "0","'N12028"': "0","'N51185"': "0","'N40318"': "0","'N6379"': "0","'N11830"': "0","'N35737"': "0","'N55204"': "0","'N10754"': "0","'N60858"': "0","'N56598"': "0","'N43415"': "0","'N33848"': "0","'N41698"': "0","'N63538"': "0","'N55689"': "0","'N61623"': "0","'N29128"': "0","'N13486"': "0","'N32087"': "0","'N12800"': "0","'N63550"': "0","'N55178"': "1","'N37019"': "0","'N9139"': "0","'N8957"': "0","'N49240"': "0","'N54868"': "0","'N6099"': "0","'N154"': "0","'N3506"': "0","'N26376"': "0","'N14713"': "0","'N28578"': "0","'N59436"': "0","'N48890"': "0","'N15462"': "0","'N42961"': "0","'N35729"': "0","'N7128"': "0","'N53296"': "0","'N8061"': "0","'N21882"': "0","'N26043"': "0","'N13259"': "0","'N57527"': "0","'N22664"': "0"}"
5460,U53642,2019-11-10 08:39:35,"{N51293,N7776,N40811,N38963,N25003,N11577,N58936,N25563,N879,N64826,N30708,N25139,N1351,N54267,N21851,N51004,N57080,N3345,N58652,N39885,N1398,N43348,N64609,N15789,N4764,N53280,N13157,N27609,N51491,N33164,N14586,N44935,N60094,N21984,N42620,N9131,N64470,N4671,N57512,N63699,N37292,N34774,N3318,N45840,N32482,N64995,N22816}","{"'N1774"': "0","'N9548"': "0","'N47858"': "0","'N46666"': "0","'N57005"': "0","'N43819"': "0","'N53373"': "0","'N5905"': "0","'N11830"': "0","'N16915"': "0","'N38783"': "0","'N24310"': "0","'N63751"': "0","'N37394"': "0","'N30188"': "0","'N209"': "0","'N36675"': "0","'N64916"': "0","'N49853"': "0","'N49879"': "0","'N39471"': "0","'N60128"': "0","'N86"': "0","'N37332"': "0","'N47889"': "0","'N55504"': "0","'N47851"': "0","'N19329"': "0","'N49279"': "0","'N34372"': "0","'N23784"': "0","'N36703"': "0","'N28934"': "0","'N57097"': "1","'N51764"': "0","'N47453"': "0","'N18606"': "0","'N36545"': "0","'N12579"': "0","'N29003"': "0","'N48578"': "0","'N11702"': "0","'N3792"': "0","'N15855"': "0","'N30373"': "0","'N61022"': "0","'N52683"': "0","'N1019"': "0","'N58020"': "0","'N7891"': "0","'N279"': "0","'N46307"': "0","'N63242"': "0","'N52705"': "0","'N34848"': "0","'N25437"': "0","'N64513"': "0","'N46466"': "0","'N36837"': "0","'N8061"': "0","'N59390"': "0","'N24759"': "0","'N34930"': "0","'N35290"': "0","'N350"': "0","'N10754"': "0","'N26130"': "0","'N12523"': "0","'N14780"': "0","'N50691"': "0","'N15435"': "0","'N33981"': "0","'N34915"': "0","'N47747"': "0","'N24176"': "0","'N31424"': "0","'N54115"': "0","'N21882"': "0","'N25811"': "0","'N3339"': "0","'N40171"': "0"}"
5486,U35524,2019-11-14 08:26:43,"{N24778,N21383,N8485,N20304,N28128,N56037,N41334,N10530,N28296,N49512,N2186,N53216,N53118,N27820,N29955,N36095,N62879,N42267,N30765,N16239,N38367,N49023}","{"'N25163"': "1","'N40109"': "0","'N42803"': "0","'N12627"': "0","'N23008"': "0","'N45317"': "0","'N10552"': "0","'N56211"': "0","'N9621"': "0","'N11817"': "0","'N48613"': "0","'N36226"': "0","'N36725"': "0","'N18862"': "0","'N32567"': "0","'N45509"': "0","'N2787"': "0","'N32015"': "0","'N25165"': "0","'N51489"': "0","'N38404"': "0","'N50592"': "0","'N10960"': "0","'N62227"': "0","'N18529"': "0","'N47572"': "0","'N28203"': "0","'N47576"': "0","'N61296"': "0","'N51570"': "0","'N56777"': "0","'N56300"': "0","'N33005"': "0","'N5652"': "0","'N35393"': "0","'N48017"': "0","'N14436"': "0","'N22257"': "0","'N55555"': "0","'N16931"': "0","'N32641"': "0","'N6664"': "0","'N42698"': "0","'N62894"': "0","'N9135"': "0","'N42670"': "0","'N57081"': "0","'N62563"': "0","'N19019"': "0","'N34869"': "0"}"
5513,U91703,2019-11-14 15:55:48,"{N60608,N11071,N1445,N55189,N60206,N15503,N13836,N13480,N4536,N17423,N36934,N1842,N21767,N54435,N4593,N36019,N58428,N58090,N21347,N40692,N63306,N35890,N7851,N56753,N637,N52205,N63709,N29504,N63078,N54347,N7629,N29747,N9674,N38174,N8647,N723,N26376,N35458,N32482,N50427}","{"'N13729"': "0","'N62318"': "0","'N59501"': "0","'N61740"': "0","'N32015"': "0","'N37338"': "0","'N62894"': "0","'N20413"': "0","'N52867"': "0","'N34185"': "0","'N53031"': "0","'N21077"': "0","'N42076"': "0","'N42698"': "0","'N45523"': "0","'N41934"': "0","'N53515"': "0","'N17031"': "0","'N55275"': "0","'N15807"': "0","'N60799"': "0","'N14478"': "0","'N38779"': "0","'N27737"': "0","'N56211"': "0","'N23547"': "0","'N7494"': "0","'N6837"': "0","'N35094"': "0","'N42515"': "0","'N8468"': "0","'N28918"': "0","'N59267"': "0","'N38306"': "0","'N33828"': "0","'N47652"': "1"}"
5525,U68925,2019-11-09 08:42:13,"{N21241,N21577,N16566,N8864,N6808,N2272,N54513,N33523,N45621,N18138,N29177,N3682,N50578,N986,N19594,N50599,N53538,N43497,N53074,N41344,N15634,N26837,N58641,N27727,N36853,N51566,N16965,N31927,N18747,N31057,N17092,N21981,N3644,N11448,N44995,N46141,N25549,N37047,N49195,N24298,N6266,N46259,N29742,N37065,N42064,N41197,N12349,N27915,N43839,N14770,N7508,N60360,N8448,N47550,N56438,N19748,N5283,N5896,N37394,N48829,N19883,N13429,N4717,N64631,N46473,N2078,N5353,N41139,N52441,N47904,N43191,N13753,N49023,N63062,N5238,N36754,N9317,N6074}","{"'N43373"': "0","'N43377"': "0","'N20926"': "0","'N28934"': "0","'N7813"': "0","'N279"': "0","'N33981"': "0","'N62838"': "0","'N16344"': "0","'N40356"': "0","'N16209"': "0","'N30151"': "0","'N28213"': "0","'N35172"': "0","'N61652"': "0","'N1914"': "0","'N53436"': "0","'N55582"': "0","'N31679"': "0","'N56154"': "0","'N51398"': "1","'N28413"': "0","'N50329"': "0","'N4711"': "0","'N49953"': "0","'N58075"': "0","'N57943"': "0","'N33291"': "0","'N3930"': "0","'N20020"': "0","'N15194"': "0","'N37764"': "0","'N27583"': "0","'N47267"': "0","'N23536"': "1","'N4080"': "0","'N43370"': "0","'N42336"': "0","'N27845"': "1","'N5957"': "0","'N55897"': "0","'N39115"': "0","'N25546"': "0","'N37377"': "0","'N56665"': "0","'N32399"': "0","'N37009"': "0","'N3727"': "0","'N45550"': "0","'N51049"': "0","'N55645"': "0","'N39700"': "0","'N23760"': "0","'N38783"': "0","'N5442"': "0","'N3045"': "0","'N49908"': "0","'N26179"': "0","'N23784"': "0","'N6074"': "0","'N62391"': "0","'N58140"': "0","'N1936"': "0","'N24272"': "0","'N8519"': "0","'N9019"': "0","'N59030"': "0","'N732"': "0","'N60374"': "0","'N43001"': "0","'N43075"': "0","'N37108"': "0","'N26130"': "0","'N43492"': "0","'N48839"': "0","'N62801"': "0","'N65045"': "0","'N57026"': "0","'N58051"': "0","'N53017"': "0","'N41178"': "0","'N63583"': "0","'N2389"': "0","'N6825"': "0","'N5889"': "0","'N23184"': "0","'N55743"': "0","'N25764"': "0","'N18870"': "0","'N54634"': "0","'N9617"': "0","'N52000"': "0","'N57972"': "0","'N45964"': "1","'N45428"': "0","'N39112"': "0","'N43595"': "0","'N11379"': "0","'N36865"': "0","'N24104"': "0","'N6268"': "0"}"
5542,U27885,2019-11-14 13:41:53,"{N24893,N63188,N61490,N37909,N3499,N44136,N37481,N57511,N50371,N52066,N44520,N44940,N60933,N8502,N32320,N14634,N42888,N13904,N28237,N33477,N18085}","{"'N6388"': "0","'N64721"': "1","'N61296"': "0","'N29369"': "0","'N16419"': "0","'N48613"': "0","'N31329"': "0","'N9436"': "0","'N24109"': "0","'N55712"': "1","'N25165"': "0","'N706"': "0","'N64263"': "0","'N8242"': "0","'N16439"': "0","'N30305"': "0","'N999"': "0","'N51951"': "0","'N16806"': "0","'N23877"': "0","'N28072"': "0","'N39480"': "1","'N46736"': "0","'N31556"': "0","'N1573"': "1","'N21077"': "1","'N25160"': "0","'N13094"': "0","'N59142"': "0","'N37142"': "0","'N10552"': "0","'N32641"': "0","'N6578"': "0","'N64174"': "0","'N47572"': "0","'N60799"': "0","'N7901"': "0","'N38869"': "0","'N40109"': "0","'N13005"': "0","'N48302"': "0"}"
5574,U24126,2019-11-11 08:08:04,"{}","{"'N55689"': "1","'N35729"': "0"}"
5597,U79086,2019-11-10 08:50:35,"{N2028,N17401,N22185,N34004,N942,N32906,N13836,N48582,N770,N7242,N44361,N12367,N63429,N13995,N4069,N13925,N42435,N22614,N58264,N21789,N30353,N3130,N12469,N64554,N37857,N7062,N40526,N36557,N32852,N54655,N4526,N13138,N54522,N47479,N54966,N56694,N21876,N57399,N9674,N6102,N34564,N20525,N60702,N3566,N53017,N64640,N26319,N60364,N17835,N7642,N62615,N18321,N62959,N57768}","{"'N56051"': "0","'N21882"': "0","'N53245"': "0","'N64513"': "0","'N49279"': "0","'N61022"': "0","'N15160"': "1"}"
5629,U14748,2019-11-13 14:33:04,"{N42031,N39074,N64727,N8548,N23488,N14492,N9897,N55846,N16695,N871,N33247,N39117,N51706,N43028,N32560,N44736,N33200,N30867,N46392,N53531,N10855,N60388,N50328,N11901,N58090,N24298,N57318,N48592,N39737,N20057,N24243,N65170,N32852,N1755,N33219,N60491,N53872,N45535,N17303,N14761,N6616,N36476,N49475,N6785,N22976,N49023,N31172,N14006,N19383,N26179,N53016,N40509}","{"'N13930"': "0","'N27198"': "0","'N47918"': "0","'N25095"': "1","'N48684"': "0","'N43386"': "0","'N21128"': "0","'N103"': "0","'N21420"': "0","'N50138"': "0","'N64096"': "0","'N22417"': "0","'N38695"': "0","'N27515"': "0","'N35170"': "0","'N37609"': "0","'N6150"': "0","'N38215"': "0","'N59073"': "0","'N10990"': "0","'N54291"': "0","'N50601"': "0","'N36261"': "0","'N35273"': "0","'N6651"': "0","'N4510"': "0","'N56705"': "0","'N53087"': "1","'N50415"': "0","'N29254"': "0","'N1422"': "0","'N16328"': "1","'N35958"': "0","'N39010"': "0","'N47205"': "0","'N50381"': "0","'N28523"': "0","'N61032"': "0","'N27437"': "0","'N18403"': "0","'N2560"': "0","'N49483"': "0","'N49491"': "1","'N2562"': "0","'N53861"': "0","'N27540"': "0","'N61760"': "0","'N49001"': "0","'N27638"': "0","'N47061"': "0","'N17059"': "0","'N12029"': "0","'N51287"': "0","'N8509"': "0","'N17865"': "0","'N36221"': "0","'N3418"': "0","'N23162"': "0","'N51006"': "0","'N42457"': "0","'N51048"': "0","'N37437"': "0","'N7618"': "0","'N32798"': "0","'N56214"': "0","'N14029"': "0","'N9735"': "0","'N63796"': "0","'N7431"': "0","'N9623"': "0","'N37753"': "0","'N47923"': "0","'N13907"': "0","'N34048"': "0","'N35767"': "0","'N10913"': "0","'N57426"': "0","'N24458"': "0","'N17117"': "1","'N6066"': "0","'N976"': "0","'N43994"': "0","'N16804"': "0","'N50288"': "0","'N64968"': "0","'N50490"': "0","'N29964"': "0"}"
5663,U36075,2019-11-13 16:16:37,"{N47261,N47558,N55526,N11071,N13700,N37481,N11701,N39041,N60050,N36751,N54698,N19638,N7242,N3345,N14701,N36019,N58090,N54827,N59289,N58641,N64554,N18445,N58580,N45954,N64955,N34287,N52536,N31801,N306,N18355,N468,N51821,N13138,N19660,N52121,N55897,N3491}","{"'N29964"': "0","'N59073"': "0","'N42634"': "0","'N6787"': "0","'N37437"': "0","'N13930"': "0","'N83"': "0","'N25040"': "0","'N62049"': "0","'N43487"': "0","'N42457"': "0","'N35847"': "0","'N62003"': "0","'N3841"': "0","'N45742"': "0","'N7129"': "0","'N17117"': "0","'N26262"': "0","'N3431"': "0","'N8559"': "0","'N2562"': "0","'N48684"': "0","'N16804"': "0","'N9720"': "0","'N33885"': "0","'N6916"': "0","'N6962"': "0","'N20746"': "0","'N21701"': "0","'N47149"': "0","'N33831"': "0","'N27869"': "0","'N62894"': "0","'N5048"': "0","'N14170"': "0","'N7121"': "0","'N61623"': "0","'N24458"': "0","'N3418"': "0","'N12392"': "0","'N59385"': "0","'N6056"': "0","'N56227"': "0","'N64968"': "0","'N11769"': "0","'N57426"': "0","'N63796"': "0","'N63656"': "0","'N31183"': "0","'N9354"': "0","'N58133"': "0","'N1858"': "0","'N45590"': "0","'N55949"': "0","'N51048"': "0","'N27789"': "0","'N43301"': "0","'N49483"': "0","'N55976"': "0","'N53861"': "0","'N51287"': "0","'N3589"': "0","'N45509"': "0","'N14547"': "0","'N52442"': "0","'N31050"': "0","'N36638"': "0","'N20576"': "0","'N56214"': "0","'N23162"': "0","'N24686"': "0","'N7618"': "0","'N63174"': "0","'N55132"': "0","'N59088"': "0","'N49956"': "0","'N41612"': "0","'N36016"': "0","'N15719"': "0","'N64252"': "0","'N50138"': "0","'N60550"': "0","'N50601"': "0","'N8509"': "0","'N43386"': "0","'N35047"': "0","'N22417"': "0","'N59138"': "0","'N21712"': "0","'N24376"': "0","'N4510"': "0","'N21420"': "0","'N36261"': "0","'N17529"': "0","'N47205"': "0","'N58114"': "0","'N3344"': "0","'N21128"': "0","'N38490"': "0","'N36221"': "0","'N10746"': "0","'N38215"': "0","'N4642"': "0","'N46477"': "0","'N56800"': "0","'N26332"': "0","'N20428"': "0","'N14029"': "0","'N13471"': "0","'N13907"': "0","'N23864"': "0","'N61760"': "0","'N12029"': "0","'N20356"': "0","'N29107"': "0","'N6066"': "0","'N6816"': "0","'N63106"': "0","'N35273"': "0","'N26038"': "0","'N3957"': "0","'N2046"': "0","'N49704"': "0","'N50288"': "0","'N17865"': "0","'N976"': "0","'N16148"': "1","'N47061"': "0","'N49491"': "0","'N48920"': "0","'N47717"': "0","'N41172"': "0","'N48832"': "0","'N54291"': "0","'N19477"': "0","'N41697"': "0","'N53443"': "0","'N39187"': "0","'N56548"': "0","'N50014"': "0","'N41122"': "0"}"
5673,U19826,2019-11-14 03:43:15,"{N28501,N23520,N35783,N2642,N50748,N23949,N16715,N64819,N9803,N30765,N5183,N56753,N48076,N64467,N21817,N35710,N12244,N22997,N60611,N39777,N64474,N9056,N17099,N6218,N18321,N64536,N9457,N60770,N20020}","{"'N23877"': "1","'N40109"': "0","'N8015"': "0","'N50872"': "0","'N64174"': "0"}"
5688,U57514,2019-11-12 10:36:42,"{N58518,N46573,N30531,N40704,N38339,N20641,N50299,N9803,N5102,N28058,N35,N14200,N48281,N26580,N26026,N27919,N30160,N62940,N23864,N63971,N21174,N39670,N13138,N42620,N64193,N15788,N3388,N37748,N4607,N12254,N43955,N40254,N46804,N12844,N51705,N11484,N54536,N37292,N6727,N64273,N12430,N10359,N20766,N43195,N32910,N59451,N53008,N58574,N55645,N3727}","{"'N17069"': "0","'N61408"': "0","'N55606"': "0","'N11817"': "0","'N41354"': "0","'N54125"': "0","'N11768"': "0","'N33619"': "0","'N16096"': "0","'N33677"': "0","'N42634"': "1","'N16291"': "0","'N32182"': "1","'N52180"': "0","'N3663"': "0","'N11138"': "0","'N31947"': "0","'N40839"': "0","'N3123"': "0","'N24111"': "0","'N21741"': "0","'N60272"': "0","'N38490"': "0","'N41020"': "0","'N52122"': "0","'N20015"': "0","'N3344"': "0","'N63970"': "0","'N23547"': "0","'N32544"': "0","'N15315"': "0","'N61822"': "0","'N31978"': "0","'N49180"': "0","'N43102"': "0","'N64734"': "0","'N38309"': "0","'N58363"': "0","'N45551"': "0","'N17168"': "0","'N55281"': "0","'N19075"': "0","'N34998"': "0","'N19318"': "0","'N62386"': "0","'N62360"': "0","'N926"': "0","'N64152"': "0","'N7319"': "0","'N40468"': "0"}"
5720,U43331,2019-11-12 19:03:09,"{N53566,N21777,N39968,N30432,N33513,N29177,N9343,N21771,N20145,N26642,N46978,N871,N44559,N54516,N33247,N62006,N9680,N51112,N22545,N19870,N52589,N49481,N21781,N63332,N28079,N22185,N15122,N18094,N3560,N33276,N17796,N18167,N32939,N12367,N64661,N21170,N2461,N51053,N42288,N57789,N30822,N28550,N28365,N35560,N41197,N4696,N58580,N5938,N52536,N40526,N19347,N6932,N58871,N33170,N39192,N62009,N53118,N54522,N56775,N28299,N38182,N5283,N45314,N61664,N50475,N14761,N2018,N13429,N34113,N20888,N18900,N27454,N6616,N61972,N11399,N2201,N52761,N4197,N6342,N60702,N62615,N62853,N28091,N54283,N31151,N37011,N58574,N23771,N7938,N35448,N11484,N55582,N62838,N58553,N35486,N1019}","{"'N62386"': "0","'N58114"': "0","'N39317"': "0","'N31333"': "0","'N34579"': "0","'N20678"': "0","'N22407"': "0","'N33677"': "0","'N14592"': "0","'N42977"': "0","'N60932"': "0","'N27560"': "0","'N33885"': "0","'N7821"': "0","'N7419"': "0","'N44422"': "1","'N45704"': "0","'N12029"': "0","'N6890"': "0","'N45442"': "0","'N17059"': "0","'N46607"': "0","'N33212"': "0","'N16096"': "0"}"
5738,U40933,2019-11-13 09:45:41,"{N30665,N2794,N42458,N64039,N29856,N15749,N48644,N42208,N2994,N19861,N26913,N20286,N55031,N48254,N7333,N7242,N30450,N31759,N995,N38342,N47954,N39638,N46107,N27501,N15857,N7242,N58264,N54305,N20792,N51238,N754,N48124,N37942,N7422,N46513,N42137,N46909,N57364,N23394,N45807,N32312,N65055,N19293,N11005,N17214,N9755,N19706,N58941,N30160,N40640,N45330,N50635,N43142,N30748,N31090,N63078,N33337,N57113,N28992,N4151,N6342,N44423,N54980,N64273,N49145,N53017}","{"'N64094"': "0","'N22417"': "0","'N39010"': "0","'N47061"': "0","'N21420"': "0","'N4913"': "0","'N13907"': "0","'N34876"': "1","'N287"': "0","'N26795"': "0","'N14592"': "1","'N51048"': "0","'N53470"': "0","'N22145"': "0"}"
5770,U67885,2019-11-09 15:42:40,"{N5212,N28287,N14556,N29529,N1150,N56923,N55846,N58061,N38176,N18893,N52722,N39117,N51706,N20951,N19001,N29041,N11177,N15125,N20735,N49262,N33276,N60938,N46151,N9226,N34574,N59704,N45794,N35022,N48701,N30967,N11018,N4285,N24346,N4770,N37280,N34070,N42318,N37225,N30681,N35710,N33337,N13404,N28766,N24587,N49695,N9056,N48362,N46795,N54278,N16367,N43396,N37091,N17366,N11545,N36615}","{"'N29017"': "0","'N48958"': "0","'N15855"': "0","'N39342"': "0","'N27525"': "0","'N37377"': "0","'N42028"': "0","'N3580"': "0","'N279"': "0","'N8929"': "0","'N63442"': "0","'N44679"': "0","'N46142"': "0","'N19911"': "0","'N14780"': "0","'N28735"': "0","'N45190"': "0","'N10350"': "0","'N18708"': "0","'N16209"': "0","'N5827"': "0","'N36545"': "0","'N28862"': "0","'N51398"': "0","'N23548"': "0","'N37394"': "0","'N20281"': "0","'N43377"': "0","'N35854"': "0","'N55264"': "0","'N58183"': "1","'N33872"': "0","'N47020"': "0","'N12168"': "0","'N11484"': "0","'N43595"': "0","'N8061"': "0","'N25546"': "0","'N59542"': "0","'N51223"': "0","'N16076"': "0","'N41881"': "0","'N6926"': "0","'N13423"': "0","'N33981"': "0","'N27143"': "0","'N53017"': "0","'N44616"': "0","'N732"': "0","'N38783"': "0","'N36752"': "0","'N26179"': "0","'N3894"': "0","'N5442"': "0"}"
5774,U53011,2019-11-11 11:28:32,"{N29177,N64777,N38394,N58644,N871,N33120,N43955,N27895,N56514,N63332,N10347,N37915,N29207,N46023,N30531,N46392,N51692,N9798,N4593,N24999,N8273,N42435,N38311,N50873,N63656,N63180,N26627,N64554,N32742,N306,N54695,N21862,N3086,N38182,N46357,N41298,N47771,N28088,N51821,N48356,N48715,N30113,N47558,N54300}","{"'N52622"': "0","'N50406"': "0","'N13730"': "0","'N21707"': "0","'N23485"': "0","'N11821"': "0","'N30108"': "0","'N55689"': "0","'N47229"': "0","'N55204"': "0","'N33848"': "0","'N37814"': "0","'N46751"': "0","'N40725"': "0","'N42961"': "0","'N16342"': "0","'N58410"': "0","'N154"': "0","'N17586"': "0","'N8957"': "0","'N47981"': "0","'N59981"': "0","'N42144"': "0","'N29128"': "0","'N63538"': "0","'N3697"': "0","'N36621"': "0","'N63550"': "0","'N9271"': "0","'N6099"': "0","'N17106"': "0","'N59436"': "0","'N5075"': "0","'N46845"': "0","'N1914"': "0","'N58572"': "0","'N40431"': "0","'N43789"': "0","'N7466"': "0","'N45616"': "0","'N30475"': "0","'N48890"': "0","'N24686"': "0","'N60872"': "0","'N32791"': "0","'N24176"': "0","'N31370"': "0","'N64009"': "0","'N3841"': "1","'N34674"': "0","'N53585"': "1","'N60272"': "0","'N7128"': "0","'N26262"': "1","'N54993"': "0"}"
5803,U42873,2019-11-12 11:36:02,"{N6702,N47634,N19591,N1445,N16695,N6598,N34271,N16874,N39041,N20335,N16424,N995,N29861,N33708,N46023,N18378,N26364,N57512,N60702}","{"'N2823"': "0","'N61962"': "0","'N63970"': "0","'N32789"': "0","'N1680"': "0","'N3123"': "0","'N6458"': "0","'N22339"': "0","'N45551"': "0","'N39461"': "0","'N58363"': "0","'N20134"': "0","'N61822"': "0","'N59407"': "0","'N54125"': "0","'N57426"': "0","'N41020"': "0","'N23081"': "0","'N31978"': "0","'N32544"': "0","'N33755"': "0","'N62360"': "0","'N61760"': "0","'N6929"': "0","'N3344"': "0","'N11793"': "0","'N6056"': "0","'N12608"': "0","'N27560"': "0","'N1555"': "0","'N49180"': "0","'N33630"': "0","'N53084"': "0","'N35738"': "0","'N32182"': "0","'N29340"': "0","'N44422"': "0","'N32010"': "0","'N52180"': "0","'N62386"': "0","'N30088"': "0","'N48823"': "0","'N55606"': "0","'N29715"': "0","'N20811"': "0","'N36186"': "0","'N34657"': "0","'N16314"': "0","'N23547"': "0","'N31029"': "0","'N7328"': "0","'N42634"': "0","'N7821"': "1","'N12761"': "0","'N30475"': "0","'N34998"': "0","'N6975"': "0","'N17069"': "0","'N44786"': "0","'N58155"': "0","'N16096"': "0","'N30231"': "0","'N57754"': "0","'N13403"': "0","'N48473"': "0","'N40839"': "0"}"
5817,U65025,2019-11-09 22:17:49,"{N8548,N8548,N52632,N35120,N16695,N28296,N37608,N61864,N6156,N63429,N35022,N60699,N7818,N24298,N24346,N61196,N61196,N23045,N26017,N57318,N44007,N13138,N2224,N4054,N14761,N21164,N8258,N19204,N5104,N40509,N35671}","{"'N47020"': "0","'N25985"': "0","'N36752"': "0","'N36910"': "0","'N48958"': "0","'N17965"': "0","'N25867"': "0","'N1034"': "0","'N65185"': "1","'N11830"': "0","'N20811"': "0","'N39342"': "0"}"
5819,U31272,2019-11-13 14:53:38,"{N41899,N23526,N57551,N11699,N370,N44195,N58744,N7428,N24591,N6484,N5664,N3142,N39670,N52555,N1345,N40817,N21970}","{"'N8559"': "0","'N36016"': "0","'N49483"': "0","'N62894"': "0","'N42457"': "0","'N6873"': "0","'N56214"': "0","'N39073"': "0","'N21420"': "0","'N14029"': "0","'N17117"': "1","'N61027"': "0","'N38215"': "0","'N4642"': "0","'N51048"': "0","'N51287"': "0","'N37437"': "0","'N55976"': "0","'N33831"': "0","'N47231"': "0","'N4510"': "0","'N51195"': "0","'N22417"': "0","'N8509"': "0","'N36221"': "0","'N36261"': "0","'N7618"': "0","'N41612"': "0","'N47061"': "0","'N13907"': "0","'N8029"': "0","'N35273"': "0"}"
5835,U46771,2019-11-10 23:09:51,"{N23329,N17966,N46513,N31304,N44521,N25092,N16344,N32830}","{"'N49685"': "0","'N56193"': "1"}"
5847,U11399,2019-11-09 05:59:19,"{N51591,N39556,N35009,N3500,N21383,N871,N33683,N64408,N28296,N57737,N20121,N55326,N36488,N24356,N1202,N13137,N53033,N18004,N4069,N51692,N35022,N9120,N62634,N16715,N9803,N35452,N34824,N12894,N13374,N19347,N30429,N47798,N21336,N49134,N619,N47798,N31801,N306,N34069,N14452,N56775,N13404,N47020,N1843,N13429,N52551,N8148,N46811,N25785}","{"'N27845"': "0","'N41881"': "1"}"
5854,U43884,2019-11-09 17:39:27,"{N55829,N10779,N21241,N10977,N51591,N459,N44018,N26501,N15978,N24002,N1150,N15978,N3500,N1569,N9808,N24724,N15771,N21383,N60209,N10059,N45729,N51574,N12143,N23628,N64408,N2745,N37378,N19580,N14340,N986,N871,N5034,N12907,N65169,N20722,N35083,N6290,N4020,N13605,N44399,N31895,N8619,N18164,N47170,N50306,N11175,N12841,N43725,N53451,N61702,N58091,N59026,N44828,N39235,N64074,N53052,N32109,N64049,N31932,N44052,N18562,N55987,N11101,N49647,N24356,N5031,N49752,N21445,N12352,N50020,N47180,N22270,N64482,N51388,N3264,N17050,N14761,N15081,N52515,N35056,N21164,N61355,N51330,N36271,N16812,N57012,N61274,N33013,N58224,N22627,N1345,N7646,N14114,N31143,N41011,N15676,N3491,N20602,N56154,N28684}","{"'N19911"': "1","'N13423"': "0","'N22408"': "0","'N4854"': "0","'N47267"': "0","'N36752"': "0","'N6658"': "0","'N26721"': "0","'N5827"': "0","'N45211"': "0","'N1034"': "0","'N29218"': "0","'N58075"': "0","'N18870"': "0","'N48958"': "0","'N47020"': "0","'N59852"': "0","'N8929"': "0","'N23548"': "0","'N26179"': "0","'N46142"': "0","'N39342"': "0","'N15457"': "0","'N50302"': "0"}"
5884,U32957,2019-11-14 02:16:41,"{N64727,N26501,N23979,N1746,N56447,N942,N35218,N38312,N63210,N33276,N49048,N34888,N306,N53049,N14914,N1127,N48699,N10804,N55897,N62633,N10359,N16043,N55558,N11020,N38568,N2735,N5527,N7938,N36453,N6868,N15194,N38330}","{"'N61483"': "0","'N60550"': "0","'N53875"': "0","'N14436"': "0","'N21701"': "0","'N55488"': "0","'N51552"': "0","'N31448"': "0","'N60272"': "0","'N1180"': "0","'N30071"': "0","'N38215"': "0","'N58814"': "0","'N40130"': "0","'N16777"': "0","'N37348"': "0","'N5364"': "0","'N57014"': "0","'N7670"': "0","'N6113"': "0","'N3167"': "0","'N6216"': "0","'N55555"': "0","'N41612"': "0","'N47346"': "0","'N17482"': "0","'N42457"': "0","'N13131"': "0","'N40109"': "0","'N43487"': "0","'N36786"': "0","'N6816"': "0","'N33831"': "0","'N26081"': "0","'N16148"': "0","'N37194"': "0","'N36351"': "0","'N50872"': "0","'N50288"': "0","'N50014"': "0","'N23749"': "0","'N56214"': "0","'N49076"': "1","'N56294"': "0","'N64174"': "0","'N31679"': "0"}"
5958,U64311,2019-11-13 13:53:05,"{N45589,N64920,N8485,N21623,N17403,N55189,N27676,N63276,N4830,N46978,N57537,N10865,N33969,N62718,N14167,N16623,N18109,N34863,N33120,N27501,N45443,N12367,N57260,N32939,N48516,N59289,N51396,N49387,N27154,N35547,N53033,N51692,N1322,N28115,N35022,N9803,N23949,N63411,N12676,N16715,N53884,N25677,N60605,N45954,N306,N4526,N40640,N54201,N44904,N48396,N42620,N4864,N42677,N52551,N34983,N11415,N3259,N12761,N17109,N11020,N20575,N31996,N8519,N7328,N49145,N35671,N33666,N37889,N58649,N12761,N61880,N59407}","{"'N35273"': "0","'N64184"': "0","'N37437"': "0","'N17117"': "0","'N21420"': "0","'N36261"': "0","'N56214"': "0","'N4642"': "0","'N14592"': "0","'N22417"': "0","'N13907"': "0","'N7618"': "0","'N38215"': "1","'N8509"': "0","'N14029"': "0","'N36221"': "0","'N51048"': "1","'N4510"': "0","'N21128"': "0","'N47061"': "0","'N50415"': "0"}"
6084,U22166,2019-11-13 13:17:44,"{N47,N1150,N18259,N4893,N32421,N3868,N29088,N57255,N32868,N18678,N45544,N30974,N61018,N18942,N8985,N33704,N45517,N22529,N13893,N51238,N33431,N37694,N27529,N58652,N506,N27311,N29276,N11727,N5521,N5823,N42569,N63123,N20259,N54883,N17680,N33764,N15562,N56013,N36389,N40692,N16715,N58320,N35108,N63725,N15789,N65043,N26682,N20881,N47348,N3444,N64789,N62209,N58977,N40475,N36271,N19660,N16190,N29026,N12608,N32210,N29276,N268,N33630,N34842,N59574,N35458,N10969,N62052,N7364,N27714,N509}","{"'N26262"': "0","'N28523"': "0","'N8084"': "0","'N54274"': "0","'N38695"': "1","'N27789"': "0","'N1644"': "0","'N36186"': "0","'N33630"': "0","'N7540"': "0","'N36221"': "0","'N44958"': "0","'N35047"': "0","'N34048"': "0","'N36933"': "0","'N31769"': "0","'N30035"': "0","'N41172"': "0","'N11363"': "0","'N44290"': "0","'N11769"': "0","'N64968"': "0","'N49483"': "0"}"
6122,U23193,2019-11-13 18:44:27,"{N14454,N51073,N60303,N60615,N29526,N33513,N56586,N59004,N45286,N11291,N54095,N24138,N31391,N61347,N61217,N62084,N8443,N61089,N32892,N60313,N11177,N10818,N60098,N49531,N8619,N10818,N39501,N50047,N37921,N31193,N12845,N34206,N46333,N47214,N39334,N841,N48517,N57971,N46141,N5297,N46023,N8229,N39577,N28058,N538,N62745,N47020,N58538,N56753,N26683,N61196,N13374,N4482,N39101,N25285,N63889,N2618,N12254,N61428,N53436,N3614,N40442,N63991,N25762,N45465,N36615,N279}","{"'N55723"': "0","'N48937"': "0","'N36261"': "0","'N34959"': "0","'N24458"': "0","'N62933"': "0","'N42457"': "0","'N51970"': "0","'N51287"': "0","'N10746"': "0","'N26262"': "0","'N52471"': "1","'N59385"': "0","'N61760"': "0","'N12606"': "0","'N61588"': "0","'N5364"': "0","'N47346"': "0","'N6066"': "0","'N40602"': "0","'N9354"': "0","'N59138"': "0","'N5415"': "0","'N35847"': "0","'N41726"': "0","'N36436"': "0","'N20770"': "0","'N37437"': "0","'N56214"': "0","'N64252"': "0","'N58814"': "0","'N4404"': "0","'N17586"': "0","'N40130"': "0","'N13981"': "0","'N53960"': "0","'N21420"': "0","'N51048"': "0","'N40438"': "0","'N47248"': "0","'N14029"': "0","'N60550"': "0","'N50014"': "0","'N4510"': "0","'N13094"': "0","'N21036"': "0","'N23749"': "0","'N38808"': "0","'N28413"': "0","'N51853"': "0","'N48410"': "0","'N35389"': "0","'N48705"': "0","'N31050"': "0","'N18059"': "0","'N62894"': "0","'N41172"': "0","'N36786"': "0","'N43143"': "0","'N36351"': "0","'N4642"': "0","'N43522"': "0","'N41697"': "0","'N26376"': "0","'N43487"': "0","'N4598"': "0","'N12029"': "0","'N36624"': "0","'N30071"': "0","'N43386"': "0"}"
6165,U43884,2019-11-13 22:50:25,"{N55829,N10779,N21241,N10977,N51591,N459,N44018,N26501,N15978,N24002,N1150,N15978,N3500,N1569,N9808,N24724,N15771,N21383,N60209,N10059,N45729,N51574,N12143,N23628,N64408,N2745,N37378,N19580,N14340,N986,N871,N5034,N12907,N65169,N20722,N35083,N6290,N4020,N13605,N44399,N31895,N8619,N18164,N47170,N50306,N11175,N12841,N43725,N53451,N61702,N58091,N59026,N44828,N39235,N64074,N53052,N32109,N64049,N31932,N44052,N18562,N55987,N11101,N49647,N24356,N5031,N49752,N21445,N12352,N50020,N47180,N22270,N64482,N51388,N3264,N17050,N14761,N15081,N52515,N35056,N21164,N61355,N51330,N36271,N16812,N57012,N61274,N33013,N58224,N22627,N1345,N7646,N14114,N31143,N41011,N15676,N3491,N20602,N56154,N28684}","{"'N20356"': "0","'N64174"': "0","'N31679"': "0","'N38215"': "0","'N41133"': "0","'N61787"': "0","'N1012"': "0","'N4021"': "0","'N33831"': "0","'N5048"': "0","'N43487"': "0","'N60550"': "0","'N51975"': "0","'N42457"': "0","'N14029"': "0","'N47624"': "0","'N51287"': "0","'N60256"': "0","'N35273"': "0","'N16618"': "1","'N13094"': "0","'N8509"': "0","'N59138"': "0","'N4404"': "0","'N14436"': "0","'N46004"': "0","'N16148"': "0","'N36261"': "0","'N51048"': "0","'N3957"': "0","'N47748"': "0","'N56711"': "0","'N5597"': "0","'N41612"': "0","'N3031"': "0","'N11257"': "0","'N18522"': "0","'N49712"': "0","'N45742"': "0","'N4642"': "0","'N41040"': "0","'N39073"': "0"}"
6214,U55748,2019-11-13 04:17:44,"{N47674,N44018,N22924,N54359,N47685,N30441,N16215,N58686,N17955,N853,N53391,N35461,N995,N40545,N30662,N57582,N21019,N48124,N26435,N4069,N5183,N11818,N18445,N6655,N56290,N5831,N42358,N49134,N27877,N18188,N15620,N58988,N45535,N37808,N54528,N48396,N18730,N39208,N49018,N60858,N18979,N10799,N52544,N31213,N10152,N60519}","{"'N57987"': "0","'N19903"': "0","'N62128"': "0","'N42977"': "0","'N27497"': "0","'N47061"': "0","'N24509"': "0","'N1289"': "0","'N3123"': "0","'N60992"': "0","'N59272"': "0","'N35170"': "0","'N60858"': "0","'N58114"': "0","'N18887"': "1","'N9349"': "0","'N25624"': "0","'N20076"': "0","'N37905"': "0","'N48063"': "0","'N20915"': "0","'N38159"': "0","'N52723"': "0","'N43638"': "0","'N26262"': "0","'N64734"': "0","'N17059"': "0","'N26649"': "1","'N59385"': "0","'N4615"': "0","'N23816"': "0","'N57426"': "0","'N14592"': "0","'N42143"': "0","'N23129"': "0","'N22880"': "0","'N33885"': "0","'N13579"': "0","'N33240"': "0","'N15279"': "0","'N28213"': "0","'N22230"': "0","'N18377"': "0","'N36659"': "0","'N45266"': "0"}"
6228,U44935,2019-11-13 15:13:53,"{}","{"'N4510"': "0","'N33005"': "0","'N14029"': "0","'N37437"': "0","'N21420"': "0","'N50004"': "0","'N22417"': "0","'N13907"': "0","'N56214"': "0","'N8509"': "0","'N47061"': "0","'N51048"': "0","'N40558"': "1","'N36261"': "0","'N51287"': "0","'N64252"': "0","'N38215"': "0","'N33831"': "0","'N35273"': "0","'N26233"': "0","'N17117"': "0"}"
6256,U51242,2019-11-13 07:25:51,"{N12900,N10059,N46039,N19131,N46978,N16233,N62006,N57737,N29041,N33969,N871,N34694,N25577,N43635,N24356,N13137,N61313,N7422,N59704,N45794,N30353,N59359,N306,N40944,N32852,N17303,N19495,N32004,N22816}","{"'N45266"': "0","'N47061"': "0","'N62128"': "0","'N51048"': "0","'N34876"': "0","'N287"': "1","'N59673"': "0"}"
6257,U74552,2019-11-09 15:21:26,"{N44018,N8548,N29597,N29177,N51112,N27612,N16233,N56109,N33276,N48517,N50117,N58391,N3909,N26913,N49731,N7422,N844,N11597,N17020,N57888,N8576,N55448,N3241,N37857,N19434,N21336,N28313,N5905,N31882,N52645,N33154,N15577,N26026,N43142,N41375,N4524,N62714,N57485,N3259,N48793,N63855,N61181,N53948,N50710,N24261,N13636,N2003,N14114,N15422,N55743,N13862,N16682,N22881,N6225,N7938,N48925,N23113}","{"'N35562"': "0","'N53017"': "0","'N63685"': "0","'N35567"': "0","'N6113"': "0","'N15593"': "0","'N39115"': "0","'N732"': "0","'N11830"': "0","'N45211"': "0","'N59805"': "0","'N48958"': "0","'N55849"': "0","'N22543"': "0","'N5135"': "0","'N43370"': "0","'N43595"': "0","'N47257"': "0","'N60374"': "0","'N28319"': "0","'N62391"': "0","'N26706"': "0","'N44616"': "0","'N42885"': "0","'N23548"': "0","'N62633"': "0","'N27525"': "0","'N8929"': "0","'N10350"': "0","'N19911"': "0","'N55645"': "0","'N349"': "0","'N5442"': "0","'N8585"': "0","'N44215"': "0","'N26721"': "0","'N6601"': "0","'N27594"': "1","'N28413"': "0","'N55714"': "0","'N37377"': "0","'N37394"': "0","'N28788"': "0","'N26042"': "0","'N59852"': "0","'N13580"': "0","'N31630"': "0","'N7813"': "0","'N55743"': "0","'N6658"': "0","'N54634"': "0","'N61721"': "0","'N3930"': "0","'N51398"': "0","'N33799"': "0","'N2864"': "0","'N47061"': "0","'N28735"': "0","'N21377"': "0","'N49908"': "0","'N54484"': "0","'N17952"': "0","'N4273"': "0","'N33981"': "0","'N18375"': "0","'N4241"': "0","'N20281"': "0","'N15422"': "0","'N18870"': "0","'N52694"': "0","'N61407"': "0","'N17042"': "0","'N43492"': "0","'N47020"': "0","'N25811"': "0","'N32846"': "0","'N41881"': "0"}"
6283,U12587,2019-11-13 13:19:12,"{N35009,N25522,N55189,N871,N15351,N26642,N43187,N51112,N16233,N44058,N50047,N59129,N7875,N49361,N39117,N28296,N12907,N33969,N62705,N44851,N10410,N6156,N33276,N13137,N6464,N12628,N50126,N51734,N9120,N51692,N28015,N37920,N24999,N26281,N3439,N27408,N40997,N42394,N30967,N2686,N31801,N51818,N4530,N306,N4526,N60622,N58232,N62714,N63855,N52551,N685,N51330,N49952,N174,N11804,N50,N57902,N64983,N27060,N48742,N40442,N8148}","{"'N29254"': "0","'N23162"': "0","'N1289"': "0","'N20746"': "0","'N37774"': "0","'N22417"': "0","'N55563"': "0","'N38215"': "0","'N4428"': "0","'N9720"': "0","'N23134"': "0","'N5364"': "0","'N36624"': "0","'N48340"': "0","'N35847"': "0","'N61032"': "0","'N44290"': "0","'N54291"': "0","'N42602"': "0","'N31050"': "0","'N51048"': "0","'N15719"': "0","'N17117"': "0","'N14029"': "0","'N36261"': "0","'N3344"': "0","'N58283"': "0","'N63796"': "0","'N8656"': "0","'N7547"': "0","'N40438"': "0","'N21105"': "0","'N3589"': "0","'N7431"': "0","'N35958"': "0","'N7419"': "0","'N29340"': "0","'N4537"': "0","'N49483"': "0","'N28523"': "0","'N27198"': "0","'N21128"': "0","'N16328"': "0","'N59385"': "0","'N53861"': "0","'N14097"': "0","'N47061"': "0","'N41172"': "0","'N8084"': "0","'N7618"': "0","'N50381"': "0","'N22880"': "0","'N34709"': "0","'N10913"': "0","'N63106"': "1","'N4510"': "0","'N13907"': "0","'N64968"': "0","'N21611"': "0","'N4642"': "0","'N19956"': "0","'N32133"': "0","'N37198"': "0","'N28403"': "0","'N23028"': "0","'N8242"': "0","'N56214"': "0","'N41726"': "0","'N4807"': "0","'N21420"': "0","'N36660"': "0","'N4754"': "0","'N31630"': "0","'N38639"': "0","'N24157"': "0","'N26376"': "0","'N32798"': "0","'N24459"': "0","'N1046"': "0","'N38138"': "0","'N32211"': "0","'N35389"': "0","'N35233"': "0","'N21999"': "0","'N27515"': "0","'N25881"': "0","'N8509"': "0","'N26262"': "0","'N59088"': "0","'N31978"': "0","'N60619"': "0","'N34048"': "0","'N20067"': "0","'N28413"': "0","'N17059"': "0","'N58426"': "0","'N57426"': "0","'N39010"': "0","'N50415"': "0"}"
6301,U46046,2019-11-14 18:53:19,"{N4285,N35452,N61196,N38909,N24591,N62546,N16781,N23403,N62471,N8450,N31064,N26333,N36166,N57887,N25885,N12454,N57275,N14761,N19495,N53049,N13429,N22627,N47051,N14417,N7938,N48925,N43001,N27583}","{"'N47652"': "1","'N42515"': "0","'N48487"': "0","'N27737"': "0","'N52867"': "0","'N45523"': "1","'N33828"': "0","'N41934"': "0","'N1031"': "0","'N21077"': "0","'N61233"': "0","'N16118"': "0","'N7494"': "0","'N29735"': "1","'N50484"': "0","'N56211"': "0"}"
6382,U62629,2019-11-12 05:16:18,"{N56253,N55846,N3500,N27448,N9445,N64187,N11027,N52109,N10629,N15077,N51112,N42458,N48229,N5831,N61018,N48828,N21019,N49436,N42526,N24808,N24187,N25351,N19442,N32203,N46610,N40884,N14185,N46107,N12096,N31915,N14414,N7191,N11101,N21767,N22561,N32939,N20792,N33704,N44442,N27424,N48124,N5031,N53531,N33976,N53033,N32110,N50126,N42664,N4490,N15241,N35022,N16384,N62046,N42359,N16420,N47993,N36019,N10897,N23394,N19293,N54435,N37920,N5964,N40163,N41894,N3143,N9395,N57801,N5410,N2533,N57993,N11226,N37981,N34138,N57584,N64819,N59519,N50069,N23653,N26265,N8667,N9803,N61388,N58090,N13374,N10629,N46253,N52536,N49709,N13257,N20129,N5211,N61342,N50724,N42358,N62485,N27756,N5938,N34287,N21336,N18285,N38014,N17351,N44061,N62546,N24243,N36068,N30160,N24696,N30884,N15442,N37821,N44521,N6884,N41562,N31882,N18503,N42620,N22562,N35737,N26364,N46795,N4607,N16855,N43202,N10933,N18870,N50036,N48742,N54072,N62060,N42986,N43629,N59484,N40324,N16659,N6218}","{"'N64152"': "0","'N21428"': "1","'N49180"': "0","'N36789"': "0","'N41020"': "0","'N23563"': "0","'N53012"': "0","'N27245"': "0","'N32544"': "0","'N34657"': "0","'N37908"': "0","'N16533"': "0","'N30870"': "0","'N57456"': "0","'N4985"': "0","'N57809"': "0","'N24176"': "0","'N30475"': "0","'N62395"': "0","'N32829"': "0","'N14184"': "0","'N53237"': "0","'N9719"': "0","'N32691"': "0","'N26673"': "0","'N4936"': "0","'N12492"': "0","'N23942"': "0","'N10969"': "0","'N28188"': "0","'N42285"': "0","'N28588"': "0","'N1767"': "0","'N21741"': "0","'N38263"': "0","'N19241"': "0","'N20041"': "0","'N58499"': "0","'N23547"': "0","'N21"': "0","'N31978"': "0","'N60445"': "0","'N25315"': "0","'N60105"': "0","'N21342"': "0","'N58271"': "0","'N31947"': "0","'N25163"': "0","'N25722"': "0","'N10442"': "0","'N61760"': "0","'N56243"': "0","'N54666"': "0","'N30172"': "0","'N13698"': "0","'N14713"': "0","'N25624"': "0","'N14400"': "0","'N61962"': "0","'N50675"': "0","'N24207"': "0","'N47602"': "0","'N20079"': "0","'N18708"': "1","'N33619"': "0","'N16166"': "0","'N59713"': "0","'N52773"': "0","'N6056"': "0","'N6099"': "0","'N63154"': "0","'N44758"': "0"}"
6419,U63779,2019-11-11 04:19:04,"{N6817,N55189,N27953,N28467,N39041,N16874,N40837,N44942,N28833,N33969,N43295,N46133,N53137,N39235,N13137,N11101,N64661,N29086,N60046,N264,N12194,N45794,N31402,N434,N13963,N58090,N3817,N55743,N51184,N63526,N30160,N32852,N47719,N62501,N12349,N30448,N54469,N56596,N2511,N8903,N4970,N35793,N7328,N61081,N43202,N55449,N13636,N40509,N22816,N24365,N33947}","{"'N12042"': "0","'N50469"': "0","'N27581"': "0","'N56598"': "0","'N49685"': "0","'N31273"': "0","'N48759"': "0","'N35729"': "1","'N62729"': "0"}"
6453,U11292,2019-11-11 10:59:06,"{N12485,N60785,N9913,N5962,N35009,N51866,N32683,N57737,N7563,N58818,N38767,N11202,N48870,N13897,N11480,N6722,N55266,N5956,N15627,N48216,N5554,N41298,N38182,N4572,N28074,N51176,N26009,N8277,N47693,N53948,N45269,N7045,N381,N14133,N53907,N18069,N20221,N53017}","{"'N40725"': "0","'N18870"': "0","'N52622"': "0","'N55689"': "0","'N16804"': "0","'N19735"': "0","'N59981"': "0","'N53214"': "0","'N59436"': "0","'N57402"': "0","'N24686"': "0","'N46845"': "0","'N55204"': "0","'N43492"': "0","'N8957"': "0","'N6099"': "0","'N3312"': "0","'N53585"': "0","'N6379"': "1","'N21707"': "0","'N8542"': "0","'N63550"': "0"}"
6494,U77414,2019-11-12 09:50:38,"{N35009,N40837,N13480,N57318,N64395,N23105,N56889,N14452,N43142,N42620,N21984,N49400,N55449,N20575,N2735,N22816,N19773,N16016}","{"'N62360"': "0","'N24111"': "0","'N63970"': "1","'N7319"': "0"}"
6510,U92767,2019-11-13 09:06:12,"{N5227,N27448,N6167,N24724,N31391,N6233,N63260,N47849,N20710,N28660,N17092,N46984,N33861,N26113,N754,N50578,N29361,N45110,N56753,N47175,N34287,N3954,N30160,N12244,N42620,N47289,N57902,N39414,N14742,N47577,N54891,N40442,N31996,N36453,N15194}","{"'N37774"': "0","'N14592"': "0","'N21420"': "0","'N287"': "0","'N34876"': "0","'N4913"': "0","'N13907"': "0","'N64094"': "1","'N51048"': "0","'N50415"': "0","'N59673"': "0","'N53470"': "0"}"
6513,U72780,2019-11-12 13:02:51,"{N39041,N30709,N30709,N16233,N39117,N53052,N46392,N45794,N53216,N56121,N52551,N60212,N33163,N59143,N32004,N61869,N46239,N40448,N8148}","{"'N58363"': "0","'N44422"': "0","'N32544"': "0","'N11817"': "0","'N33755"': "0","'N42634"': "0","'N34110"': "0","'N64851"': "0","'N12424"': "0","'N57754"': "0","'N16096"': "0","'N3123"': "0","'N41354"': "1","'N62563"': "0","'N62386"': "0","'N23547"': "0","'N23008"': "0","'N36850"': "0","'N6066"': "0","'N64152"': "0","'N31978"': "0","'N23556"': "0","'N54125"': "0","'N28495"': "0","'N55281"': "0","'N38309"': "0","'N19318"': "0","'N49001"': "0","'N3344"': "0","'N41020"': "0","'N15315"': "0","'N22407"': "0"}"
6515,U17828,2019-11-13 05:36:36,"{N51591,N63015,N63248,N6056,N24073,N19494,N61347,N46091,N30450,N4786,N57742,N28576,N34669,N41172,N35607,N1066,N34574,N28576,N3615,N53141,N49904,N63726,N37915,N4593,N32312,N64955,N18845,N3395,N1322,N64838,N33132,N17349,N41633,N17387,N6484,N9248,N22222,N22519,N17214,N24578,N28852,N4190,N13847,N32742,N24346,N10843,N36557,N63971,N13727,N61324,N14349,N1328,N51089,N47508,N31802,N6342,N34476,N33197,N63855,N90,N41651,N65204,N18870,N56665,N59143,N50372,N6102,N58883,N58332,N43955,N43043,N58262,N43043,N26319,N22549,N4080,N31978}","{"'N20495"': "0","'N54666"': "0","'N35170"': "0","'N22320"': "0","'N11869"': "0","'N9734"': "0","'N51853"': "0","'N4754"': "0","'N20067"': "0","'N9720"': "0","'N3841"': "0","'N55281"': "0","'N34876"': "0","'N849"': "0","'N64734"': "0","'N52557"': "0","'N45266"': "0","'N57426"': "0","'N25881"': "0","'N20076"': "0","'N59469"': "0","'N62128"': "0","'N47061"': "0","'N24423"': "0","'N64968"': "0","'N42977"': "0","'N36184"': "0","'N13579"': "0","'N15279"': "0","'N47717"': "0","'N35233"': "0","'N17759"': "0","'N14592"': "0","'N13907"': "0","'N35047"': "0","'N6857"': "0","'N42143"': "0","'N24157"': "0","'N61623"': "0","'N61571"': "0","'N6772"': "0","'N43386"': "0","'N22230"': "0","'N34612"': "0","'N38159"': "0","'N29468"': "0","'N7121"': "1","'N25471"': "0","'N62208"': "0","'N60992"': "0","'N55050"': "0","'N28213"': "0","'N6066"': "0","'N41172"': "0","'N43460"': "0","'N14726"': "0","'N47149"': "0","'N3123"': "0","'N19444"': "0","'N19592"': "0","'N24458"': "0","'N13930"': "0","'N59673"': "0","'N19318"': "0","'N49955"': "0","'N24457"': "0","'N3663"': "0","'N36659"': "0"}"
6521,U36671,2019-11-13 16:09:25,"{}","{"'N47061"': "0","'N33831"': "0","'N23162"': "0","'N51287"': "0","'N56214"': "0","'N38215"': "0","'N59407"': "1","'N31769"': "0","'N4510"': "0","'N4247"': "0","'N14029"': "0","'N8509"': "0","'N4642"': "0","'N35273"': "0","'N13907"': "0","'N17117"': "0","'N21420"': "0","'N36261"': "0","'N64252"': "0","'N37437"': "0","'N22417"': "0","'N51048"': "0"}"
6530,U39785,2019-11-12 09:11:08,"{N19539,N3046,N10646,N14644,N2203,N46978,N49745,N16233,N871,N41376,N61070,N28774,N28921,N44559,N61217,N41954,N56447,N57737,N13480,N56778,N33276,N6156,N31748,N24356,N13137,N42526,N17796,N54936,N58638,N45288,N61388,N16715,N45994,N29395,N38585,N55743,N22545,N17050,N51184,N13057,N11005,N11348,N28074,N11005,N42057,N619,N52257,N45225,N13230,N61708,N47798,N306,N30160,N2309,N41375,N61239,N7172,N24591,N27214,N23094,N62846,N14385,N52840,N35710,N20547,N54201,N63688,N55917,N55556,N36530,N34983,N3388,N38256,N23401,N18588,N52551,N48699,N33013,N63883,N32004,N14742,N35793,N55497,N90,N23958,N16816,N14417,N50,N56086,N52555,N53713,N37509,N8148,N5615,N40649,N58649,N33981,N36424,N32268,N41090,N46857}","{"'N49180"': "1","'N32544"': "0","'N7319"': "0","'N63970"': "0","'N41020"': "0","'N33619"': "0","'N24111"': "0","'N62360"': "0"}"
6543,U49311,2019-11-14 09:05:32,"{N24073,N23000,N36526,N4259,N39117,N4020,N50032,N47765,N16290,N33969,N24721,N60340,N5193,N60530,N46392,N20592,N18275,N32978,N3542,N59704,N45794,N37811,N58264,N18693,N59360,N1258,N12194,N50299,N45335,N22397,N45809,N58744,N7376,N5554,N11508,N42435,N6531,N63258,N49568,N22455,N45994,N9803,N16969,N22161,N15642,N35829,N53118,N49524,N15204,N26714,N8448,N17769,N60763,N60607,N60184,N13374,N19183,N619,N17214,N5568,N21136,N26815,N26250,N306,N63085,N2283,N34040,N33096,N4572,N43142,N2606,N28088,N28671,N48603,N38182,N6342,N90,N32004,N49475,N33958,N33013,N33163,N8175,N57464,N5579,N28879,N50372,N381,N10867,N37091,N11545,N25712,N10040,N20766,N40509,N59380,N30295,N46845,N55645,N11708}","{"'N23446"': "0","'N40109"': "0","'N57604"': "0","'N16777"': "0","'N44698"': "0","'N23877"': "0","'N45523"': "1","'N60272"': "0","'N64095"': "0","'N28273"': "0","'N9135"': "0","'N38779"': "0","'N3064"': "0","'N10960"': "0","'N11817"': "0","'N50872"': "0","'N16439"': "0","'N45509"': "0","'N28072"': "0","'N29212"': "0","'N51570"': "0","'N8260"': "0","'N38215"': "0","'N42803"': "0","'N57081"': "1","'N47098"': "0","'N60231"': "0","'N48017"': "0","'N37673"': "0","'N38404"': "0","'N16403"': "0","'N36003"': "0","'N8029"': "0","'N17031"': "0","'N1539"': "0","'N33576"': "0","'N35393"': "1","'N31679"': "0","'N32567"': "0","'N28203"': "0","'N41387"': "0","'N12446"': "0","'N14436"': "0","'N47570"': "0","'N6477"': "0","'N36226"': "0"}"
6553,U74525,2019-11-14 13:15:30,"{N3501,N4079,N60303,N50985,N31224,N459,N28952,N20925,N16215,N1150,N11068,N58644,N26318,N6511,N18774,N51061,N719,N54496,N5672,N13096,N29924,N27612,N14644,N24734,N24127,N24691,N20633,N40508,N971,N44598,N21019,N15857,N40704,N7004,N30429,N38298,N48645,N1966,N53700,N46023,N1066,N48600,N49809,N64800,N37915,N32939,N564,N16363,N51692,N59704,N12194,N9120,N6673,N55741,N3309,N32312,N14947,N28,N52962,N40716,N60305,N52962,N53880,N63411,N20641,N2533,N5102,N26900,N30477,N2533,N16715,N24578,N63302,N8448,N29867,N32742,N51818,N34590,N6484,N9441,N43446,N60605,N10527,N4693,N32742,N61708,N58823,N48615,N64467,N8331,N8448,N11636,N2606,N59470,N33078,N25450,N817,N13927,N8448,N16770,N56775,N14655,N56199,N13935,N47479,N48356,N50346,N23106,N13117,N29420,N60671,N29802,N47508,N5270,N8073,N37820,N5106,N6342,N46081,N21680,N14742,N42362,N52303,N26179,N11484,N14006,N20575,N31025,N25999,N55897,N56011,N18106,N16308,N33532,N8519,N53017,N28614,N41863,N60364,N26179,N54300,N26319,N9836,N35671,N8170,N7938}","{"'N37204"': "1","'N6477"': "0","'N50872"': "0","'N34668"': "0","'N3841"': "0","'N39015"': "0","'N63060"': "0","'N57081"': "0","'N30648"': "0","'N12446"': "0","'N9284"': "0","'N31799"': "0","'N19050"': "0","'N9639"': "0","'N496"': "0","'N42515"': "0","'N57032"': "0"}"
6563,U79549,2019-11-14 08:59:48,"{N51591,N11461,N11056,N60833,N21242,N16566,N17211,N42937,N40736,N1150,N14115,N55468,N50074,N53387,N14343,N29021,N21746,N42517,N28467,N43134,N65201,N37563,N10646,N56499,N31177,N33247,N8269,N14340,N41089,N54420,N45189,N49702,N22007,N60485,N31193,N23890,N8845,N62055,N145,N41899,N22081,N50052,N7158,N60120,N21331,N59085,N59691,N27529,N9431,N10781,N13978,N41082,N2663,N39517,N28550,N7825,N21389,N14801,N56922,N38168,N32485,N9041,N33191,N36389,N53883,N18890,N35560,N26288,N30353,N47544,N54449,N42057,N24591,N64790,N4255,N30967,N17271,N4647,N30845,N12979,N57528,N52257,N8623,N27919,N44885,N10559,N10525,N42274,N24184,N64118,N48356,N64482,N64093,N1216,N54522,N46744,N31064,N10065,N20882,N61940,N3433,N10052,N61368,N61664,N60054,N35601,N28444,N90,N1345,N40817,N47889,N20607,N64249,N4338,N4157,N46026,N22381,N5579,N21145,N2137,N59788,N56469,N62268,N37889,N5374,N7364,N3449,N37377,N18708}","{"'N57604"': "0","'N26741"': "0","'N19195"': "0","'N7301"': "1","'N5146"': "0","'N58660"': "0","'N8242"': "0","'N17115"': "0","'N31406"': "0","'N16439"': "0","'N60550"': "0","'N31556"': "0","'N25966"': "0"}"
6567,U72168,2019-11-12 12:28:16,"{N39414,N21118,N49792,N11360,N46966,N26546,N41073,N58801,N3933,N2511,N46795,N60212,N4607,N32069,N6173,N33013,N50710,N29757,N55714}","{"'N49180"': "0","'N31029"': "0","'N64851"': "0","'N34998"': "0","'N40839"': "1","'N58363"': "0","'N6975"': "0","'N63970"': "0","'N3344"': "0","'N57754"': "0","'N62360"': "0","'N32182"': "0","'N41020"': "0","'N42634"': "0"}"
6625,U29188,2019-11-10 10:42:08,"{N39556,N50985,N55617,N42299,N3909,N31900,N5248,N3909,N14518,N31900,N44665,N42299,N17770,N64071,N43488,N20335,N12907,N28296,N24559,N4020,N40467,N20121,N44495,N63724,N38876,N10865,N9643,N38298,N57971,N24356,N23526,N56630,N48124,N59249,N59704,N38870,N32312,N39545,N16715,N33835,N47289,N24298,N11733,N44310,N57812,N19347,N26176,N8676,N8676,N12349,N54225,N16030,N10527,N48171,N41797,N32852,N55060,N25586,N306,N7898,N2309,N30160,N49364,N52840,N8896,N60936,N51702,N42620,N44732,N48697,N38171,N53161,N56223,N20757,N17303,N26713,N38092,N53161,N11254,N37509,N55449,N46185}","{"'N21882"': "0","'N61022"': "0","'N49279"': "1"}"
6659,U30022,2019-11-12 15:38:03,"{N22279,N62931,N21241,N42975,N30344,N47886,N21555,N29438,N65039,N16215,N56360,N7208,N29177,N25050,N56253,N62931,N3500,N3682,N21623,N57134,N9282,N196,N20997,N34731,N27431,N9282,N38747,N42458,N6156,N15253,N49103,N20147,N22344,N49647,N9721,N53531,N46392,N12194,N21265,N63049,N40406,N5978,N4593,N42726,N38802,N28139,N28139,N26265,N34105,N37708,N64554,N44310,N51079,N59359,N64554,N8448,N45954,N56399,N34896,N26176,N39511,N32742,N27919,N306,N60360,N62940,N14647,N54695,N63725,N138,N64467,N35926,N60491,N43142,N17070,N24326,N30448,N58391,N28088,N61563,N62009,N36892,N49400,N20513,N3264,N42137,N20522,N30806,N13532,N27526,N14761,N61210,N52551,N38105,N19414,N62714,N16190,N26009,N42128,N20619,N60604,N19660,N35813,N8258,N23196,N22817,N6785,N22976,N49475,N4607,N12761,N11267,N60300,N53733,N6225,N12283,N51161,N36453,N37377}","{"'N46607"': "0","'N20678"': "1","'N39317"': "0","'N40380"': "0","'N17059"': "1","'N64851"': "0","'N33261"': "0","'N261"': "0","'N64745"': "0"}"
6695,U38833,2019-11-10 10:03:49,"{N45182,N55368,N11703,N5163,N63878,N49083,N58067,N13427,N3348,N56034,N1570,N33816,N60651,N44520,N27230,N55927,N51934,N22990,N51661,N29650,N42299,N60949,N1365,N16124,N20698,N24691,N57660,N31106,N47597,N55239,N18268,N43983,N58891,N58928,N2399,N40947,N59321,N10818,N18599,N57582,N52413,N62290,N51124,N3176,N33251,N40217,N15296,N13137,N33704,N15578,N16363,N49728,N44099,N4567,N48263,N2923,N38967,N4069,N16420,N11011,N54827,N55277,N56922,N58383,N22787,N29874,N38758,N41460,N29742,N44962,N24084,N56753,N57760,N52196,N16364,N5951,N23732,N10671,N20886,N13404,N49098,N42620,N44732,N1919,N41281,N46818,N9890,N52486,N17419,N18766,N29917,N11345,N63991,N4917,N40442,N37250,N16560,N9632,N62391}","{"'N29989"': "0","'N59801"': "0","'N31424"': "0","'N17419"': "0","'N46666"': "0","'N58051"': "0","'N64916"': "0","'N47245"': "0","'N49279"': "0","'N64190"': "0","'N57005"': "0","'N31488"': "0","'N4034"': "0","'N49879"': "0","'N43179"': "0","'N41555"': "0","'N5905"': "0","'N37817"': "0","'N59644"': "0","'N45445"': "0","'N6960"': "0","'N33872"': "0","'N61185"': "0","'N36837"': "0","'N48578"': "0","'N44540"': "0","'N350"': "0","'N10272"': "0","'N25811"': "0","'N45428"': "0","'N64859"': "0","'N47858"': "0","'N20834"': "0","'N44123"': "0","'N29952"': "0","'N279"': "0","'N40702"': "0","'N6775"': "0","'N36348"': "1","'N28324"': "0","'N61022"': "0","'N24171"': "0","'N47889"': "0","'N30814"': "0","'N49583"': "0","'N20016"': "0","'N3792"': "0","'N8399"': "0","'N40472"': "0","'N50691"': "0","'N25546"': "0","'N16209"': "0","'N46690"': "0","'N46307"': "0","'N53245"': "0","'N22329"': "0","'N50005"': "0","'N38783"': "0"}"
6719,U75105,2019-11-09 15:04:42,"{}","{"'N51398"': "0","'N27525"': "0","'N47020"': "0","'N31679"': "0","'N65088"': "0","'N12608"': "0","'N732"': "0","'N27845"': "0","'N48015"': "0","'N26179"': "1","'N24272"': "0","'N41881"': "0","'N33734"': "0","'N37394"': "0","'N53017"': "0","'N36545"': "0","'N3930"': "0","'N59852"': "0","'N39115"': "0","'N33799"': "0","'N26278"': "0","'N43595"': "0","'N28735"': "0","'N42262"': "0","'N5442"': "0","'N18870"': "0","'N46966"': "0","'N16209"': "0","'N41178"': "0","'N8929"': "0"}"
6727,U27559,2019-11-11 07:47:12,"{N5034,N61103,N996,N45464,N20997,N43548,N33969,N54991,N53052,N43904,N17966,N46513,N34649,N37920,N15634,N61388,N29395,N23493,N15701,N14825,N812,N47838,N30698,N45954,N37857,N13912,N64834,N10053,N21514,N18173,N53432,N31165,N16030,N23105,N30160,N32049,N61535,N56596,N44877,N21259,N52840,N42620,N36530,N51613,N42342,N29802,N32938,N61166,N49475,N61428,N4809,N4717,N35749,N48715,N21281,N18360,N38895,N30924,N32004,N16976,N39798,N46846,N27150,N8878,N63062,N40442,N43595,N31172,N55449,N35458,N31996,N54168,N64273,N62853,N62391,N44357,N19545,N61074,N48445,N29813}","{"'N13801"': "0","'N27581"': "0","'N63538"': "0","'N61214"': "0","'N32437"': "0","'N6693"': "0","'N57090"': "0","'N35937"': "0","'N55689"': "0","'N65236"': "0","'N33848"': "0","'N35729"': "1"}"
6746,U64311,2019-11-11 12:31:36,"{N45589,N64920,N8485,N21623,N17403,N55189,N27676,N63276,N4830,N46978,N57537,N10865,N33969,N62718,N14167,N16623,N18109,N34863,N33120,N27501,N45443,N12367,N57260,N32939,N48516,N59289,N51396,N49387,N27154,N35547,N53033,N51692,N1322,N28115,N35022,N9803,N23949,N63411,N12676,N16715,N53884,N25677,N60605,N45954,N306,N4526,N40640,N54201,N44904,N48396,N42620,N4864,N42677,N52551,N34983,N11415,N3259,N12761,N17109,N11020,N20575,N31996,N8519,N7328,N49145,N35671,N33666,N37889,N58649,N12761,N61880,N59407}","{"'N7328"': "0","'N52667"': "0","'N17106"': "0","'N40725"': "0","'N45270"': "0","'N26262"': "1","'N42961"': "0","'N8957"': "0","'N59981"': "0","'N33964"': "1","'N20940"': "0","'N63538"': "0","'N60872"': "0","'N6099"': "0","'N64397"': "0","'N15830"': "0","'N43502"': "0","'N55689"': "0","'N33123"': "0","'N41172"': "0","'N63550"': "0","'N55936"': "0","'N59436"': "0","'N54482"': "0","'N52622"': "0","'N154"': "0","'N21707"': "0"}"
6760,U23630,2019-11-09 04:26:40,"{N45365,N10779,N62931,N20290,N58559,N31046,N57580,N21771,N32585,N20121,N61864,N54612,N53531,N61681,N13231,N51777,N47020,N47020,N62546,N47020,N40640,N41375,N32069,N23969,N47020,N47020,N48742,N64273,N14522}","{"'N25764"': "0","'N5442"': "0","'N51398"': "0","'N23760"': "0","'N27845"': "0","'N24272"': "0","'N60374"': "0","'N39115"': "0","'N41881"': "1","'N41178"': "0"}"
6762,U23846,2019-11-11 12:17:12,"{N58641,N33276,N21789,N26627,N63180,N619,N63302,N54842,N46795,N22260,N8258,N60702,N35369,N46846,N28879,N12732,N21020,N49040,N27922,N40817,N27583,N36615,N26319}","{"'N154"': "0","'N63538"': "1","'N20018"': "0","'N4936"': "0","'N42961"': "0","'N9139"': "0","'N22442"': "0","'N56598"': "0","'N10688"': "0","'N59981"': "0","'N45270"': "0","'N30108"': "1","'N8957"': "0","'N57713"': "0","'N6099"': "0","'N33964"': "0","'N55689"': "0","'N55204"': "0","'N60872"': "0","'N41172"': "0","'N13259"': "0","'N13730"': "0","'N3697"': "0","'N40725"': "0","'N14652"': "0","'N43502"': "0","'N52622"': "0","'N21707"': "0","'N63550"': "1","'N46029"': "0","'N29128"': "0","'N103"': "0","'N59436"': "0"}"
6766,U939,2019-11-11 16:23:25,"{N1150,N10629,N44251,N47558,N21598,N23593,N55283,N51664,N835,N12375,N64233,N43552,N22185,N22887,N29021,N35518,N27628,N27953,N6405,N52109,N11497,N46039,N61550,N52088,N64039,N21604,N24778,N15018,N37367,N8046,N31065,N5440,N33622,N59231,N5547,N13779,N44014,N57255,N56447,N64408,N46920,N30180,N55667,N41997,N18777,N63554,N49359,N35218,N10410,N34087,N49111,N37023,N33969,N31906,N39627,N36934,N27721,N49731,N46194,N20792,N51180,N187,N4415,N41520,N56175,N49903,N15598,N34399,N50784,N29451,N57296,N27113,N32676,N37621,N30531,N35022,N5486,N9533,N10897,N63811,N23653,N34140,N34593,N58733,N24591,N51230,N38014,N34323,N619,N63656,N38701,N23864,N27877,N17542,N60895,N29867,N23035,N41241,N54655,N62940,N11327,N63779,N48615,N306,N8896,N35710,N39407,N39670,N63688,N64186,N7000,N5325,N51089,N38256,N27452,N26333,N33013,N53901,N20457,N53750,N4912,N5201,N15023,N47889,N48742,N59576,N48243,N31371,N3128,N8555,N26319,N13303,N62344,N29857,N41449,N20729,N15053,N46845,N6926,N1408}","{"'N25428"': "0","'N13930"': "0","'N61623"': "0","'N56598"': "0","'N5980"': "0","'N53630"': "0","'N55204"': "0","'N20811"': "0","'N34724"': "0","'N5905"': "0","'N12028"': "0","'N58553"': "0","'N44030"': "0","'N57456"': "0","'N5370"': "0","'N45660"': "0","'N36712"': "0","'N3128"': "0","'N26940"': "0","'N11363"': "0","'N2952"': "0","'N61549"': "0","'N57342"': "0","'N3894"': "0","'N45366"': "0","'N47981"': "0","'N64816"': "0","'N2"': "0","'N3541"': "0","'N22664"': "0","'N41578"': "0","'N54274"': "0","'N4936"': "0","'N3697"': "0","'N61392"': "0","'N20486"': "0","'N25953"': "0","'N61408"': "0","'N42597"': "0","'N53696"': "0","'N555"': "0","'N3474"': "0","'N707"': "0","'N5075"': "0","'N42272"': "0","'N27966"': "0","'N12083"': "0","'N35272"': "0","'N38566"': "0","'N65036"': "1","'N23784"': "0","'N2350"': "0","'N37199"': "0","'N23081"': "0","'N57809"': "0","'N56517"': "0","'N15830"': "0","'N60872"': "0","'N46370"': "0","'N42961"': "0","'N51815"': "0","'N14652"': "0","'N43496"': "0","'N47229"': "0","'N39601"': "0","'N30518"': "0","'N54482"': "0","'N47747"': "0","'N35776"': "0","'N62212"': "0","'N33619"': "0","'N12800"': "0","'N33848"': "0","'N15761"': "0","'N46526"': "0","'N23414"': "0","'N10688"': "0","'N5091"': "0","'N5587"': "0","'N61117"': "0","'N241"': "0","'N49935"': "0","'N64009"': "0","'N24985"': "0","'N22457"': "0","'N11768"': "0","'N39461"': "0","'N42144"': "0","'N43587"': "0","'N57402"': "0","'N43648"': "0","'N20729"': "0","'N63328"': "0","'N43415"': "0","'N38488"': "0","'N46992"': "0","'N49240"': "0","'N27101"': "0","'N21119"': "0","'N47006"': "0","'N51587"': "0","'N26376"': "0","'N51506"': "0","'N52622"': "0","'N6926"': "0","'N9763"': "0","'N13689"': "0","'N3737"': "0","'N13816"': "0","'N29536"': "0","'N28837"': "0","'N51241"': "0","'N40065"': "0","'N10108"': "0","'N53585"': "0","'N54489"': "0","'N12085"': "0","'N41222"': "0","'N46029"': "0","'N20112"': "0","'N39978"': "0","'N59761"': "0","'N1355"': "0","'N7128"': "0","'N53054"': "0","'N40468"': "0","'N28132"': "0","'N43992"': "0","'N49777"': "0","'N32923"': "0","'N60186"': "0","'N21840"': "0","'N59450"': "0","'N52782"': "0","'N28324"': "0","'N1920"': "0","'N55689"': "0","'N30108"': "0","'N43789"': "0","'N16504"': "0","'N16920"': "0","'N29128"': "0","'N64117"': "0","'N9139"': "0","'N39587"': "0","'N39949"': "0","'N3821"': "0","'N43502"': "0","'N25377"': "0","'N23174"': "0","'N51210"': "0","'N39844"': "0","'N29715"': "0","'N52294"': "0","'N24180"': "0","'N63553"': "0","'N28405"': "0","'N8191"': "0","'N32087"': "0","'N1914"': "0","'N18801"': "0","'N60272"': "0","'N24686"': "0","'N7313"': "0","'N13259"': "0","'N15462"': "1","'N12363"': "0","'N57713"': "0","'N12280"': "0","'N31980"': "0","'N64228"': "0","'N16096"': "0","'N26130"': "0","'N6099"': "0","'N15855"': "0","'N25587"': "0","'N35738"': "0","'N45616"': "0","'N15132"': "0","'N42039"': "0","'N4247"': "0","'N7041"': "0","'N9869"': "0","'N52474"': "0","'N37781"': "0","'N62416"': "0","'N65118"': "0","'N24550"': "0","'N3506"': "0","'N46597"': "0","'N40431"': "0"}"
6802,U78871,2019-11-13 06:25:53,"{N50698,N6233,N18663,N46392,N3309,N42726,N11818,N61267,N13138,N17303,N27526,N10814}","{"'N42977"': "0","'N60992"': "0","'N35170"': "1","'N13907"': "0","'N47061"': "0","'N45266"': "0","'N20076"': "0","'N62128"': "0"}"
6822,U56128,2019-11-11 10:48:21,"{}","{"'N52294"': "0","'N154"': "0","'N1914"': "0","'N42961"': "0","'N6099"': "0","'N59436"': "0","'N2878"': "0","'N55689"': "0","'N33964"': "0","'N36712"': "0","'N10688"': "0","'N35729"': "0","'N46845"': "0","'N48572"': "0","'N49279"': "0","'N63550"': "0","'N63293"': "0","'N24301"': "0","'N7130"': "0","'N19542"': "0","'N64009"': "0","'N59981"': "0","'N39765"': "0","'N53585"': "0","'N52622"': "1","'N45616"': "0","'N50302"': "0","'N3541"': "0","'N30998"': "0","'N51346"': "0","'N30100"': "0","'N103"': "0","'N24550"': "0","'N8957"': "0","'N21707"': "0","'N41506"': "0","'N60186"': "0","'N39949"': "0","'N54489"': "0","'N40725"': "0","'N63538"': "0","'N54988"': "0","'N5370"': "0"}"
6849,U29176,2019-11-13 16:34:58,"{N5359,N61217,N44791,N36053,N30662,N15549,N58283,N51238,N56630,N38046,N2306,N58775,N50748,N29276,N54422,N35560,N712,N11767,N42358,N40526,N9003,N26504,N40201,N23539,N62124,N57083,N14952,N40640,N31882,N35926,N43595,N18378,N43142,N58232,N21817,N15788,N45695,N42313,N42637,N18870,N52921,N13636,N13337,N26376,N40734,N5527}","{"'N33831"': "0","'N50288"': "0","'N5364"': "0","'N23162"': "0","'N31448"': "0","'N17117"': "0","'N10746"': "0","'N36351"': "0","'N37437"': "0","'N4404"': "0","'N4642"': "0","'N22029"': "0","'N36261"': "0","'N48705"': "0","'N38138"': "0","'N48684"': "0","'N43301"': "0","'N21420"': "0","'N28398"': "0","'N14029"': "0","'N64305"': "0","'N8509"': "0","'N21128"': "0","'N51048"': "1","'N29801"': "0","'N23864"': "0","'N19444"': "0","'N3431"': "0","'N41612"': "0","'N26262"': "0","'N22301"': "0","'N35273"': "0","'N17865"': "0","'N22417"': "0","'N14547"': "1","'N4510"': "0","'N51954"': "0","'N8084"': "0","'N64252"': "0","'N24376"': "0","'N33005"': "0","'N38215"': "0","'N51917"': "0","'N28899"': "0","'N26233"': "0","'N45509"': "0","'N58114"': "0","'N36186"': "0","'N56214"': "0","'N25163"': "0","'N7618"': "0","'N51287"': "0","'N35047"': "0"}"
6855,U45504,2019-11-12 18:56:05,"{N39556,N49061,N47438,N54377,N22570,N7201,N17953,N61864,N47649,N31193,N48614,N8845,N61030,N61005,N28144,N61277,N42281,N64661,N5551,N47020,N47020,N23493,N37182,N24346,N7080,N7201,N62545,N63496,N42526,N12349,N43327,N43142,N47020,N62501,N17303,N42313,N1843,N7943,N56324,N55024,N46818,N14761,N42128,N2078,N47020,N41651,N25608,N18321,N17629}","{"'N33677"': "0","'N33885"': "1","'N20678"': "0","'N7821"': "0","'N17059"': "0","'N12029"': "0","'N42977"': "0"}"
6860,U31230,2019-11-14 12:41:03,"{N6107,N65066,N42458,N60844,N44402,N42526,N40704,N9798,N46513,N44796,N637,N60184,N47175,N56240,N8448,N26210,N63180,N63436,N51089,N21778,N34236,N60611,N8143,N48755,N26364,N60212,N14349,N32004,N18870,N3306,N3566,N43202,N15303,N15023}","{"'N19661"': "0","'N44698"': "0","'N34185"': "1","'N38779"': "0","'N41387"': "0","'N18529"': "0","'N23446"': "0","'N62318"': "0","'N1539"': "0","'N29212"': "0","'N6837"': "0","'N25165"': "0","'N6477"': "0","'N50872"': "0","'N45523"': "1","'N52867"': "0","'N53515"': "0"}"
6864,U8819,2019-11-14 13:08:41,"{N12889,N6511,N27676,N5573,N6156,N56514,N37811,N12267,N62479,N29276,N41633,N31801,N619,N60360,N30160,N41797,N56889,N37748,N38171,N46846,N18132}","{"'N50872"': "0","'N1952"': "1"}"
6866,U12736,2019-11-14 12:15:43,"{N11282,N55189,N10059,N4893,N16233,N10575,N60350,N44559,N46978,N16290,N47765,N56742,N60184,N63469,N24368,N5938,N27164,N19434,N31801,N5568,N24243,N306,N37075,N15442,N227,N43142,N25450,N35710,N14655,N42620,N63573,N52551,N60028,N11653,N26364,N6616,N48715,N34564,N49475,N32004,N8258,N4607,N60212,N30680,N6218,N37509,N53057,N26179,N35671,N59451}","{"'N10960"': "0","'N23814"': "0","'N19661"': "0","'N41387"': "0","'N60799"': "0","'N29212"': "0","'N45523"': "1","'N44698"': "0","'N6837"': "0","'N36226"': "0","'N6477"': "0","'N18529"': "0","'N61595"': "0","'N25165"': "0","'N1539"': "0","'N62318"': "0","'N7129"': "0","'N53515"': "0","'N38779"': "0","'N50872"': "0","'N23446"': "0","'N51424"': "1"}"
6873,U88112,2019-11-12 10:29:14,"{N37131,N90,N32069,N18583,N32039,N49040,N46811}","{"'N31947"': "0","'N7319"': "0","'N63970"': "1","'N33619"': "0","'N62360"': "0","'N32182"': "0","'N17069"': "0","'N16096"': "0","'N25471"': "0","'N32544"': "0","'N58363"': "0","'N40839"': "0","'N3344"': "0","'N24111"': "0","'N62386"': "0","'N45551"': "0","'N41020"': "0","'N42634"': "0","'N64734"': "0","'N49180"': "0"}"
6877,U63779,2019-11-13 07:06:30,"{N6817,N55189,N27953,N28467,N39041,N16874,N40837,N44942,N28833,N33969,N43295,N46133,N53137,N39235,N13137,N11101,N64661,N29086,N60046,N264,N12194,N45794,N31402,N434,N13963,N58090,N3817,N55743,N51184,N63526,N30160,N32852,N47719,N62501,N12349,N30448,N54469,N56596,N2511,N8903,N4970,N35793,N7328,N61081,N43202,N55449,N13636,N40509,N22816,N24365,N33947}","{"'N42977"': "0","'N35170"': "0","'N48063"': "0","'N13907"': "0","'N62128"': "0","'N35233"': "0","'N59673"': "0","'N60992"': "0","'N59272"': "0","'N38159"': "0","'N28213"': "0","'N14592"': "1","'N45266"': "0","'N47061"': "0","'N13579"': "0","'N34876"': "0","'N20076"': "0"}"
6884,U13887,2019-11-09 09:22:52,"{N548,N26760,N57582,N10107,N35847,N57582,N46826,N28449,N46984,N1825,N40716,N62634,N23653,N63258,N56514,N26900,N18714,N58264,N31801,N60585,N56390,N36557,N40944,N30160,N62846,N33096,N38332,N35710,N3264,N14792,N15761,N16344,N32705,N45428}","{"'N41881"': "1","'N27845"': "0","'N51398"': "0"}"
6900,U72401,2019-11-13 16:44:34,"{}","{"'N36261"': "0","'N21420"': "1","'N37437"': "0","'N48705"': "0","'N4404"': "0","'N51048"': "1","'N51287"': "0","'N4642"': "0","'N64252"': "0","'N56214"': "0","'N4510"': "0","'N14029"': "0","'N38215"': "0"}"
6988,U464,2019-11-14 10:36:46,"{N59193,N30389,N19494,N38311,N46064,N6056,N8547,N16497,N58264,N26262,N64777,N34997,N59496,N54612,N39235,N10417,N49134,N18285,N21789,N26026,N62714,N47207,N63063,N53872,N36530,N42620,N30531,N7242,N26880,N63855,N62058,N17589,N32799,N19495,N4151,N55911,N14349,N50372,N2994,N46655,N46804,N54300,N17009,N54571,N40509,N31978,N6225,N26319}","{"'N9135"': "0","'N36003"': "0","'N44698"': "0","'N54752"': "0","'N42803"': "0","'N17031"': "0","'N61429"': "0","'N47098"': "0","'N35393"': "0","'N496"': "1","'N37673"': "0","'N41387"': "0","'N10960"': "0","'N50872"': "0","'N24109"': "0","'N36226"': "0","'N31679"': "0"}"
7016,U41688,2019-11-13 07:38:10,"{N49479,N36739,N39813,N1746,N15034,N57538,N28058,N36083,N17007,N54842,N306,N42297,N42267,N60491,N3471,N44060,N27588,N21984,N1730,N27484,N62302,N16922,N25820}","{"'N64734"': "0","'N287"': "0","'N28213"': "0","'N38159"': "0","'N25444"': "0","'N34876"': "0","'N3841"': "0","'N35170"': "1","'N53848"': "0","'N47061"': "0","'N59272"': "0","'N35233"': "0","'N13907"': "0","'N41172"': "0","'N51048"': "0","'N48063"': "0","'N59673"': "0","'N62128"': "0","'N60992"': "0","'N53886"': "1","'N14592"': "0","'N35047"': "0","'N50004"': "0"}"
7022,U11984,2019-11-12 19:56:42,"{N39074,N3501,N31457,N61864,N3493,N25971,N29718,N25941,N56031,N58283,N1195,N24724,N10059,N30665,N38190,N22990,N5489,N1445,N55189,N33683,N29924,N60206,N49745,N16233,N52049,N33617,N44942,N15924,N37120,N54959,N25247,N8152,N42946,N63554,N13669,N37771,N34537,N44399,N21598,N30662,N4536,N49065,N31193,N54822,N7606,N28144,N25577,N16052,N59496,N32109,N1842,N20955,N57971,N64137,N9034,N51238,N19917,N22141,N47822,N1169,N5978,N477,N60699,N23653,N61388,N17390,N32027,N29361,N7818,N24298,N9317,N40442,N32482,N21020,N8148}","{"'N51954"': "0","'N58241"': "0","'N20915"': "0","'N27560"': "0","'N16096"': "0","'N19592"': "0","'N36436"': "1","'N42977"': "0","'N33240"': "0","'N1680"': "0","'N33677"': "0","'N7821"': "1","'N4754"': "0","'N6772"': "0","'N15803"': "0","'N35306"': "1","'N12029"': "0","'N36599"': "0","'N26262"': "0","'N15289"': "0","'N62386"': "0","'N44422"': "0","'N17059"': "0","'N11363"': "1","'N33885"': "0","'N7419"': "0"}"
7066,U86256,2019-11-12 13:42:23,"{N64716,N17401,N12900,N36133,N29669,N29177,N62429,N44251,N44579,N33454,N6233,N39117,N33969,N5290,N8845,N27911,N33276,N34172,N27395,N18094,N32109,N22184,N30867,N64387,N49731,N30199,N45794,N9120,N62479,N5856,N52536,N61708,N33096,N42620,N39733,N51018,N6616,N16416,N64309,N50,N27296,N25078,N15670,N55911,N11143,N56086,N64836,N2003,N45269,N60681,N16043,N27922,N18106,N5903}","{"'N21753"': "0","'N22339"': "0","'N42634"': "0","'N63970"': "0","'N49180"': "0","'N26262"': "0","'N12493"': "0","'N32010"': "0","'N57754"': "0","'N16096"': "0","'N64851"': "0","'N32544"': "0","'N56243"': "0","'N30920"': "0","'N3344"': "0","'N58363"': "0","'N33212"': "0","'N45905"': "0","'N3123"': "1","'N40839"': "0","'N62386"': "0"}"
7091,U23841,2019-11-14 14:16:07,"{N46330,N10340,N50800,N29438,N42289,N58641,N986,N39241,N45794,N17966,N48497,N59704,N2805,N23653,N61388,N40692,N6864,N9116,N11005,N54225,N40640,N306,N31335,N10559,N28011,N21817,N13138,N51001,N52551,N37784,N55911,N41244}","{"'N16439"': "0","'N62750"': "0","'N42076"': "0","'N47572"': "0","'N60799"': "0","'N20793"': "0","'N9047"': "0","'N54752"': "0","'N52294"': "0","'N7965"': "0","'N62894"': "0","'N46452"': "0","'N36408"': "1","'N57311"': "0","'N29212"': "0","'N37204"': "0","'N37338"': "0","'N31679"': "0","'N39949"': "0","'N57733"': "0","'N21077"': "0","'N28918"': "0","'N48416"': "0","'N31289"': "0","'N55275"': "0","'N62563"': "0","'N1573"': "0","'N20413"': "0","'N57032"': "0","'N4021"': "0","'N36612"': "0","'N12029"': "0","'N58264"': "0","'N37793"': "0","'N15807"': "0","'N48487"': "0","'N23767"': "0","'N5695"': "0","'N40109"': "0","'N57081"': "0","'N247"': "0","'N63014"': "0","'N38215"': "0","'N38697"': "0","'N3380"': "0","'N23089"': "0","'N52274"': "0","'N8373"': "0","'N35576"': "0","'N3841"': "0","'N25491"': "0","'N32567"': "0","'N58848"': "0","'N64543"': "0","'N9944"': "0","'N28072"': "0","'N23008"': "0","'N3726"': "0","'N23446"': "0","'N26918"': "0","'N62001"': "0","'N4404"': "0","'N19050"': "0","'N1228"': "0","'N38306"': "0","'N19318"': "0","'N39015"': "0","'N7494"': "0","'N32015"': "0","'N46736"': "0","'N34185"': "0","'N38797"': "0","'N23547"': "0","'N61740"': "0","'N55723"': "0","'N38442"': "0","'N9284"': "0","'N52424"': "0","'N38311"': "0","'N6837"': "0","'N13056"': "0","'N52312"': "0","'N45523"': "0","'N60186"': "0","'N41165"': "0","'N47087"': "0","'N29805"': "0","'N57818"': "0","'N59501"': "0","'N35773"': "0","'N59267"': "0","'N3415"': "0","'N62318"': "0","'N38779"': "0","'N36226"': "0","'N49955"': "0","'N59761"': "0","'N7618"': "0","'N25165"': "0","'N20676"': "0","'N15052"': "0","'N61595"': "0","'N27737"': "1","'N34869"': "0","'N17628"': "0"}"
7114,U72186,2019-11-13 14:38:02,"{N51635,N41420,N46039,N10502,N57812,N16688,N30077,N47020,N44245}","{"'N50014"': "0","'N36659"': "0","'N59170"': "0","'N49956"': "0","'N4107"': "0","'N33885"': "0","'N47205"': "0","'N31147"': "0","'N29065"': "0","'N33831"': "0","'N3663"': "0","'N56652"': "0","'N18689"': "0","'N64096"': "0","'N64840"': "0","'N35847"': "0","'N52997"': "0","'N47020"': "0","'N18406"': "0","'N166"': "0","'N37497"': "0","'N20134"': "0","'N32798"': "0","'N33"': "0","'N33212"': "0","'N26376"': "0","'N20495"': "0","'N58363"': "0","'N62894"': "0","'N54125"': "1","'N61032"': "0","'N39317"': "0","'N24171"': "0","'N22320"': "0","'N17759"': "0","'N16291"': "0","'N16804"': "0","'N34579"': "0","'N19903"': "0","'N42544"': "0","'N26909"': "0","'N21710"': "0","'N13471"': "0","'N12656"': "0","'N29340"': "0","'N36016"': "0","'N31556"': "0","'N6219"': "0","'N42977"': "0","'N13930"': "0","'N53201"': "0","'N48950"': "0","'N25561"': "0","'N52752"': "0","'N8029"': "0","'N48920"': "0","'N21753"': "0","'N15279"': "0","'N15784"': "0","'N62049"': "0","'N18573"': "0","'N27936"': "0","'N14184"': "0","'N62366"': "0","'N35767"': "0","'N36638"': "0","'N51493"': "0","'N6767"': "0","'N55050"': "0","'N29152"': "0","'N13288"': "0","'N61950"': "0","'N20067"': "0","'N27826"': "0","'N58813"': "0","'N59685"': "0","'N50138"': "0"}"
7115,U30284,2019-11-09 19:35:50,"{N22279,N39074,N20263,N39690,N10977,N50985,N24002,N24889,N64408,N51076,N24889,N20335,N2203,N5056,N6233,N19580,N32483,N19638,N56403,N55195,N46082,N28226,N57582,N43725,N47729,N30867,N46984,N42418,N12096,N42418,N24356,N13137,N9226,N22561,N52027,N59763,N54889,N45794,N53033,N54974,N37811,N477,N4868,N22646,N39374,N27428,N7376,N42726,N22614,N9803,N24689,N42470,N35560,N34105,N6655,N30353,N1766,N32836,N56753,N1398,N34140,N19347,N48558,N26176,N18285,N28074,N51818,N54225,N18285,N17351,N54225,N306,N42267,N16421,N25258,N14761,N46818,N17474,N61181,N62302,N51330,N34564,N23958,N21317,N42781,N16244,N42781,N62853,N10470,N17266,N54980,N50839,N54536,N8148,N31996,N46811,N46811,N6767,N5527,N59451,N3491}","{"'N65185"': "1","'N47020"': "0","'N1034"': "0"}"
7116,U74171,2019-11-14 08:23:20,"{}","{"'N16148"': "0","'N56211"': "0","'N16777"': "0","'N50601"': "0","'N37673"': "0","'N10960"': "0","'N43275"': "0","'N8373"': "0","'N24109"': "0","'N47098"': "0","'N6477"': "0","'N44698"': "0","'N59267"': "1","'N25966"': "0","'N38215"': "0","'N47572"': "0","'N31753"': "0","'N50872"': "0","'N29212"': "0","'N23446"': "0","'N44145"': "1","'N3415"': "0","'N38442"': "0","'N23877"': "0","'N38779"': "0","'N31679"': "0","'N41387"': "0","'N25165"': "0","'N40109"': "0"}"
7121,U29092,2019-11-14 04:53:36,"{N22279,N52097,N58226,N13384,N2189,N4978,N700,N4978,N55743,N46662,N38082,N4757,N18774,N22499,N52470,N57812,N22404,N8448,N55266,N63167,N61267,N619,N13364,N14785,N17070,N62714,N52551,N18870,N3778,N60212,N41218,N23084,N14114,N13539}","{"'N51970"': "0","'N33005"': "0","'N29739"': "0","'N6066"': "0","'N30920"': "0","'N45317"': "0","'N61760"': "0","'N50014"': "0","'N40559"': "0","'N30071"': "0","'N23749"': "0","'N51570"': "0","'N38695"': "1","'N11769"': "0","'N14535"': "0","'N21701"': "0","'N496"': "1","'N32854"': "0","'N22257"': "0","'N59138"': "0","'N47098"': "0","'N16148"': "0","'N40109"': "1","'N16804"': "0","'N43487"': "0","'N59685"': "1","'N31027"': "0","'N16844"': "0","'N50872"': "0","'N50471"': "0","'N48875"': "0","'N50288"': "0","'N41697"': "0","'N11817"': "0","'N35387"': "0","'N51954"': "0","'N13930"': "0","'N3415"': "0","'N33831"': "0","'N10960"': "0","'N25163"': "0","'N45509"': "0"}"
7168,U91913,2019-11-13 12:56:27,"{N21383,N13304,N51844,N28376,N871,N58918,N15018,N10235,N57524,N7563,N34731,N65169,N31801,N34419,N48912,N11611,N34069,N33810,N17463,N10843,N14385,N26682,N44702,N28088,N8239,N9056,N63688,N8448,N48699,N47277,N6616,N49475}","{"'N23942"': "0","'N21712"': "0","'N47061"': "0","'N38215"': "1","'N15719"': "0","'N11769"': "1","'N31050"': "0","'N51048"': "0","'N63796"': "0","'N20746"': "0","'N41172"': "0","'N8347"': "0","'N4510"': "0","'N36638"': "0","'N28523"': "1","'N21128"': "0","'N26262"': "1","'N41511"': "0","'N14029"': "0","'N59088"': "0","'N13981"': "0","'N17117"': "0","'N36660"': "0","'N23134"': "0","'N56214"': "0","'N60619"': "0","'N22417"': "0","'N37753"': "0","'N33831"': "0","'N40438"': "0","'N50415"': "0","'N3123"': "0","'N57426"': "0","'N7618"': "0","'N38808"': "0","'N36261"': "0","'N29468"': "0","'N21420"': "0","'N57713"': "0","'N49483"': "0","'N8509"': "0","'N45742"': "0","'N13907"': "0"}"
7173,U18259,2019-11-13 12:04:37,"{N48582,N14414,N22561,N38143,N40704,N36270,N59704,N12857,N63302,N61342,N13374,N47847,N43142,N33096,N8331,N18503,N28088,N35710,N61181,N14526,N26364,N3933,N1939,N20392,N32004,N13204,N10470,N36754,N3566,N54980,N32705,N63810,N43195}","{"'N4913"': "0","'N47061"': "0","'N21420"': "0","'N13907"': "0","'N7618"': "0","'N33501"': "0","'N4510"': "0","'N23184"': "0","'N51048"': "0","'N19592"': "0","'N22417"': "0","'N53180"': "0","'N39010"': "0","'N39774"': "0","'N61032"': "0","'N50415"': "0","'N20746"': "0","'N49514"': "0","'N36660"': "0","'N15719"': "0","'N14029"': "0","'N38695"': "1"}"
7174,U69355,2019-11-13 13:05:15,"{N33276,N1603,N51692,N885,N2550}","{"'N21128"': "0","'N4642"': "0","'N36261"': "0","'N13907"': "0","'N26262"': "0","'N26795"': "0","'N14029"': "0","'N20746"': "0","'N36660"': "0","'N49514"': "0","'N15719"': "0","'N22417"': "0","'N50415"': "0","'N51048"': "0","'N46477"': "1","'N58656"': "0","'N8084"': "0","'N17117"': "0","'N32211"': "0","'N38215"': "0","'N57426"': "0","'N56214"': "0","'N7618"': "0","'N15810"': "0","'N21420"': "0","'N8509"': "0","'N47061"': "0","'N4510"': "0"}"
7197,U17973,2019-11-10 20:44:14,"{N49478,N17157,N23979,N33513,N871,N6233,N19561,N23119,N54267,N9155,N62396,N15300,N57491,N62746,N49731,N9798,N22614,N1000,N23653,N36817,N24346,N18445,N34797,N26714,N24368,N18590,N35560,N51491,N43142,N51942,N48135,N21817,N25915,N28088,N27596,N12244,N48356,N5270,N6831,N23901,N33800,N30187,N3433,N43846,N16796,N38311,N41244,N20291,N20136,N32946,N3930,N53017,N6767}","{"'N46258"': "0","'N46309"': "0","'N17307"': "0","'N21758"': "0","'N28047"': "0","'N56061"': "1","'N47067"': "0","'N15194"': "0","'N26706"': "0","'N15224"': "0","'N59693"': "0","'N29128"': "0","'N25546"': "0","'N45375"': "0","'N43492"': "0","'N64513"': "0","'N62093"': "0","'N40495"': "0","'N50060"': "0","'N54274"': "0","'N36703"': "0","'N18823"': "0","'N29341"': "0","'N26952"': "0","'N38691"': "0","'N990"': "0","'N55186"': "0","'N64542"': "0","'N23184"': "0","'N3128"': "0","'N26179"': "0","'N43309"': "0","'N37533"': "0","'N18405"': "0","'N7840"': "0","'N49685"': "0"}"
7212,U72280,2019-11-12 16:24:10,"{N19594,N14734,N62931,N20044,N45354,N32661,N10200,N56426,N33649,N37878,N14343,N14570,N30269,N25956,N16182,N46770,N46114,N31430,N24724,N24724,N11291,N54932,N65201,N47558,N30709,N22990,N5672,N31177,N48184,N3345,N56663,N63221,N11650,N57524,N26349,N16233,N25280,N23000,N16606,N27907,N447,N57073,N46987,N28419,N32670,N996,N29975,N32850,N54751,N38876,N33224,N4440,N6185,N45160,N51136,N58597,N4355,N15634,N41351,N22772,N24025,N50513,N54822,N43347,N27096,N62565,N12613,N19638,N41970,N54367,N19594,N593,N35420,N37752,N7044,N28144,N33258,N2237,N1479,N15539,N23755,N43807,N29782,N23439,N52625,N23755,N22732,N64137,N8572,N9863,N41899,N46151,N3258,N7171,N35820,N48983,N25549,N45250,N754,N40704,N15296,N46827,N37127,N48600,N29368,N43475,N59763,N33506,N47143,N32424,N45291,N29086,N16292,N5626,N59704,N62703,N42726,N2464,N264,N9120,N7812,N29736,N33151,N52497,N2576,N61837,N44369,N39343,N53883,N20583,N54101,N19658,N35290,N64014,N6163,N14984,N45994,N63411,N11116,N35765,N50370,N36083,N8448,N28238,N8569,N42415,N58157,N61678,N41579,N28586,N56794,N42394,N9459,N43446,N39520,N3520,N10952,N63656,N19347,N18656,N29358,N16662,N28171,N11882,N3267,N27150,N4777,N37934,N23116,N48918,N42528,N47482,N26861,N47302,N10671,N54704,N38776,N65162,N8448,N48603,N2606,N14689,N51873,N16217,N4233,N11671,N64163,N53716,N60989,N21615,N52551,N16724,N3062,N24733,N10237,N13312,N16239,N36770,N38166,N25378,N2912,N47669,N6226,N63586,N65087,N38058,N41244,N40254,N1247,N25306,N12576,N57552,N60239,N63081,N4456,N41673,N35385,N6157,N45857,N12158,N38660,N11020,N33532,N63074,N14783,N11545,N11545,N15117,N62258,N47196,N31883,N40785,N40444,N54490,N5515,N33981,N60291,N37746,N25076,N509}","{"'N17081"': "0","'N39269"': "0","'N36184"': "0","'N57132"': "0","'N21741"': "0","'N17059"': "0","'N19318"': "0","'N25624"': "0","'N45313"': "0","'N20915"': "0","'N61822"': "0","'N55132"': "0","'N33150"': "0","'N61497"': "0","'N14711"': "0","'N40565"': "0","'N13932"': "0","'N61878"': "0","'N3123"': "0","'N4241"': "0","'N59469"': "0","'N24171"': "0","'N7821"': "0","'N41533"': "0","'N33623"': "0","'N9215"': "0","'N30475"': "0","'N14726"': "0","'N12995"': "0","'N28495"': "0","'N19444"': "0","'N926"': "0","'N19924"': "0","'N64152"': "0","'N6767"': "0","'N22407"': "0","'N5688"': "0","'N5146"': "0","'N51808"': "0","'N58114"': "0","'N17759"': "0","'N61566"': "0","'N33261"': "1","'N14592"': "0","'N7419"': "0","'N7466"': "0","'N8114"': "0","'N29468"': "0","'N64094"': "0","'N16096"': "0"}"
7218,U45968,2019-11-13 15:46:58,"{N59283,N26382,N8794,N52545,N38491,N3917,N39074,N459,N63875,N24677,N8548,N55039,N31224,N3908,N45354,N22469,N24749,N26501,N5163,N50035,N23979,N26136,N46911,N5696,N1150,N29177,N39816,N32942,N29680,N35518,N47069,N60882,N10340,N57068,N62451,N44251,N3522,N14629,N6167,N9824,N16158,N21623,N55846,N19152,N986,N62006,N6233,N28296,N59754,N57255,N39117,N7875,N65169,N46990,N49531,N50258,N8000,N13399,N61864,N62290,N33276,N56778,N39235,N41899,N38298,N22594,N55469,N4443,N46151,N64074,N17102,N28822,N32109,N11101,N43132,N17796,N13137,N12367,N16363,N37915,N43903,N27154,N52497,N59085,N30564,N32690,N1258,N5663,N6441,N18845,N40716,N35477,N35022,N62703,N57421,N21576,N18390,N10897,N37920,N21389,N22455,N16715,N39577,N23352,N62313,N29130,N42947,N18543,N28455,N49380,N59884,N48325,N5521,N54101,N31134,N29361,N24298,N25285,N4530,N42057,N62445,N60919,N24591,N56618,N48082,N48276,N38701,N63889,N11005,N62546,N15521,N27919,N30785,N306,N36557,N39670,N63112,N2606,N35710,N42620,N1429,N13429,N24728,N15533,N22734,N60212,N41218,N50372,N37663,N37509,N8555}","{"'N35273"': "0","'N13981"': "0","'N13907"': "0","'N8509"': "0","'N22417"': "0","'N17865"': "0","'N51287"': "0","'N21420"': "0","'N63106"': "0","'N6059"': "0","'N55455"': "0","'N64252"': "0","'N16148"': "1","'N36261"': "0","'N47061"': "0","'N10746"': "1","'N38215"': "0","'N40130"': "0","'N4510"': "0","'N14029"': "0","'N33831"': "0","'N60550"': "0","'N56214"': "0","'N17117"': "0","'N51048"': "0","'N51195"': "0","'N37437"': "0"}"
7226,U60176,2019-11-12 10:15:09,"{N32203,N64387,N1842,N8226,N58264,N32402,N2186,N36398,N39221,N19845,N24593}","{"'N20015"': "0","'N3841"': "1","'N64734"': "0","'N31978"': "0","'N46810"': "0","'N45551"': "0","'N52180"': "0","'N63970"': "0","'N61408"': "0","'N32182"': "0","'N40839"': "0","'N40468"': "0","'N34998"': "0","'N31395"': "0","'N57319"': "0","'N54666"': "0","'N21741"': "0","'N12706"': "0","'N48077"': "0","'N7319"': "0","'N58363"': "0","'N32544"': "0","'N23547"': "0","'N49180"': "0","'N55606"': "0","'N41354"': "0","'N38309"': "0","'N19318"': "0","'N34956"': "0","'N17168"': "0","'N62360"': "0","'N31947"': "0","'N24111"': "0","'N55281"': "0","'N3123"': "0","'N33619"': "0","'N42634"': "0"}"